path,sha256,bytes
INDEPENDENT_RERUN_PROTOCOL.md,b8f870fe9f201908a7020615cd04ffed4a2cba864b9164dcd89a14372112fde1,3138
audit_v6_plink/DBP_plink_kept.txt,f6a4d540d417503009afefa885f998c5c85f21f9e1132ef338ad90d0133ee8aa,2522
audit_v6_plink/Hypertension_plink_kept.txt,4985750bf0b6d9d18ff7d0c35d3c744198e0d498339ab5fe7948d98c67e50cf9,1802
audit_v6_plink/SBP_plink_kept.txt,649aeb9868741d62ec94dccacc0c110b82768b0e9641c0612deba464a8d5a3b6,2908
audit_v6_plink/forward_plink_kept.txt,e4c84909305107c62ffb19b92898cac502fb309cbcec1005ff153eaac99383e6,1139
audit_v6_plink/step8_plink_both_directions_summary.csv,16fa242adb30c34fe90473dc06ac5e0d4ac3fc32a537200af3efeb13006045d7,259
audit_v6_plink/step8_plink_discrepancy_ledger.csv,8c49ff35120ffd2a5c533e7e4c5d32afff332ab8353b3a9c1ad3c4d939936d7d,77638
body_v9_main.py,b85e772ec3a451680df27224aba0e1354decd037d85519a5547dd744a5bb5deb,43029
build_author_form_v10.py,1992596a6614a5563638e5c5966444f0692aece35991f3fe55b80d6dbaa79ab1,4648
build_author_form_v11.py,88900d2eaab339a806b1806826f1954001ce7ca2b5ffbd2390afad0411301917,4564
build_author_form_v12.py,fe8cfc947fc9805196c08f14c33253e68a8275e1527460816e7b4de1691350f1,5215
build_author_form_v13.py,23a3ec5150b4fdb6237f4ad364ca2723003387f1a30d57db3947be04a76f60fd,5117
build_author_form_v14.py,0e5f41759b5cd591f788dd02b8418384a20d6918f374b650de0b63883874ca80,5117
build_author_form_v15.py,ab119548ee83c1525c23e459b86ec26570f1736247deff1af5e082f59a52677e,5117
build_author_form_v8.py,47e96df98f77bea175c712fb07708131f4164e457e7e1d8fe28e3354ff6df2e9,2957
build_author_form_v9.py,2598d8dd77b4f4c81ac3b4c2824be53a4d56c2329be12f77ffb362b499557620,4194
build_cover_letter_v10.py,0df2f4cc5006479894968ef9441025555ad7ae2c33b8a130311c59c5fcc0f375,3563
build_cover_letter_v11.py,b1b0902c04dadc189b3a119e1242de41b96010bce58f7ea7f78ed1862c01e455,3563
build_cover_letter_v12.py,fdcf0ca41186ece110c72699e2d9099e6d0ed56b000a5c3973692d387648d77f,3827
build_cover_letter_v13.py,12b30889836fe012dd83676310a6540702d9d6ab2cf56d315d144258a7255d0b,3827
build_cover_letter_v14.py,bd1a54a9c5b2a87fc78efdab2fe07ee9c33e8176ae539227323c406f0c24cd5c,3827
build_cover_letter_v15.py,f2d023c51e6850ac5d6b7339f81859b3a1dc89b5f5fac75be78775595e1e4ef1,3827
build_manuscript.py,198211cac1f22fc81375267a07861fcb44f78f93e5a4f93c36aa11824cc3ba0f,62203
build_manuscript_v10.py,d6d3a0b4a7de96777d24e84e3f974fe996ac095e1c23eeab8bf8e6d422d74845,115639
build_manuscript_v11.py,2ee39c3c3dc9e7ea0949407002d9a8893d0dd5f58a4f05f0c8aef54d92ec909b,118652
build_manuscript_v12.py,a6f109cb7ae2fd1b4a1a60f9062f2fa082de4b8c8fb43bf3610c79e3aeb14392,128093
build_manuscript_v13.py,7acbb9303078655e818d93816a2a28a6658d72cb6360e7d456ddf3c5b520ebb7,129194
build_manuscript_v14.py,b7725fc37b25fa77b4cc54c64b7fc5637d4880bef558916c29d2110506b17140,129194
build_manuscript_v15.py,a42d3c7ead0085e53912807bd078b61bc3d982b40ce579d01a9e7f7f38cf198b,135434
build_manuscript_v2.py,a2e7be990af1dba8c1f3709982a601a883b4d67eed62e7bb201dd6aa08db3bbc,76563
build_manuscript_v3.py,ee6b92fd3450d22eb84997dbe1add84b2d09ad0dca870b89055d8f7607604453,64364
build_manuscript_v4.py,0e4b33f9896cf5143cbee482053ee2287149166c7eb3f9e77fe7a0367116a1da,53250
build_manuscript_v5.py,9a7aaa886fcdbf928e18f48f6d3f2dac1fe09dfc04d3042760c9202707951a5d,78507
build_manuscript_v6.py,c2f442e79553b1978543dc46259d46ba9e31a9f0e524c114202a906d2a105495,88238
build_manuscript_v7.py,0e00ccf7a99bc0a6f8330c54197dcb36cc3df00cd08b9c09ed67bbec7e1df3d3,95132
build_manuscript_v8.py,e877cbe6fa6beb4df6333eb660d01fad1cb5c3b3f4b634e86506bcbb7ca854ce,99812
build_manuscript_v9.py,c3fe05528a09ad23866f8c6019e76747fa9cae36fdaf202f9a27ea8966405b2c,108540
build_response.py,29faeb195ea5e882c5ede0e6440ae6d0ac9bf2ffe3aeb9818f1a4081a31d1921,8544
build_response_v10.py,a927b0231e69123449acae536aedd46d86b7de6a81fe94a7efd5e398aa407c55,20257
build_response_v11.py,be20995303ee1d0dbaacc1ba52039821240b1f597fce5349557611be9c3eaf0a,4298
build_response_v12.py,66487f9f84bae7c0983a1cb4b91c8b54ab2ef7d0dc5c5c076b36db001f95b800,18007
build_response_v13.py,980420bd9852b410248d5c430d3427ba7e172c2739706cad4407de0056391bb8,22156
build_response_v14.py,54c8688b7e0510a22df8c0c5baf890bda3841d2f69949e4e42aced49f1f61c07,24019
build_response_v15.py,6681c919eb7cede52a8c3c4bac51ca6c70ce5e98710d4c5191c3f380b661eba4,29411
build_response_v3.py,007918f17defc150cbac2a39d88915b37ac90aaf51f07a829c58631a48e06116,7059
build_response_v4.py,633b26c17db887fcb039582bb01ce7613ddef5e56597147b028a4dbf10553205,11646
build_response_v5.py,81fd52958257b3e7a790b91aa700488e38581a36499e5d6487164d19346878db,4201
build_response_v6.py,58613959b83f326d5f4e400b08d57956e318a8805956fc9693a6ae13362d1947,4632
build_response_v7.py,54da08bf2fd00ee57675f510e5fd81093cc80b787208c7d98ae4e9dbcb77929d,5519
build_response_v8.py,a8ce380b90bc915c38be3a8a8008d5949425828dfd19d1cb986b330c19b62fcd,5854
build_response_v9.py,2ecae2893fe56abaf1b9aa4e9e5f13176b6591d9506b2913efb44c518623a87d,26610
build_strobe_v10.py,e71194f1e177226889bb9aebfb28c56334d5d66201367937dcda2cdb29c1c6ad,6843
build_strobe_v11.py,07a3ec566d4b8fe50fc094e3a4b3a983013420fef16e369a8a94ccba28972509,6869
build_strobe_v12.py,5322a2fc7539fb14d97cab02acd27796e9da565baddf76e81d7086c0ae9303a5,7255
build_strobe_v13.py,015fb7d0e07ae365eeccfbecb3de67e4969c22d492ff118864220881c13f5886,7388
build_strobe_v14.py,f3470290a2409b6fec704125fa432bf17fe4c56cdf1612988f81c58fcb55e7b4,7388
build_strobe_v15.py,296845d0bd352215cbc5ca2053ec7d065b5d75aa6d920658c60691afd5467231,7388
build_strobe_v4.py,2ccf8e1478ee387cde0be9bc72b7fa3806ca08f5a8dda6a8c3282f13db918d55,5021
build_strobe_v5.py,01f6e0ce757ad7b837b65d1edc7e2b0f892c19043b52af06245c1cd5e8bf599b,5208
build_strobe_v6.py,2fa6a7bc4482549414457ae88915270eecbe6ee23193cf3630b75c2a405370bd,5952
build_strobe_v7.py,ef52e73d525f405571bc5057be15686f79c83d88d48a97fc1d7c71bcefca243c,6363
build_strobe_v8.py,9e3c4ee7f5e138dc7061a5ee77ad11ee60a5f5522be141451d39ceca2d386618,6484
build_strobe_v9.py,b7d14ebf8a74247ff34acc4d70c4f32061fbd10b0dc1d76d39e223958e4b6913,6725
build_supplement.py,b1fa17d956659f3a1c1fa45af6eba59bee0787523e3dc680b91eb463f89f6331,5658
build_supplement_v10.py,d72b6324aa618980861ef1c2b4fcbdeafef05285e31c8da697fcb35ce214bb17,21552
build_supplement_v11.py,7667a8afd2dfd44c80ab09a98af431605788bc9694d5254c56c52c3907bda885,21552
build_supplement_v12.py,5aebac515320779af45cfbf5ee333552c2e255bd15b056bd25f49ab6b706013a,23143
build_supplement_v13.py,d4a321457175d990e117979ca56cf7735da91f24c7267f9ae80f969cc52140e3,23251
build_supplement_v14.py,8c2fd38716670d0952d4d1be913b30c15d77e48a7b0ab41d6c921e0a36aeb755,23251
build_supplement_v15.py,ced98d06a3a8408828ba1722caa595997ffef43708548673955363f7fc3f976e,23251
build_supplement_v3.py,c6d33894cbd6b676dac5921ea9fd36f6ec7f401fd1918ae703d8470b3bda69af,6542
build_supplement_v4.py,e5ae4282b7c5ed66887e8c379cfcdd8577408d1af75b247cf370a5d4578c715d,4989
build_supplement_v5.py,88102a8988292f431ec665e8140a22c7a4910d66d9e1829c4cb8bc6f39d70b0b,8543
build_supplement_v6.py,8ec6efbee0e33585231519fb785a4f18cc6e38bdc0623bc09931d74465423134,12045
build_supplement_v7.py,453f3afeb3c1321f7bc5e07c9ff764cc2fe02ff5dae334489efc495475ba4ed4,16062
build_supplement_v8.py,7eddb962c23e902302fc17a21ef5a5dc48871335eaa8649f941695192415df2b,17422
build_supplement_v9.py,2485d56f1252ca594bbd1fdb3568ab4f492202be908f9b03c4304546baa11258,20346
coloc_v10_htn_modelSE.R,321296465674e1ff23cc6d346a46ff0ca6fa01c99fffd54ca140950e9ce29df0,2081
coloc_v12_htn_conditional.R,3bed5f84b4875b39c5785943be87d86130a19a4c8239004bc0bf4233a69e5b25,3667
coloc_v3.R,835ed05a5580126e22a79ac5ec9f3c3c1b371ee4bb05ee02f37db5589c7a9687,4617
coloc_v4.R,56e3aa1a0587cdd4ac0964cde09a675d3ad43f761b74742cd4d953ab0da06d11,4505
coloc_v6.R,c954cb4f13946fc2e3e30a9fa8f90c1608860cf8c99daf31c8ae3f8d5b197ea3,4174
coloc_v9_conditional.R,857f40344315159d840aec4482ada83cf18c448071b5df1748d5b4049462ae03,3587
fig1_workflow.py,a050b598d75ce2f38a5ea815322a1a701535752e3b9620c3febcc8e7a0e9a427,2540
fig1_workflow_v2.py,082ad628e14e61afffea01c400880b7182deff8d912b910516428429a6d5e786,6599
fig1_workflow_v3.py,7f352dbae2c9e85ab392c39ce052ccc97c7d89eb72ffb821750567c5189aedb6,6884
fig1_workflow_v4.py,0e64c0cb46a615a0816e6545f167d1f9dce904edabac669fa66693e9189c6cad,6870
fig1_workflow_v5.py,661350b09acb325558d4ca473a0f60e5cb4a0cc9c4eb09702510a2f10bad6b79,7578
fig1_workflow_v6.py,ab7af9dcd93f05a3a39dcbbd8a138e6bd611d0042ed386557099434f3f37e1a4,7081
fig2_mr_v3.py,6b809942a1cf12f6a0d3346fa265b25b6c1a8e1962a69c8de75ef88425b188c3,9868
fig2_mr_v4.py,22835ced3b20d8bafca1de6ad7e3b61319d1a73f97055cdf4ca29fc952a6de26,10156
fig2_mr_v5.py,76bd29d12230fad5c331e363403513d8dfdbec5dd281b27f1804bec83daab159,13142
fig2_mr_v6.py,05d8058a5e587e1432eebe80e6d6ef46f8d2baf6ecd2f7358b0d276d13a96ddf,12518
fig2_mr_v7.py,619897139185b99571b3d41c127af2120fa41bb9df8d351d7223873e1ab6f52a,12797
fig2_qc.py,46201150d03da2b2cc306959c38743e40fdbdc0059ac4f97704465a5d985ca49,3801
fig2_qc_v2.py,34ffdeaa46606ed5245daf35571bad3fc637f6241d8054bc4592f80ab9f94891,11682
fig3_forest.py,e8eba586ce8f7ff7fe41cfa7293a45ed30ef0d441482025cf00a76d187cd4a70,4350
fig3_locus_v3.py,416c66240b9f0b0274659e50cce9b3dbf48566ea06a933bb2e820476b32b8b39,11753
fig3_locus_v4.py,121e4865ba4c1133c0fad427f6b6567758cf8a3499b95af7b769b98282bf3606,13144
fig3_locus_v5.py,9a51b87fb63316836f899f61daefaf54af2eaa839d3cdf947c6624f8f30d13e2,15350
fig3_locus_v6.py,c8b2d884bbeccfb60a480f68fe56f42130a16e213fd1a87e5271cb0bd02a443e,12855
fig3_locus_v7.py,f777e09b590ac3c3fd8db3e144ec26370ba649146b2c78f1df0e2dd631b3cc1e,12860
fig3_lookup_v2.py,b8ec161400daf9b14ea23d8a221f4a477b76c3e7fba9fcad91ad2311fcee3780,11248
fig4_ancestry_v5.py,d1335667d4173ea83d2ee6c0cedb654efac47c95e143c549e60963d419f21308,5761
fig4_ancestry_v6.py,ca83d561ee03b6ea9d96f73b36f60c3540186135f5f225a3e1e55c6eae6d283e,5421
fig4_lookup_v4.py,3b28b8173c163c2503720046237e7924f96708eec7873d3a399ce4f5e458a948,8084
fig4_mr.py,b097f4cce88a39f364b734df770f98d705fa6181f35d5210e97e3ee77ebd70a9,5479
fig4_mr_v2.py,1be69fd148a5eb9f1cb0718714d67fb172b381276a652de6798271a429fe7418,14611
fig5_locus_v2.py,1577616f8f81bd03ebea1418712b597204d843509a3654c6ae5880dfb89e29c2,12031
fig5_regional.py,8337e648d9ec516becadf42e61daea8b76bc12cadc5cbd9c8a3c8585d7ce876b,3413
fig6_expr_v2.py,e59822b6df5d0b22e78183a70ed70b418c257807fc11d6232343a45aadc3c221,11565
fig6_expression.py,c914c8ac2d5145504d18de8f5ef390b8afc36cc25570d2a1bb2c530496b953ab,4526
figS1_mr_diag_v3.py,b940b1f34b9cbd9571bf0e3dc1b5b6427c325c3a1051f9a309f6a38735f6cc80,7585
figS1_mr_diag_v4.py,24733108910a52b6007ac81f7a11c5763d8e9ca8c47227eebf64c72fe75aba72,7596
figS1_mr_diag_v5.py,66a16abc07e2bb24749fcdc7e57834be9aef4e59cc3234cfdc34c7302449cff0,7869
figS1_mr_diag_v6.py,a50125e2cae7901458abdd40e7820f890b7b5e0f2a30eeea6b7eca55aba86de9,7861
figS2_phenome_coloc_v4.py,10946d0c3db9f260e289b03dffa2b1fd7d6aea7afeaf0666d1a03dd21af89bc1,5243
figS2_phenome_coloc_v5.py,0c88d726eb995a5f8c7ae162a241352a7255587a1632aa2dfd56aa1e903978cd,5283
figS3_mr_grid_v5.py,dd80ca6abd700cfe49f2675b974f78435ff08ef0a8490f261690b3aee80cea5b,4290
figS3_mr_grid_v6.py,1dccb9e6ce63a1af46e8455d779362b905798ee4be87e170f6793c47f238a9a5,4354
figS4_coloc_grid_v5.py,76ec90267b67ec9a591dee0fda9a3ab05ade3b69e9e89158d821f4320b7f6ba4,2328
figS5_alignment_v5.py,8d3e27f846f41513ba5b76191c187ed5aabd4c78caa568e5fb7bc6c363419f82,5541
figS6_verification_v5.py,2dee20d9640734f87361597be14efb9f6f17361e82d39a00c9b3a6937883d72f,10025
figS6_verification_v6.py,51656abfbc945813d2f2e8a889abeffedbbe890fa82c4d7f49444e9b63ed381b,9225
figS7_susie_diag_v6.py,9c171d2d2a5cbc19567f36c2adc08ae5e7e06c7fb929113f6620a711a6a71f48,5339
figstyle.py,68f95afa419a407d960462ed06095ef4e3a4bd1010516d9846444ead93dc4530,5088
figures/proof_report.csv,520ebc03cdfb0f0fcabb4c3830ba8fa03595943e6c3789beed113b1c0f1c4744,823
ld_ref.py,ed9b478d7418bffc4139088c3445cefa831f0e63b91e6316dd5366cbd9f14f5b,2561
ldref/eur_instruments.json,6540b8caa59529264e03cf155e887a7747fe520ada7815af276d3b305073ee9d,353480
ldref/eur_instruments_absent_positions.json,1e3d4f9257f472c919259d76d6f6ae8d264763fa0f5e595ddb3f21c490ce901d,73
ldref/eur_mvmr_candidates.json,e54595d4d11e9c7bc606b6733a65f4a2d986033b7fcfc1e7918711c03baec7d2,127566
ldref/eur_region_TERC.json,0c2a0d39c526f625cfd492a68564dcb4b23349109172fb42656685b4a3801c90,833029
ldref/eur_region_TERT.json,9efe47621ea795c3be59c3b629d44e7bc7eed387f748fde4ac5371010d513bdf,1381299
manuscript_body_v10.py,a703b0f120dcb9f8eca3fd3dd34b99a8cd211c5b27318a5b27e330399883900b,94302
manuscript_body_v11.py,6a5f6493937a8f99d55a679024dc183a9573eff9d92ba4aff23a51e7ed81fbd8,96846
manuscript_body_v12.py,44ff18a387662a9bd34192ece297f613faf700b98190a10182b214c35b408bf8,104671
manuscript_body_v13.py,df4b277158ef855a25302e2e9b1308b4c055ce0cebd525230be341708bf3dbc0,105571
manuscript_body_v14.py,c2c8cd4cc8c61f7729c318e8fb1dfa0b5097000da434478e3e7a3e893126f9d7,105571
manuscript_body_v15.py,05b98888b706024c79b1ae60c7934f25a953347aa239cafcc1a06779b2b568cf,111704
manuscript_body_v2.py,203a9036fe35180ef46cd3c6ebc12725ca4585b8325a0b280650f158c23b0ef2,59905
manuscript_body_v3.py,e514edef4b34efe60af0d746e93be362f5c145f35c630d0c5ebb5ec8459af242,47706
manuscript_body_v6.py,73b9b121c8aa05398ef731bc87939af11daa91917676855794ba369faaa68d13,72633
manuscript_body_v7.py,1dda2bc9df00e82fdbfbf4fc4febe7555a1b095d9f2d797930299ef41c08f3b0,79356
manuscript_body_v8.py,edb6bf3d56380da003d701c26f0304d7e6d936c8c752be8706e9f6182bf37a90,83586
manuscript_body_v9.py,4a6e761dbc7feaa64c7a39b872f5246214d36c9997237cc348adcdec7a87a790,88749
manuscript_header_v10.py,c19b6e69afd2f65e4c4211f3e3ea01d1ce5696ffabc85a08304f2c887af99bd1,21337
manuscript_header_v11.py,25153f40ab8b51152f1b15ebadc8580453cb6496285fb05bf2120853b8cbd78a,21806
manuscript_header_v12.py,0657bea303fb67f85400020ea53a3f8b4fb67541376b7cb24168bbe33f8ff9a6,23422
manuscript_header_v13.py,01fee20ca9ed54b06c0ca729f9b28b0c6e75a6b4a6e040a5ee7a9a6546c24c16,23623
manuscript_header_v14.py,35c394c3e568539ae74d5471419f9948a68af0574f23077d9901fa4eadb49af5,23623
manuscript_header_v15.py,00cee039a7db47b3423bd1bb92a86e126bd5facdb05526809e22efa9596b31c8,23730
manuscript_header_v7.py,2fd03baa6f4e41c33f8ef8704574363091756168fba9f2c27c6ab76e31df2f0e,15776
manuscript_header_v8.py,570c8724545b189e9bc12acd2f5f1b1e77f59b27fa11a70d1023c62ba6f95dca,16226
manuscript_header_v9.py,2b833800c0b2c8e33eec2f2062fc7f9d9e4ba0cdd7e573aec5874c61ae708f61,19791
mr_lib.py,dad36d8daa8f45f24463a0a29330f75fb30fc85d037bcdcce32e61d5bdc97252,7350
mr_v3.R,90a1a02ccca33c4dddc15af7935ad9398319807fb6edbddaee08e6da87e9c6a4,7305
mr_v3_python.py,86660f76e01a9f9e904ac57726e89ebdb5d1d266537e1e77e92309e8751d62aa,2470
mr_v4.R,9e5c0ec393eb4e710a36bcb22801bbb1b4d0230013f02bda099c14697588418f,8025
mr_v4_inputs/forward_codd_published_D_mvpEU.csv,3cb5faf7425cce3b52023590f62fd5ab5135ac26685412275a39417f6d876df0,25662
mr_v4_inputs/forward_codd_published_H_mvpEU.csv,a0a4b8284f145625e44642490d8640e94c7d73bc5c323d281e0d05fdf06019b9,26725
mr_v4_inputs/forward_codd_published_S_mvpEU.csv,2863fa026bce9f3da32811163588ae9c6f5b2d33186596b670d459c4e2ebf7a9,25671
mr_v4_inputs/forward_no_terc_tert_phenome_clean_D_mvpEU.csv,9c6f430713ec1d4a44b02f898cf1733c108f07809bbaec48029644067d0cc21c,8630
mr_v4_inputs/forward_no_terc_tert_phenome_clean_H_mvpEU.csv,2df9fb6285b6209ecc0c76088c90deef9ed5c6afec561ab78fb7c07d38a75c97,8979
mr_v4_inputs/forward_no_terc_tert_phenome_clean_S_mvpEU.csv,9c255caab43d2786740cfaac4145df95e4c441eb1ac5fc347973a6b6f5c84e5b,8634
mr_v4_inputs/forward_phenome_clean_D_mvpEU.csv,1aede5cfbf23632c508298c8afeef51a500bac34b6bb4045525b5cb350114086,9043
mr_v4_inputs/forward_phenome_clean_H_mvpEU.csv,956e8e1e4b3cfeea4c52e26727f6ed8185d147c9b970a43fe6265d1604657ce8,9407
mr_v4_inputs/forward_phenome_clean_S_mvpEU.csv,ebf8aff3b462ede5fecc252ef7f3b3f8918681579f3013517d0b2faab259bab9,9047
mr_v4_inputs/forward_r2_0.1_correlation.csv,580c4363efd6bb61f0c8b3c467494b10621d7d0e2b787dd353eda214f729be53,376832
mr_v4_inputs/forward_selected_r2_0.001_D_bbj.csv,5c52ee0c04c7dff94e29250ddb8b2598da8ceccc69ada8dfcc2423cb208f40a5,18645
mr_v4_inputs/forward_selected_r2_0.001_D_gh.csv,b3bacaefd4993a31b701c1f912b5752fee274e1a167766db8aaeef2c30c57aea,22532
mr_v4_inputs/forward_selected_r2_0.001_D_mvpAA.csv,75e60dacf729b4edcd3ce5eaed9d878d529ace5ba1a8dfe45d197dd4e93369f8,26420
mr_v4_inputs/forward_selected_r2_0.001_D_mvpEU.csv,6d6b12f9e1b5e954f7ff4eabaec417974a44332fa29b91ad98e4fb97aeee88ec,25376
mr_v4_inputs/forward_selected_r2_0.001_D_mvpHS.csv,78a9e85d7399c9692e85f4076a6fe35fbc521455171e7e61eff49fadb41757e3,25511
mr_v4_inputs/forward_selected_r2_0.001_H_fg12.csv,3725ec753456cb4166157862a24de581a54b0863597973604a9fdb387f3c57c1,25710
mr_v4_inputs/forward_selected_r2_0.001_H_mvpAA.csv,507f24b3881446d14e363bb26f1394a3616d46aff8c3c8631e541b5ffa5fc12f,27395
mr_v4_inputs/forward_selected_r2_0.001_H_mvpEU.csv,75ccfb084b69a7b26b62dd8d3bfe72e467673b083fd09e4df252158d61c7439a,26292
mr_v4_inputs/forward_selected_r2_0.001_H_mvpHS.csv,f95dcb727541940251328dfdce3a25d53caf387f4d098473ced08528887203c1,26242
mr_v4_inputs/forward_selected_r2_0.001_S_bbj.csv,f4ca3ef76e66075ddf7062619e83748330f1c0bc976f18e141d05da771a439a4,18649
mr_v4_inputs/forward_selected_r2_0.001_S_gh.csv,10289f6a436fe08249cc04b8d0ffd120f49f72639a66c8f4c82b8a6c01ec3252,22537
mr_v4_inputs/forward_selected_r2_0.001_S_mvpAA.csv,e49a7d1c20380f7faa8a9e3c0ed5cfd6cde63655bda9c8ebc3d33c597f0e83ed,26409
mr_v4_inputs/forward_selected_r2_0.001_S_mvpEU.csv,82ad2172d75451b1b26f57d9dc8f12b03ba6be43a66eaebceecb0a38cc8a26d2,25371
mr_v4_inputs/forward_selected_r2_0.001_S_mvpHS.csv,1c4c15d2b1a477164ad66544be54d1a8f1fe27f9887b8cb3d9d354192a197895,25521
mr_v4_inputs/forward_selected_r2_0.1_D_bbj.csv,082bf93e8c7bd26c082a19103becad40873e1c33de6047bf6ac366d8823a3e19,24064
mr_v4_inputs/forward_selected_r2_0.1_D_gh.csv,3c2d897dc60ae76a6e5e0e01cceb83805fe5f8b750adb005c92f95fda44a8653,31968
mr_v4_inputs/forward_selected_r2_0.1_D_mvpAA.csv,47067d637ad5608518fdd2431c27605e4b1d2b4613acf94e333e683ecffe9b4f,38669
mr_v4_inputs/forward_selected_r2_0.1_D_mvpEU.csv,c230adadf7beb3d3ca4db5b09b605cbd58a4a1e7a86f04808d7bb7cdd1ac2889,37326
mr_v4_inputs/forward_selected_r2_0.1_D_mvpHS.csv,738c7e30c7d0a9c3b978a0703f8afa5a79fdac25c4e49d150f18f95741841ba4,37325
mr_v4_inputs/forward_selected_r2_0.1_H_fg12.csv,370bd586c1a0384a294e6880763d139fcb5a7432a5bf7637f3ac43cb4d968c81,29133
mr_v4_inputs/forward_selected_r2_0.1_H_mvpAA.csv,ef5de650f72a224be5f9cef8fa2698bb6218906a7495f06008d7a8ec547f7370,40118
mr_v4_inputs/forward_selected_r2_0.1_H_mvpEU.csv,2e55984480380f14dc746482b7227d41ff7d256f23a452cda7041cfc64903710,38268
mr_v4_inputs/forward_selected_r2_0.1_H_mvpHS.csv,92db3bbf90c19ca792ea50946cf3b3542aec36c57ac7d30a8d371692f1f684c9,38309
mr_v4_inputs/forward_selected_r2_0.1_S_bbj.csv,dead985db8dbe856fce7f63f07c34dbe49c88774b5ba8382f54b8a33b75a80c7,24075
mr_v4_inputs/forward_selected_r2_0.1_S_gh.csv,1c1005475384b0a7c353516679321f2cd40c98c724a311edbcd3606a5fea62ce,31983
mr_v4_inputs/forward_selected_r2_0.1_S_mvpAA.csv,08270ee60d01075547cb540b2a946f62ae257594f1eb8640ed68404ca49be329,38686
mr_v4_inputs/forward_selected_r2_0.1_S_mvpEU.csv,0f5ec2a8120965af632c7c379f468b2993200f149c7be578a842ee386a74f8b0,37327
mr_v4_inputs/forward_selected_r2_0.1_S_mvpHS.csv,c2f315525214f11d18f9fc656ba735605d06caa66c7cf0cf1b1c7943108ad336,37347
mr_v4_inputs/mvmr_instruments.csv,0720c3559c4dd81147bbd4b6c77eaceddac5d09666969e2ff4935f547e003ce6,125422
mr_v4_inputs/reverse_DBP_L_codd.csv,382ecb190d11207ba8be1f662275c0ea8e73804607342cc4d465e1aae2b0cca7,40013
mr_v4_inputs/reverse_DBP_L_nkSA.csv,ea3b7e0d38e73372615223cc4325df82a047304c19a8b4252bdcc9e956f94785,34788
mr_v4_inputs/reverse_Hypertension_L_codd.csv,78265555fc3d63970b4d692d509c973489a387ca80f6a229c407bc9b0443ae73,25454
mr_v4_inputs/reverse_Hypertension_L_nkSA.csv,8b5fd3a53722ea740c7075b3c565dda11250752392da118b5d8da32c9f2a53f1,24163
mr_v4_inputs/reverse_SBP_L_codd.csv,8b59ddd7a8d7e6f64239d87135f80c406a0a8b686d640b2d3a8e864e31e83301,46297
mr_v4_inputs/reverse_SBP_L_nkSA.csv,cdcee5583d5ab73560e294904a062f742da6d88fa93738ef7a49b662ea98cb46,42795
mr_v4_inputs/snp_level_D_mvpEU.csv,63618cc44c4183b812472163edc0346f983143f1e4b13ca52ba16c6be9273b21,15362
mr_v4_inputs/snp_level_H_fg12.csv,8a8671ac0dfb215955131ea4487b873874f286595e1c18dbde1f774fcaa80ad9,14513
mr_v4_inputs/snp_level_H_mvpEU.csv,b308636fd914ecc91c32f73bd9cd8b2fed9a33c58a81cfdc8c42a5f53d2cb4ea,15332
mr_v4_inputs/snp_level_S_mvpEU.csv,08c181cf9949e6775ff6fd01e02e3ca1ab2a1414bf9a2351d6334ddfe5f604a3,15341
mr_v6.R,3feeb6f35a77f0dee57a87c97b68f106340fcf30e4564ac5b17321ff00b27c11,5950
mr_v6_inputs/forward_plink_D_mvpEU.csv,a7cf6097f90712243dd33a442073fbb539cef4add3cabd1a3e5345358abcaeb8,23019
mr_v6_inputs/forward_plink_H_fg12.csv,4abbb73c4b730587d0653a5e5186e298800cd7103a8cdd2d1332c7afe1ef5180,23201
mr_v6_inputs/forward_plink_H_mvpEU.csv,35f154dd4fa2cfbc7e58b7142f41431496c04429e9c7d5570349d414ac376a77,23914
mr_v6_inputs/forward_plink_S_mvpEU.csv,35a526c2dfdbef07f9b13d23c30a11eab66aaa3d717775c3003a5b908b81c3de,22982
mr_v6_inputs/forward_r2_0.1_correlation_dosage.csv,9871f1a6f7d77cf21a451fb781d736dd66f5f7d40251c46b2944fcd4003031f9,372759
mr_v6_inputs/reverse_custom_DBP_L_src.csv,98eb86e59fb6f0a08a96cc7f49c67d9a96e2aea8cbda8c1f8278a17a00dc3ca7,40418
mr_v6_inputs/reverse_custom_Hypertension_L_src.csv,e7874188e8adc95ed7d06da28e282c2949b10a77351532c8103edb81cc04125e,25676
mr_v6_inputs/reverse_custom_SBP_L_src.csv,8dfb7aa2a5f9c1fba9698eec040859194262bb4ed99bfc39a443a72fbbdb90bc,46700
mr_v6_inputs/reverse_plink_DBP_L_src.csv,d3691e635e65ef0914da11ac4d1084fdc70b0216dc9f5b1fb0471e71415f8580,35675
mr_v6_inputs/reverse_plink_Hypertension_L_src.csv,110c8efc11a390b2eed1b93a05a9ce64458a17f41c8ba3d60d138a73f01e8a32,24438
mr_v6_inputs/reverse_plink_SBP_L_src.csv,6bb11992853849b2f0485531c713f61ff523947043837efb4c67c466b6bfff78,41121
mr_v9_inputs/forward_nakaoEU_weights_D_mvpEU.csv,48b7352293b485b8db7f0cb4ac5615576bc1301c4dc7e0011e691065ac4b8f6f,31104
mr_v9_inputs/forward_nakaoEU_weights_H_fg12.csv,3823504badb3d2ff0cb7525d69c616fed1f02b696d7536e72d79edf2e15710e3,31718
mr_v9_inputs/forward_nakaoEU_weights_H_mvpEU.csv,ac25b15510df0e44fe06621fb47c99e8d732678e0a067ac06b9dbfe11f4baaab,32067
mr_v9_inputs/forward_nakaoEU_weights_S_mvpEU.csv,ce478d4a16686f9a937b2f66d8b8826fae096f5cae0dc4cf967d5445b5fe2001,31086
mvmr_condF_cov.R,f3ae49073507b031fdc8dd9741cf17361f73577c35b29b9278cfcdf3a492f98d,1712
mvmr_v4.R,40ae33c15e72eb6835afcace763e059a6eb7baeca7996ec2f8ffe5483a17e3ea,2748
mvmr_v5.R,551563c354a359bedd14445ca35ee1647d9e0a257d6a354e375209f5258cc611,3770
mvmr_v6.R,ee74928f2789ed571f254b1220829d2fee04e82c3a75ae6770d5f8d796ca6984,4965
mvmr_v7_qhet.R,d1e05fdd0892c324c87b7456841879d22f3840235024a1aa14bbf2515ef3c2ec,5409
pilot_tert.py,8457d1bbd39f7247830209dc5f123616a55199047a6020b41d0518b50b5300fe,5606
plink_clump/DBP_plink_kept.txt,1c2ae4082539ff2e02cb4530b53fd4036c74e7f290d4a6ce129e4491d681d99a,2510
plink_clump/Hypertension_plink_kept.txt,4985750bf0b6d9d18ff7d0c35d3c744198e0d498339ab5fe7948d98c67e50cf9,1802
plink_clump/SBP_plink_kept.txt,5ade25850e8442d2f65d89b9325265a45594a84362deca21a7ada49f484ff8c0,2896
plink_clump/cand.log,1523d7acd909f12881c608fa7ccddc2448bcbb4b50003fb0796afa4daecf6bc4,1000
plink_clump/clump_0.001.clumped,99d7c6f97da56d2017d259134696c71efd69a0dcab3b3c1a3bb26954ae6d0e9f,11078
plink_clump/clump_0.001.log,e957d67cc930ad53738a87a8c2d74ae5c3e1d765d8370305264d2d30a4f7433e,985
plink_clump/clump_0.1.clumped,eb076a09d064cf1f8948073fc8e48178f5b724407f0242343f3688d5be1e76de,16366
plink_clump/clump_0.1.log,82029b4601794db77054c4bc812ccefa0d5bdbcb907b7d7f69ee4abbea1c9587,977
plink_clump/forward_plink_kept.txt,e4c84909305107c62ffb19b92898cac502fb309cbcec1005ff153eaac99383e6,1139
plink_clump/fwd.log,5e737bcbd425846ce8c778f55893219eceff256208db744a44abef3fd838525f,991
plink_clump/fwd_s.clumped,99d7c6f97da56d2017d259134696c71efd69a0dcab3b3c1a3bb26954ae6d0e9f,11078
plink_clump/fwd_s.log,fdc3c0bd692b95b97bd68137d4355c94bdae671e7b69edf282927e32e159c337,965
plink_clump/fwd_v.clumped,1a8fbdef9eb7402fde06d052b1a36f42312353b51e4374ce42e272621f0f0f31,38892
plink_clump/fwd_v.log,9b11ef26e15397d8032dc9f6e38d8c57f52bbddf4006fab7c0dc4287e7a4bdb5,983
plink_clump/pair.log,62f28abdfb9987fd3599740b5e51eb9aa4a2ef71124059ffb8d2d3c0cb3a4480,977
plink_clump/ref_dbp.log,c44c2e09648a18f4c611d048ab60eec3f1f2b7890979b506981a5690b750c978,1027
plink_clump/ref_dbp_s.clumped,bfbf619ea399fd81b2560949755f859a5c2200a8ddb85ce69f52d839d32fee73,27855
plink_clump/ref_dbp_s.log,3f4ff3ac56ec884a9eb36c002b7d221286cf5e5318edb3e0f2707c71500484a2,985
plink_clump/ref_dbp_v.clumped,bde3e1a4be436b9ad13e7eb1f5f22e598df67896cf4d4548c1c968aa75a4baed,124944
plink_clump/ref_dbp_v.log,d650f76ef0b97ccc2b8ee71a5bc64f884fe1a67b246d58ab4648648a05e3f39f,1003
plink_clump/ref_hypertension.log,f38eef8a779c8d167571aa1581b56c4e64dd0d93344ba65667f8f6931f6f5d77,1108
plink_clump/ref_hypertension_s.clumped,896522e0dfe922d7de001bf2ca7c081da631884bf08ca7e88c16cb3914d7d0ad,19563
plink_clump/ref_hypertension_s.log,6121cf82fb416374293d1d9b991ed4174cf1a06ce4b599484f3929c83c81f889,1030
plink_clump/ref_hypertension_v.clumped,9aeb1ef266cdb9c6e32202e4390c8bcf56016d7b3e13271f0f36fe937e7d8171,87132
plink_clump/ref_hypertension_v.log,54cd49789efcaf871bc064677c215e8d78ccadb12ba3e7fc199651f6c4d4c668,1048
plink_clump/ref_sbp.log,f72df14cee160944724d773c90c29990614244901a9721e5f2c771f5587ac045,1027
plink_clump/ref_sbp_s.clumped,a1a091717860763dd83ae38e83800701b033b9ba5bf9256392b139507772a602,34011
plink_clump/ref_sbp_s.log,c9c231c9dd815fd6408b6d07461c9ea77b0ff262e95970a849f46b4947fa2b3b,985
plink_clump/ref_sbp_v.clumped,90c5a78cc9af7fa40bb83015fb477466996474225811d5b31289d306acee2bf7,156166
plink_clump/ref_sbp_v.log,201a5b18c1b5660f6df94c57890b6f5ed2a424aeff6ae8925445ffe7a6193193,1003
presso_equiv/D_mvpEU_B3000_s20260930_RSSexp.bin,db90ed66cbea980030ab612b223fe8f29f35b334074bb18616e0c69a662b6f13,24000
presso_equiv/D_mvpEU_B3000_s20260930_outlier_test.csv,c6418ebfc7f708dbde9b6594d4f145e92073e65ac342e4fe297c2ed731f37e93,5247
presso_equiv/D_mvpEU_B3000_s20260930_package.csv,0a9807450ea39fa09af5cc50034109a0ba00fa46ae0576459c0f303017465836,566
presso_equiv/D_mvpEU_B3000_s20260930_random.bin,7940e343a8791ae872d189ce68e99fe4e34e855ee5e051613e8d310c64e6d113,5568000
presso_equiv/H_mvpEU_B3000_s20260930_RSSexp.bin,29437f109baee4944a603bebc0f6051ec5280e44f35dc0b2ba192a1fba2597d1,24000
presso_equiv/H_mvpEU_B3000_s20260930_outlier_test.csv,ec3d02275bccc5edf081902796670fd5b4e35e1b1a738a9a2c67de6f8e923843,4987
presso_equiv/H_mvpEU_B3000_s20260930_package.csv,a1e2e33586ce17175f425fd5176d67b42f56ddcde76168f5dc15822deb09bfbc,454
presso_equiv/H_mvpEU_B3000_s20260930_random.bin,75d5be7553d5bd5e290d1eab3a07d61758c04e0db482dabd0052c84a3a77c2fe,5568000
presso_equiv/S_mvpEU_B3000_s20260930_RSSexp.bin,c4a854036257cf89d33a13cf6a47cd94c0380c016ea2dc43806ebc3c733e8773,24000
presso_equiv/S_mvpEU_B3000_s20260930_outlier_test.csv,3c78c2ff48ad4c48adf34f2d52d2383b8ceecc2f73102e3e99fb7b6b52492e68,5309
presso_equiv/S_mvpEU_B3000_s20260930_package.csv,96ecec3a0ee2af76aa9ee71ccd15cbbb95a82bbd7c709418fc01dca804032dc7,578
presso_equiv/S_mvpEU_B3000_s20260930_random.bin,0b10af9d5de0a3f3d680d42fe57c9f32477e20c0d62364fda4d838bff4f51a4b,5568000
presso_equivalence.R,db306f8aae3f38ab3a1f0c4462b34d13c0ec99c5805f21c21e59556bfa7a7b2b,3208
presso_stability.R,518cf22b1bfd70bd703f4e43346ac09f4db0f09f2c2f7281921188e4a926b043,1268
qhet_bootstrap/D_mvpEU_rho0_replicates.csv,a9c1d14ca15dc26a2659adc5e32fd69250ed736066d354afe45490b94335fd1c,74853
qhet_bootstrap/H_mvpEU_rho0_replicates.csv,cec350b2f46994452b322da579e49cfc98e61985e251d47925878470fe1d96d2,73605
qhet_bootstrap/S_mvpEU_rho0_replicates.csv,4e0bdbacc82f74c25669b72d04b52aac98fe567fc378f35e369ac5e73da6182c,73764
qhet_bootstrap/qhet_return_objects.rds,f762d4f80bf26d21f168efd60582be72f852df49b48575f679a862f98730e4a2,677
ref_MVMR/format_function.R,b6c3ea754724f6a56515a31d38e427834c84dd7ecb43c711d699a016c7c55a35,3621
ref_MVMR/ivw_mvmr.R,f2abf8c08401d2832fdd829969bc344a15c7852267433cfb139582601d434b2c,2967
ref_MVMR/phenocov_mvmr.R,6d3b36d057f82477bd6f4cc2d03f32cc8a088fa32ecbe9a1dc7c6a4fccc2abf4,1494
ref_MVMR/qhet_mvmr.R,7039c2dabec7647e3571c058c27e654ea17d5b0fd7f6aa94de8e482af014633e,5809
ref_MVMR/strength_mvmr.R,1ef130b075cd7b7d09759044815563b8a2bc26e6aaca55206d238fec55736565,5791
release_v15/environment.txt,adab4d9bf5b26093fe2cb37d31655adf3e87bff969c292d46d2a97ace855f590,705
response_v5_entries.py,a3316f3cf798c31d1e33c6f42499f6ee3c3a99c837cf3da5b33881cf891a66b0,26470
response_v6_entries.py,98e996df48f6fe0cb30631329804b3eadc12de3a6367366fee8ffdbe141903e3,17313
response_v7_entries.py,3e9a61efed52928e2241bd98b21f45bfd5ea05b30e545e060410274ee290e213,15490
response_v8_entries.py,9b0283582443493faa31fd3cccab8eea764dbd7e4bf559b3c5edd7a2de99be5a,10934
run_all.sh,767b5dc9cd97a7a8e62428559c8ce0f5202260d009eb283cb009f306bb2d16dc,7823
source_data/codd2021_sentinels_parsed.csv,22dffc58eca04f6eb71bf6934cbc80c47b7a8b7164ddf1897087d5801e15dac5,46066
source_data/codd2021_supp_table1_sentinels.tsv,52403faf34d86e14df6da4ed681218ad438978761e19e38dc764011965d2a699,43485
source_data/codd2021_ukb_ltl_reverse_candidates.tsv,238ecccbfa376466d3f16fae8c9f3aca834321e5d2a80522dcd4dc2b4ba714c7,85409
source_data/codd2021_ukb_ltl_subset.tsv,2387b85a67715c07d5239d357bef574412b253073c9779c118ba84a1f6dc8625,3459157
source_data/crossref_hits.json,48f61a929f5b09fd2dc1a13a9acaabbd6431b4e87d84b5ace1aaf7cd161fa43e,27486
source_data/crossref_refs.json,79b80dd421fc2da32e52304c9fdd3a33cea2c42467ceffd48012367d0070aac7,17925
source_data/europepmc_reference_check_2026-09-29.json,92fac71e14658a319f704c3e9c9e3ec7f40c789de8cf445810255ed9521ec269,2125
source_data/finngen_R12_I9_HYPTENS_plink_only_8.tsv,2b209a275f0d90e9221fb05e495f2cc706995df582eee8b391777ea8752a2a85,918
source_data/finngen_R12_I9_HYPTENS_subset_hg38.tsv,57c8258105f3ab94ea45e89a2407c92f8f85d332a92dbc99c3d1dd579affda5b,1727561
source_data/finngen_R12_plink_only_8_README.txt,f78bdb69b9890172d98b11c6e25fa6bc5fe17d96172f4316ff1798277417b822,191
source_data/gtex_v8_TERC_query_2026-09-29.json,d14a2f5593f5c942b36b4fdc6f6ecc641724409d3d5a68c139b47f031732bd4d,855
source_data/kp_v4_instrument_phenome_and_mvp_regional.json,3e411c112f447436a74a61303b06a5194d98677baa4b022e46774ae8c374cc8f,996794
source_data/kp_v4_round2.json,f02b4095fdf456a855e709bf4db83929466a7f47c87715daa9d434b912754f13,1881022
source_data/revision_guide_enumbers.json,bc7218a28fe0716daa198295ae7ee5b09cbe5b63ce82baa3b6f4a1b872c0d392,22644
step10_environment.py,50fb8ab6850369240bc62a131a7b348c8cdbb53b1208be7d03ab66218e961cfd,1106
step10_ld_lookup_correction_S74.csv,5a772fa0776d14e762374520d1d7953e89474ee5935234ef9fa59a6b94a178eb,391
step10_ld_lookup_trail.py,9a7809fcde11087a00356627e61f1624f4582d6c23b540d744a460b9681d9c49,2499
step10_qhet_objective_test.R,f40ec3eef025d42d2aba6cbc708e20d9e33e73546d5b6145374d74bcadd32f6b,3212
step10_qhet_objective_test.csv,fe48112f478e1a1e3c4b45975ef131ba327c8d278eea5ed14c79e95462c5c14d,375105
step10_release_checks.py,9fd787d7fd0bca2d380252cabfd4c1033b4859bfeaa433df744f6286f87d5cd1,17404
step10_render_pdfs.sh,75b2d73625ac90eae8780dbd8d30dba1fee5da060b5861026722e1d70cc9ff45,653
step11_conditional_coloc.csv,d1751bcde4c47133c8ebacd1ea45da597bd128e88f2ae646b2b1ac5f9a2ea648,111628
step11_environment.py,2ff2b8039217148db2559d3ec3b8acd524156a0e577261ee2943c286f750ff74,1350
step11_hypertension_se_ivw.csv,0f40e1b2e61049cffdddd208192f7fecb318391d36aa8dd2050a560795d4db88,942
step11_hypertension_se_pattern.csv,8ff845e334bbfb86f07454417d6a2b9c7c4e689bf235a3b6d16f80354e8c524d,1541
step11_hypertension_se_pattern.py,bf3fa083ecff393b389779b05b284eb94ffbc9d3611df3ce68a24835bcbd9608,3856
step11_nakao_weights.py,438dd30274e8dd5e45d843184ce4cff1a7a751bce0ba2426dd67e537a96da3e3,2310
step11_nakao_weights_ledger.csv,cfc32f7993f78fd89cdd882da760c1b3f9926cfe7b472d91c53ec7fa15eca1ca,549
step11_release_checks.py,f23fa69d53c3619e06f5c1c6dc869586c0a43df27cde58718a80c3ed1338aa01,21079
step11_render_pdfs.sh,af4fb14f282d0e2c139611fd035df6aaee971460855bb44328b329aefac95220,675
step11_review_checks.py,26ec78a3a9e7d0afd1096b642cf75f434c1415185de3814c8e675d5bf6251265,9252
step11_review_value_checks.csv,a3396ca7dfae8b517b2e8a1efdc92da9f653b1c70ec1965a824f3a03ca493896,1977
step11_robust_mr.R,2e5424b79e92fdf176d9dd9d7f9b8e3062a3b6c34faad009a7cd88040fd68cdf,4382
step11_robust_mr.csv,3052af315f27f91c83247596e30ce02405b221cf814374a8ee223946388c43e5,4872
step11_rs2736100_hypertension_se.csv,e97c063ee9d0759dc8a27b15bcda1d5661248bba40bb140778e55e51d169c3d3,994
step11_steiger_reverse_removed.csv,8aa6b7ba841038afe27b7f025a25d33fbeca431cc17dd27f40d0891fa31847ec,2195
step12_conmix_check.R,8fc322840674ff9ffc02fd57257f3d9b3eb31b4b3e8635e98b4a8604f0b64463,3110
step12_conmix_check.csv,432568eda34e2147f9207845bb3ff2ba2ab25facf7367471c8f1c1aee40c1802,811
step12_conmix_check_S85.csv,3f24ee80f4cac795f58a370d28b5e33cbeb89897f4fe08bf0bf0730fca917870,1177
step12_conmix_phi.csv,567ea91345998c063c085f4cc5cfc734e5e7a1f007a6c5e40b7e37cf5a5080f2,484
step12_environment.py,57870452277a1290612960e25864ec8e4df4cf7b9fe6ee7377998b304089b7a8,1355
step12_htn_coloc_model_se.csv,2aea34c10ed53f32cd303ea058a21e2d3836cb92237d5a9d2acaeaa0ad4e4e81,7006
step12_release_checks.py,423375f4bdfe13f9bdd3b6d00ef6f818c61bcbcf2b049a57f41f6f7e094516ef,23800
step12_render_pdfs.sh,cfc11021e287064a1b2b19a58d27897dec1e9cccd387024a4425fc03b13551c8,502
step12_window_check.csv,0a01342b18a27497bff56035c5c27a81fac4b741b8b878fe9629ede2b3073383,2980
step12_window_check.py,ccbdd5d05a7d4cc1661d92c12f16e9733f337e8cb2c0c3c53cd8b4d896da667c,983
step13_environment.py,05ebe40b78766f54d3c3dd5bf5880cfdb40421c36c1ccf9387714dc3182e4484,1355
step13_release_checks.py,c58a3e3c3e1495b84622adcf3bb4a395af39b2bf8b8e2cf3e534ad460e2d85ca,24656
step13_render_pdfs.sh,58bacf1253d4c391ba1786e48c27848db053bd65b3d40f579a4d0b44813e4757,500
step13_wordcount.py,133e1ba670550dc0f1ca36e085a7a70c8cd893934a04360aec9537eef53c8df3,1228
step14_conmix_profile.R,9d1c00140a480392aa404377e48a38a47ebc173490004dd0d6cf9bc991510d0a,1893
step14_conmix_profile.csv,9a92aaa9cc5d1769b1845d5c6f816771095ae9624ccb247a11cb0171cf116470,592
step14_conmix_profile_grid.csv,21a8f5083818d2102f6e8224058fd553a6ec8cc3762a8b0b57c3ab1b62060018,2258
step14_dbgap_match.py,297a226b3a9de7978375e3da353f596e790e69d5ecbc1404e06907d4e21d3f67,1988
step14_dbgap_mvp_match.csv,48c91d59ab8c4bd5806cb20caae1a02025fb7dc41c8bf4cd674f78381de94d7a,2817
step14_dbgap_raw.csv,d772586060e443417903ee556ef562dd7734130c98ecccdc973415d330d993ea,1163
step14_environment.py,98a7ba4f295e6b7dd1a02a248a1913af6654cacf417437647ff404f5a8ebe25d,1355
step14_htn_conditional_coloc.csv,0bf9484c1913b5967c128b77688f1ae5973410848c6a0ad9f2a2f8a28b8e5afe,29569
step14_release_checks.py,2c80e6d735aab565d07d106d4c4819eff7a9e5b8dd69ab97beeae183ad85bd8e,30433
step14_render_pdfs.sh,caf9140ff01d0375cd1605732d8280aaeeb710a1c2ef3999c0f1df2784e866cb,511
step14_wordcount.py,ada335186039d25a96da1ece00460ad510da4589d79ebe08909db5146ec05da1,1228
step15_environment.py,f3b572df0d23c85a24939973a224a47d3b01218b689a9442079dae5a87f3546e,1355
step15_measure_table2.py,ed7ed5ae1fd54f9ae1a155c330fb7711c5b360cf95d06170ed6650a17bb1ff6a,883
step15_release_checks.py,7a7973008d54395ecf0ef74c3bc9dd556b8e0a39aa0f1c39700b533a4faa09ff,32072
step15_render_pdfs.sh,1067fc7af9fa41c5106ecd59be955ad3343d46dd1031e18c0ec5a85ef33809ec,489
step15_wordcount.py,48b2f081262d002c3f5ec8bc4d7087d8ee6c4658b1950d7ec94994afee40f3d1,1228
step16_environment.py,0d95e9a42abeb6f4bc3e350f4649d54558a9e7b1656e3d777cc403563bbc8c29,1355
step16_measure_table2.py,04458861ec976bf00db5f180b6c195fff705d5ba142139d2ccdebc4d0cd10f76,883
step16_release_checks.py,d70ac184960ef2ce4bc0f0d397980cbc57ebb0d5c579adca7155b7da2f3b5033,32115
step16_render_pdfs.sh,c95247c1d9bfb6bcdb23a1d43aba203aae8c08501eff0989fa9b5ab6a778f18d,489
step16_wordcount.py,429a755246418a08a5614553a311daa1b48f1d1db0e6b85244af3c2e28f28589,1228
step17_environment.py,c2fa14d23462f87a8b3dfb77194fe8d098cac82bedc2dc2f8d1653793c9da56d,1355
step17_maintext_words.py,4e0cdccccfddc7762b2235dde3ae5368a375a13ff150067b590e2147956e29ac,628
step17_measure_table2.py,9b16afdac99794cee11752f831c509ead6fdf6c14617413ba89861c4f95d1d53,883
step17_release_checks.py,6420aac304140f3e3f7133b3a37821bdb60a9538dbd7699a47845664621f2753,32509
step17_render_pdfs.sh,e91fd3c263b7aad0489584b745ffab04ce818bd2557ddc1f61939151e307ead9,489
step17_wordcount.py,2b6af09f6f7e0864d6dbb8635aae452ebd81d8c5c38a8872859ea778f3c6b185,1228
step1_cohort_qc.py,08da612509e05b000f52c04beeee0f548f65f3327b769d2c53cab5017ea1a070,3372
step1_cohort_qc_table.csv,f6cb012ccc7bf9407b63ad4db93447cb0d541e3a82f8b85400abd92511d7207e,690
step1_reference_frequencies.csv,b9ab0eb9bf3bf5c2f583376b527f124805ca74981b723a575f217d173ed784e5,1504
step2_cross_ancestry_pooled.csv,171ad1790c1124272b2418b7c02197b3d6d0cfee7733c1bc558bfb747a152724,1452
step2_lookup.py,12ecd5a76fcfcf78a5aef066a295f46b9ed220beb9f4f144f999097a6ff95c83,2353
step2_lookup_pool.py,1ab83a4272b7896dddf3985ffad78739faef12c30a2cec1b1b48ec80054c8213,570
step2_pooling_sensitivity.csv,3bc06262b864d0234df15b3ff8672851dda488f1f12e041da246847597d63ec7,5758
step2_sensitivity.py,77d46e523a5b703458f1728af0b977b591c5f511a556123d0b3e1b7e067f1262,1841
step3_instruments_LTL.csv,c9010d1f2a77933d1aa952d8e46f90e928db0d45bc465842c09a9a3a575e9a05,53900
step3_instruments_pruned_out.csv,8499b645a8fca9f76c879b273968b130978f92aee00b705c585a0bc48e6c1706,2781
step3_mr_forward.py,ecf445e7be9a777ae9f12b21b9609d15d971f6b16c947598ff391b3acd38b111,6964
step3_mr_forward_leave_one_out.csv,417b502b15a7c05bdeed35e2743fa35c0d4c0399c90e4e9dea2a4f8bbbc117b2,125359
step3_mr_forward_results.csv,b1fccd2292ca6f7829ba73101ff45e53d96ea8e68bdbc1043d41fc02befec4ea,23998
step3_mr_forward_results_v1.csv,d02c0ffcfce646884a8aa37509a4617cac2acbedaba51f58d620cb57abd6e734,23998
step3_mr_forward_snp_level.csv,4aeb75eb3673de4ce2670a5557a0528399829a8577c4ded4c221cd847ec6e5c7,198033
step3_mr_forward_v1.py,2833b92a32914fe1b1ab247333b46b0bdb411d8e83d5290524094f3dda0af09b,6676
step3_mr_reverse.py,b8fa4ac40d7d0449877a76055a4430639f42129436d71886b39c5a8e8af945e6,3702
step3_mr_reverse_results.csv,cc682f95b4754c79eb49a9ffce48abb30ccac9afb9c7d00970a6ff1728bd3b30,6974
step3_mr_reverse_results_v1.csv,edae2879f97f77b07a296c9c09f7e83ce3c5714e521b52346a76f247f0a35ff0,7062
step3_mr_reverse_snp_level.csv,f6cd39c4b3ab21a1379b0d58486c927011b65f8557fbf0086a53daece73288df,180695
step3_mr_v3.py,0ab14a3e7a0f244b3414bb6596b1653431aba8220ab6d9d2e41d1d6f25373800,11175
step3_reverse_instrument_ledger.csv,d39f42f4f9547bbb2c6ec739dd2ebca45024e4fd45728e160668bf225352ef75,96
step3v3_forward_clump_log.csv,13b5bc8229636901138c35c8c6fc8aee959670888105bb8884591f5259308d60,5331
step3v3_forward_leave_one_out.csv,0e8635d714faa9d29e5ead95c4aff8540993586cfbe036ece1b1c403e25637d1,33718
step3v3_forward_ledger.csv,5295eb3135dd4525a61e08d7871cc6bb096b515dfb8ad45426419df91f998d60,222
step3v3_forward_pair_ledger.csv,5c62d490c348bac6440d932d264bab0b31b89fade9d04133a47c5fdbfc1ced40,36440
step3v3_forward_variant_ledger.csv,58991221745334f333bce5f8e1162b3b2a5f80776f4adc830461cce9055c7510,77929
step3v3_harmonised_inputs_all.csv,9d61dea0c5a381379296c12a8ff971893927ec9b3e5b951a15dd768cdb3b93ad,667852
step3v3_mr_results_R.csv,a07e9fee64054a7e149b536b45c1f00d5fa83049bfcf364c52b769ca782762fc,29054
step3v3_mr_results_python.csv,3f901bc6e2986c9eb06947c74a9ee1c2097942df41d55a671110e78645109c48,12057
step3v3_presso_D_mvpEU.csv,b89c1ef7984941abe09830fab5dcc276019e12b94e546d567e55ef305e0ae825,462
step3v3_presso_H_mvpEU.csv,2cd629e9649afc6fe6766d1b4e83e6433fadcb1c230c9e4f189141d9dd07f9a6,460
step3v3_presso_S_mvpEU.csv,9f8a1ce80131139b9971fbafeb20cc31755cec6167659a6a9a625ef985677d31,460
step3v3_reverse_DBP_clump_log.csv,8a911f330cbeacf650b1e5f25abd807a1b5eacda347bff488e9aee49daf72775,33274
step3v3_reverse_DBP_pair_ledger.csv,2e6c1f7b60cf4a772ffef2367d08c098c31972e6655f2098d1fa7a66c78d92a8,293489
step3v3_reverse_DBP_variant_ledger.csv,6118e04a8c9f9ce668835441ab5a6e7ac6014166145eedfc885813cf0369addc,209602
step3v3_reverse_Hypertension_clump_log.csv,1c96767b52d385576bb35342a8ea8ef5599b7048d4bcfefb07e13bde1c8f2698,21723
step3v3_reverse_Hypertension_pair_ledger.csv,b7dda4d97ebcfadf41fcb91874f1663c90967a91e111008182109aae54305c43,115444
step3v3_reverse_Hypertension_variant_ledger.csv,0646f16e13f2dfbed931e553d31a972626a4159b857a88c44d75eb33c3185e6f,147135
step3v3_reverse_SBP_clump_log.csv,fec55b89c356d0f827ab7c58cdd66bb3a67992908ec8683c9907c54647f5e973,44208
step3v3_reverse_SBP_pair_ledger.csv,f0bcb302f3ac8c2936ef047d15524dd792bbc21cb3745b2a0f1802e9a1c2018d,500633
step3v3_reverse_SBP_variant_ledger.csv,affdf748c119bfda33d26375300086ce6b33d7288f1e4d3fe29b209b5e56cf68,267438
step3v3_reverse_ledger.csv,2200431d2129b1936ae592f7fee230a3c441d5d0cf4fdcbc647d65e59ea4518e,273
step3v3_reverse_pair_ledgers_all.csv,181f6f6b98640c5111faa21671486336b38ce9ac9ecaa93cb810b5ce9772de11,932979
step3v3_reverse_variant_ledgers_all.csv,83d27312ca7a78a4e3fe24f4fc4594b66daca19dc4c9b608fcb4b1c91bd08644,621428
step4_coloc.py,6327f30670ccd8aeb6586f93b4050958c7136fe45fabe9df8672e2527e760389,3138
step4_coloc_prior_grid.csv,7da35f74ddb87f5e1eb4726891d7e85f5b9b13c32c082fffd3e1439766d36cc3,12473
step4_coloc_priors.py,05c85288f56a399e51f62f2ee0d2769648910e7d731cb4f6e00da224b9ea55e6,1695
step4_coloc_results.csv,30090b964a6a0cda9ae9f86505d1ec28dd98ba2258e4b4e7c41e17f0d2ee8222,2008
step4_coloc_snp_pp4.csv,fe3f3558d9523c9b8891a3dd56feb98693fff69bce8ddd40505c26db68d2984a,167533
step4_coloc_v3_prep.py,64e1b0f17cf01e0db6f978fc633b98b8cf016a6b928aeb089b2161233286335e,3247
step4_coloc_window_sensitivity.csv,97323eb941b4c1d1f1bcf3c122a58d71fe388b75e41ba5f36932e4890a3d7204,3123
step4_variant_identity_sign_table.csv,3d292fe5f3b4c6520d8e258bea6534a4142e3fd40ee8097ab099b805d3f45c54,2145
step4v3_coloc_abf_R.csv,fd92f29c0b24d4b6c4068e11f2b1456f6a2133cb9869d7b45fc017b08966922e,25498
step4v3_coloc_susie.csv,091628f012fb45f9dadc256f3083d84619b486b57e7247245d50615d975943f6,78819
step4v3_pfloor_audit.csv,9c898c57ab4c97b31b417d249dc955c2ac566b00b3335f3e208307eb9272f976,1514
step4v3_susie_credible_sets.csv,084121459da8cfc6257c0d8fdef1b53bd069ed090fafe3c452055146de1a76a4,7872
step4v3_susie_diagnostics.csv,306b09376a863769532d221142fb1b837cf87ea624daac5457353a60486781cd,1045
step4v3_window_ledger.csv,fde7850f8dcd5092ccecbed6eb99f60af4c4ef112b43a1d32c2c2a144db03931,357
step5_dataset_level_genes.csv,e57413baf2354c16dbf8c702c295d9b97bf9eadd853c96f66f576b099155f0f1,7602
step5_dataset_level_scores.csv,f6037982fc818d8d1ad608420baec1adc54e84bae9b43ae85a1035a93427b401,3580
step5_expression.py,faf0a6a1ef0fa4d30fe0f4700381a8f9eb0bbbe94dfc4ba8a92385ada69c6478,9107
step5_extend_alias_probe_map.csv,a6c493211a2f5936de8631f26d1a682413ea9ca2e1ddf0cab196f60e65baab23,16253
step5_extend_common_gene_sensitivity.csv,2cdb39a10362066436d8ccafcc803265e6242f0cebcb3f6705147596c7e69e44,811
step5_extend_coverage.csv,09be818b926706e7f8f76cde67d562babd97217b6fe4f046b4e8e927bebfa033,673
step5_geo_sample_map.csv,cd36b6f1755ed460cd2c09e20046afd165e188cde9789d41a6ce82a64b98c65d,40721
step5_geo_sample_map.py,feda4275a27b0112eb8faf5654c4bd9f7ec56e0cf3f56ef2106bbcd7722896a6,1308
step5_leave_one_study_out.csv,9aae59a5c7099a868f4264a563f7d8986b7a5c76f265f137ef84b481985ccbdc,1935
step5_meta_analysis.csv,e058077174d91d953c26c85c045158b93025b1fd8ae77b1931142d4ff039dc88,3004
step5_sample_scores.csv,fd5ead99127cb2133a9d169a76d7af6ff21c8a9d738758eefd7103ffb89be286,77310
step6_codd_published_instrument_lookup.csv,738fbdbe85936d2943694d3ea47c487f52bb07523b74a8bb9cf92427704b18fb,20557
step6_codd_source_vs_portal.csv,6e23a821c5035ecb8615708df8576386da7f7f165cbc2273d78ad0daf7046c27,11399
step6_coloc_v4_abf.csv,29db2f125fdd52923db26ef1d96f83b0a96f73fa405d4c9045ab9e1148e85ea4,14702
step6_coloc_v4_prep.py,ee34b3a2e8ff7277dbf1e52862d01e1bada46ac92895036b52eb0feb8b00f533,4630
step6_coloc_v4_susie.csv,31401263a0f2a2fdd8167e65fb88bd69c062d605e0f44c96424adafce6e38e19,41641
step6_coloc_v4_susie_credible_sets.csv,ba7a5bf5671de2b3c3e4c0d87f44021b3095382f90f5b5939bbb60098f12b796,18188
step6_coloc_v4_susie_diagnostics.csv,b4cc6db23439f037252c438c707b0dcc67a754c71047e26c00402554d9b90dc0,2375
step6_coloc_v4_window_ledger.csv,14a951a7d1fe261da5ca4635645a5386959fb70d7a2c92165d5a65af97e7cf00,2029
step6_dataset_register.csv,2ee88b79fc6285b9bcc263b353cfc63c6f53cf6bf77446a12f91c7acdf6a7f23,1975
step6_mmHg_calibration.csv,0aad1db723cb4da38caf02c2bf0505fa7619ab0dfe88818b1e1ee21d95a7fd27,571
step6_mmHg_calibration.py,e6cf9691653c74c9da8d9b3f0c4278e5fc9c6b6619fd665bddced98f1703821a,1893
step6_mvmr_candidate_ledger.csv,48291f45dae139a6a807bdeaef385184c9edae0dfdd6ee610c2af63df72db3f8,256227
step6_mvmr_prep.py,a648d560b5fd1757ce24377c340f1592b8268be8f968bafc7ba97bab55326a3d,3731
step6_mvmr_results.csv,86d99f14a08dbe275bb80822992934a66a8e333f3e78effb5e7fa8bea4d1bc52,8934
step6_phenome_screen.py,af2577399901bcc3f8d738f22f6e479286cf3319a5569ed25f6d67cd4d4a0c9b,3366
step6_phenome_screen_long.csv,125d9680d62f8907154913ff7c970274a97ebd0ded67348e73c31937d3cfb958,402333
step6_phenome_screen_summary.csv,d7fe00fec44581690dee6804f7c38091ca4c67006df0ca997898439ad107483b,8835
step6_unit_check.csv,61423c0efcbff7dd71ebce3351b5892357006c7206a9b22375741ffd2fe00ba4,1525
step6_unit_check.py,1e6c58e085f1ffec20b45ff92bcde5e95b6f01bf84abf0f2c2f9502debfdd45c,2109
step6_v4_forward.py,e68930ceb5d50e07e585c38df701b73d6de6a7cc6e57d43853b3c22fad8dc494,10636
step6_v4_forward_clump_log.csv,35b8b22b81f2b8856ed642e3ed56d25fa1f55ea96b85d99999baad59f58449ba,5307
step6_v4_forward_leave_one_out.csv,76faf3e3e0d09adb36fdcbd69089ecd41e6b5bcd2c5e96308a9a3116c91bd442,44357
step6_v4_forward_pair_ledger.csv,917a4b51a8ad9952f9ae5f37b351349d5602cfb0d805ea24b87a02bc24e96c95,36115
step6_v4_forward_variant_ledger.csv,c4e73261277edc3d3be93b27b611bf3dacd67e157b2bb94311be3fd9f6f7a1ed,89871
step6_v4_harmonised_inputs_all.csv,fec33cfb537f335c6992766481771577aa80d15a895f820246a340218a7b7e87,1090434
step6_v4_loo.py,f74435bd1ff769c38a0ccc7f479e5642d1e2e57034e7ea208d057c3134690649,1604
step6_v4_reverse_inputs_all.csv,b45fa309562cddb570db53f0903ef95b800b2e61760b0f64ba1d828120a1163a,241958
step6_v4_reverse_mde.csv,066e24fb716b5e63ce8667ce5db9d463dd984b707ddccd466504bbfdd858340f,874
step6v4_mr_results_R.csv,adac7b614476847ae3e5e991ae95f8c3056f2a4692512c394e1cda51a44e6cfb,37653
step6v4_presso_D_mvpEU.csv,1a830a1200d51699d138b6d8deecbfc0f3865e12b396beedd790210cae304a30,463
step6v4_presso_H_mvpEU.csv,a3b63386b7af1b0381d539d5153d414dad3388aaec36ba7dbf6c2b9757c04afe,472
step6v4_presso_S_mvpEU.csv,9a2199ba6319a43c113765be91b5d30f4887183058f5734b487f338217f8c55c,461
step7_dataset_register.csv,a14764d74d891b95b159710c09d0ec538d8be3e1c4a9b4075850257f55319a4b,2836
step7_dataset_register.py,38ab1cdd67617e3b0cf0f4e030178345bff805b2a4a44eaf601e45b7f1538a9e,3629
step7_finngen_audit.py,e9c1d3d4063985a13d5b6b30b3c26dc9a1e2548c76cf47a91b16e7ea53163188,2591
step7_finngen_harmonisation_audit.csv,759ee401ce6f3b5ccdf46bb91a6cdd0428b4d2be38ba88cbbf67c0507ddc87a1,18956
step7_gls_conditioning.csv,caf3cd61402ebc86d31ab19fddbc653067fa5ce10ad8c43c44de5e83db68548c,195
step7_instrument_flow.py,1a664733eee71a9f31cf3443954341f6785627953a04eb1e3b9bfa45b6b02d78,3477
step7_instrument_flow_ledger.csv,a7d1f5012f915be29de9b247d06144700c559e245e58030670a11e9266b3395b,3129
step7_mr_output_consistency.csv,c8c8d6b24d7c94561dac03d3b8428af5b6acfeaa2d57ca1b81c03e97e2f4c313,32413
step7_mvmr_condF_covariance_grid.csv,ba83f4c4b5d0f2df8d0caa0fc413e7492d79111903fd103df8bc9bb4783e6e09,1547
step7_mvmr_fallback_variants.csv,1e16521ed5c2a00f6ce002b33d0dd0c16bd99983869315d805eec819acc0f778,222
step7_mvmr_results.csv,bf871f2858d359233b95768882fc83cdc7bea1d87a20fd4a40863b0c4d39f802,20529
step7_output_consistency.py,519adfd8658746302d1e3571ac7acd2305ef8318d5faae5621f32a4177c433d2,1547
step7_phenome_dictionary.csv,c4346ad14fdbdb7c8bbdbc96d11ca4220e7a68fb6f8e0330e386eb06b465b918,1497
step7_phenome_dictionary.py,c3007728d527f3b3582e2c217fb9d10a1b17292b6a713c5e04267ef6c4ed96ee,1828
step7_phenome_query_inventory.csv,5dc1576116a51cb0ced6ad6c3a843c5ba6dd112badfc603b7f69a8fca9d7bbe3,505
step7_plink_clump.py,d948556d7588c451025c690a085ada0f67cba19666e7ee796d2aa7b252ea4976,3331
step7_plink_clump_comparison.csv,f0f387c5107432173343c26c6465d35e9ffae77887233ca054979e746f3a14e6,414
step7_plink_clump_ivw.csv,fd17c476cc2c982bc6beb1ca910e296292799720cad983623c59f5d3f13ad112,1114
step7_presso_consensus_ivw.csv,35cf53c0be11f569d32a8806d51612771924ac8947414e24a810d7f78c91f3e5,2660
step7_presso_seed_runs.csv,ee5cbef80d20e78d108aa851d3930a41a9c20f18ed0bb663f9d8d441fc04fa04,1051
step7_presso_stability.py,f7d3f9f9072dc587239ee87c8835c0d3d0f2ed1cb5c586bdb8faf6e0a1b77a6b,1933
step7_published_instrument_reasons.csv,57b237eb108103b542465bb85df16eb444e62f2f1c3a3f4849e996e356f07606,10440
step7_se_fallback_ledger.csv,33f96f3865507f2f4bb1115dcad771d4884f8b6a3691f8cc3afd097e8847020f,3888
step7_se_validation.csv,7a2ca566d46760d21686158c7653faf66d5a99996b4eafe57f1f190d0f563481,1884
step7_se_validation.py,383e175d4fc89317b3746e52878e2af80faab7f73be19ec7d0257aa2e856731a,3452
step7_susie_L20_TERT_coloc.csv,6384d62b84a754f677b8f657562ade7cc36c4e23aa5f05b90dcba7ed041ec146,1030
step7_susie_L20_TERT_credible_sets.csv,368a64db7faa8a9ea1529a7a4e627c487575b9d81043a8a2b0040a52e39b0bcc,13217
step7_susie_L20_TERT_diagnostics.csv,a239e9573e094a71271d8e6169b8a837806249b40c97503ea235fb2114318366,866
step8_aux_outputs.py,e0b4c53859057e5cd733961ac4be7620e4fa800d2e0907f19b8dd6377d82c42f,3907
step8_combine_results.py,f126c3469f9eaeaeb336a906c5652e8766afa35bdc056ed783c3738078b23848,2034
step8_dataset_register.csv,c8ceea6ce16c81af2b2cc105a26ee5e658d23dd7f7c047bca42b7b4b6dfe4b8d,3031
step8_dataset_register.py,2166c5c1f5ab7dd9958ed546f075c5e314704a5e82d51da0f332d54ea23d64e2,3822
step8_fin_order_check.csv,4a1e81b719b52ff3f618e5f22f704c6757716e1772ea5d6e0532c02ce41034fb,122
step8_finngen_af_fin.py,19c661822004432f8cd8dbd043fd6c07c0c43426046d55e6b0b0b95152f102fd,3082
step8_finngen_harmonisation_audit_v6.csv,a0cefb9e80c84b41ada85d049aff0a94b69a8ceb3d7d93f4a9aca93da28fa985,26089
step8_gls_ld_sensitivity.csv,c37404e9930ce6750672c1780e8ff36d23644a7034f138d245bf9b82cabdaa85,754
step8_gtex_terc_query.csv,02e900088b66e4e8dad7e34015f0239c1f2f8b62f3a219acefa841136fb49122,379
step8_ld_dosage.py,2953cdc76ba37d39872648d6278c304621601c1b7fe33b014505d5c36d6820c6,2321
step8_ld_haplotype_vs_dosage.csv,b9f97f513192de75bbee6436a2e16362f5c59b8d1dc32043a41d8384645169e8,1488
step8_mr_results_v6.csv,1eec5e378a96eb1dc572c5b57f756ce67ca563bcfe9d8151e900a86425e67254,41530
step8_mr_v6_R.csv,e21cfc003d2802bfa66039d85c240244a63617a188cf6f869b4ccf5a95ad67d0,11313
step8_mvmr_v6_conditionalF.csv,e838df35e5ec07a74c0418514db3dc79e8dec31925d7ba4441c5a7fe533a9c16,830
step8_mvmr_v6_estimates.csv,c56d932fc60e5c1e9d9964a1ac53c763c2035c50c10f1e1a5de228266578e493,8545
step8_mvmr_v6_qhet.csv,da98738d97ce9682763652d13a3844ee71cefa43ed71cfe2241e8493b2d36e91,1387
step8_plink_both.py,57e55fbd15aa24f9d0d99770b0ec4e568c40c747dd28068c49897cc64ef6251d,8452
step8_plink_both_directions_summary.csv,4f73deeead215600d942335b343ff27f344d56c47254d5e0b247500116cfbb47,259
step8_plink_discrepancy_ledger.csv,73638ea2880dccbd28f82f258a8554addcbd5c6b5bc4fc94b15f2f347dfed5a6,77309
step8_presso_convergence.py,5f2cd52708a072d0d71eec4bab92ba49b5e7fae9bd57decff2ea666fb2e65933,1572
step8_presso_convergence_runs.csv,528920d1af1ca0a107b1be1314662a6d22300d715044b1f3026cf3655072683c,23069
step8_presso_convergence_summary.csv,e8e7f8a9069e14ad72dc910d7ae7fb8e628c4cf3ad8f37d74da9223dc32f28d1,1544
step8_presso_np.py,c44907caa5c7d8d4666f93f1857f34940ab637980fbf950168728e2b9d2d6877,3981
step8_published_vs_portal_pool.csv,b24e413c541226512889ea1e2f83a0eae5743b2c906566ef916edf50cd86b9e2,8910
step8_reference_check.csv,5232869d83682d77c67378adfe0fc6a996b7b347a083350927cf0860f23115f7,1391
step8_reverse_mde.csv,4f3dcf5df64dee3a6e9588b8bb56b1efc2ee1b63021513f6b7df74adfcf8006a,874
step8_reverse_source.py,d2d60e721c477cd8add344e15c3d9b81a2da28b16dd62887074a3691559227c2,5015
step8_reverse_source_ledger.csv,f3868716450cc312e0dd70f1f89ae2d7530abfa8f6c1cf9541a5d64edc2e5d3b,551
step8_se_formula_tests.csv,50300fe2aa7e4929c4b585341cc01bdf0b65e41ee7e0c683390bd529b1c9eab9,1328
step8_se_formula_tests.py,f1e7d64330b7622bf01559f08060311258c8d7c6954deabdc166459b608291da,1175
step8_susie_ld_sensitivity_coloc.csv,d8dd0d3cf40d53af3e0a001c841a36c4bd2988be4967c862101ae3047e6a3cae,33278
step8_susie_ld_sensitivity_credible_sets.csv,71b5e1c4754b43dcbb1ce8551cebdc59eea4a21d44894c91afd6e3fe9735ef89,43327
step8_susie_ld_sensitivity_diagnostics.csv,2b0794b26dd49900151965379c0be1aaa5834d370f0b67789745db37bba320bd,5368
step8_susie_stability_summary.csv,4c0906a61109aee0c159428190330a2b7bebd52a523433e62b3f7ebac1ad55e0,2540
step8_terc_coloc_pairs_tracking.csv,5cf7189470097f8107f216b6d87142d80b1b0c7ae402b87a750db7e9b93eada7,8663
step8_terc_credible_set_tracking.csv,8bcc78bce5a708f5bb169a0253fc8a1b6bd5c3b871b3bf939a35b757589c589c,14896
step9_egger_rse.R,69cebca4221984feddcc1991f34cf5399c4c18d2b2bf56b9695641385e5e72da,1349
step9_egger_rse.csv,d3e5d44fe4cad03db31883e79c1a28c144d34be735f1421a8819b26e847b19e1,553
step9_egger_rse_request.csv,07aaf82a94b415650f29082fb0eeb22b479976d531e3f1a53d18f53b82db125c,238
step9_fallback_ledger.py,c51abf55cd0bb967a0494db78f879edf29c679cea5c7c80b5257697d76ebe49f,2826
step9_mr_output_consistency_S46.csv,7564fc529bb15f269c86d2d4b7a70f2e37b245126015679558bea00c5530c0f6,41061
step9_mvmr_estimates_primary.csv,490ca2e03cde66e2a8850b66816ade5a4d3024de5c55cd6a6332ab36ee222088,4253
step9_mvmr_primary.py,4c4a56b877b48dd043150d8c265470da5074c939c77051f0d286f2132f3225c6,366
step9_mvmr_qhet.csv,388a5c2b8587f6e3dfe05f8427fa4327d8f745a44956aff0767d7a49fe0abc36,3080
step9_output_consistency.py,d713fe3f25d2b255a9b795cbb22d43a54c785a2ca91df874bc863f06b5279913,3822
step9_presso_equivalence.csv,44c6aa7931104b8ee20af469d26bd312133f6f2ecc5799bf232cbbbeceeaf255,1870
step9_presso_equivalence.py,56f2c087ae8a40e3dacc3c34f1850af24746027005577c7c7fa4b2aecb98a0ae,3657
step9_qhet_vectorised_check.csv,defe010135bd8de3f2250a46bea52dffd551405f6930aea8bc54b60013151ca8,2155
step9_release_checks.py,032ea9ed352705dd6b584a03a7a8a8c7d3c197442b19456e4edf3f0f0e54d855,11152
step9_reverse_inputs.py,7e6be2f077caec3f51d8583f2beed7359e23d61c970d6808d24f81e94b29b8a9,4982
step9_reverse_inputs_S13.csv,38472c31f2fdf76dd6aca9ba4ed12e5ad74e0dfdd783604f6e215536d3ac9f7d,530084
step9_reverse_reconstruction_test.csv,7dad81bd03f8b45d506336faf644ff6bdf731e4629ea2c646865dffa260895ff,2641
step9_se_fallback_ledger_S38.csv,0af0646dbaf8b910ac5fe18839e23c02465728803f25fd5e9e63060d95938d2e,8840
supp_methods_v9.py,bc192f79327e7c5528811746af64026b38a1b83800cffdf9a75517b2abf06751,11558
susie_L20_tert.R,eac0298a7d629be3a250ce1c306699f1f14be6a01a22490c78739d79dd0e3b6c,2763
validate_coloc_py_vs_R.py,92f128670dc453df0f3b09862f4f16aa79d7112cdb5ad81432a1bb4734b9337a,1052
validate_extend_R.py,4bab8a7c57c414b36cc0139b56a11783405622c08312982bc3d6ac8a5e028636,5521
validate_mr_py_vs_R.py,2975222961c8495e254ccb35b36f0932a09a02e42a23ba15c77d5ca3f326773e,1858
figures/Fig1_workflow.pdf,0091301e22303cff1a975a5406bb5d01392c66bb2ab26f1a514decfc7660b54f,40868
figures/Fig1_workflow.png,55f39d36354a331cef9880c62a6cdc89906a85ae5d5e368f0547f24eaf000845,682766
figures/Fig2_mendelian_randomization.pdf,324aa33312776c911124d6b36a5da38aeb63fd848953643461c096d64bcd429c,61206
figures/Fig2_mendelian_randomization.png,176a1add7beb93f0ead30e573f050a84a52c1575f7b6b5624128eac7e44163ea,970912
figures/Fig3_locus_architecture.pdf,6bbb1cbfaa07633459b3e82a90c05622ba60cf8eba586a642c0991a58946d880,797138
figures/Fig3_locus_architecture.png,be1cba99dac53f44e080cac491c2958bb903802c9d49f5e0bd44101a8142fa83,1193594
figures/Fig4_cross_ancestry.pdf,a1620b73da7db0dc6bc1ac12673958f9a1c3544b4b40c7b4751822829f86ac32,161711
figures/Fig4_cross_ancestry.png,46120c82a714012d6482ee4ffe053e47180eb37196735d374e97a09322e79600,561727
figures/FigS1_mr_diagnostics.pdf,494e5593be8e0fdaa18a49de8da6bd93a3d8daf9430be3aeef8ec763309dcce6,66388
figures/FigS1_mr_diagnostics.png,c2498bf2772a6c2c7ab4583e2b6e858e7ba1f27d1099564575668c5dd6f65038,782099
figures/FigS2_phenome_and_coloc_sources.pdf,82bc82d4de3a3ee9988d8d1820d7ea982a43af92ad6c26eba0815363d0e86a29,67660
figures/FigS2_phenome_and_coloc_sources.png,90bb10a7c81a19665a568fbb8b89e1bf6955ad70f6050d3cd14a2f342ef4d56b,423387
figures/FigS2_pilot_genotypes.pdf,76f9d32e9c44b9ecfca50ac505932f9f1fc7ef597c981c9abe9e84c1b5e17802,93696
figures/FigS2_pilot_genotypes.png,10ad2b8f83038c8448c7f5e8facd0aa4f4b9fc64f3ad6a2e3685ad1ba963a406,966796
figures/FigS3_expression.pdf,9f57e391ba02f2b331b8b85135edcdefc991ba6a03d37e854cded9308403844b,96537
figures/FigS3_expression.png,17b6e2d882a9ea022b19324869ee59c189b89c40c20b3823a3093b737cf8659b,999013
figures/FigS3_mr_full_grid.pdf,a1f73b1872392b73d75f145f2a18b3ec1147c027c52ae86b3b034570b9613bbd,57007
figures/FigS3_mr_full_grid.png,0ac65bb261783dba7dfd2e50c4f9f77248f028bcbdf53f50864f7cc57a404919,586529
figures/FigS4_coloc_full_grid.pdf,cb9fe2e5c5b6bfa808703ff6c41a5baaf9ffa5345f7f17e18b6cb3d60f226d46,62276
figures/FigS4_coloc_full_grid.png,b785e113d7e36f21d6af4604d9bed504326ca5101a5cbdd8fe0827d386ba499e,234461
figures/FigS5_allelic_alignment_frequencies.pdf,768a8c6695b68dd33622f5f125053ef94c920cfc4437ad30d557c2802314ec64,35357
figures/FigS5_allelic_alignment_frequencies.png,d59a17fa8525a1de295c6a0292e6bc7e6da67012834e087b884adb728bdb209a,398723
figures/FigS6_verification.pdf,dbbe46fdea2ea5f5d488d81b5fb76de9074159aca3dddd3b513e9ac0e9a7541a,43468
figures/FigS6_verification.png,8a1b485ae12dc7f74a62f30f1cc350c3864eca832fa7ebfcf5d87c81a6d10b0d,819708
figures/FigS7_susie_diagnostics.pdf,e45f0f3fc2066d46c411ac933e36e1474b7d7ac398b5d87f0a4f935ee7020009,35435
figures/FigS7_susie_diagnostics.png,82509fbb89cb660933150a7708c0a9c8cde0e61d61f713d286d8b265e147175a,463576
out/Author_completion_form_v15_2026-10-03.docx,fe1eed7d25d4257519be27de37f466f752b00f5805986d9251288c966cb614eb,39135
out/Author_completion_form_v15_2026-10-03.pdf,572ac4df2c66d98f8ff701ac2e3e439010045b9a176dd5a56158b1266408a2ec,72840
out/Cover_letter_draft_v15_2026-10-03.docx,dd7c007afaf3c6af2d12878da669192b29488990c7aa379f8d43949847a1fb00,37853
out/Cover_letter_draft_v15_2026-10-03.pdf,d5c8e23ae67cb5ab8b93fe8fb52c2403f6413cc2fb8db6f2ef34f4e81be08e09,30476
out/Manuscript_TERC_TERT_BP_v15_2026-10-03.docx,c66d21923b650a0c2578d40881fad63efbfaa9a8b89d7e531ddd42e1fca1912e,3176364
out/Manuscript_TERC_TERT_BP_v15_2026-10-03.pdf,186216268813faaf3e6a54aa4f0e4b977d5b8f385449921478f8ca3eb0d1138f,1780622
out/Response_to_v15_changes_2026-10-03.docx,218b85313e8a1b2ec1841af8c8d2548669cb6dea35ebfb1ca36f82abb5db2920,47234
out/Response_to_v15_changes_2026-10-03.pdf,212e686d29d94499f6a50ec7008acf0ee7f6ec84da65a4c9547680f3b40cc6f3,134801
out/Supplementary_Information_v15_2026-10-03.docx,b12877bf8804877510feedefea288a487b155d09e93768a6fef4e21217c89237,3393052
out/Supplementary_Information_v15_2026-10-03.pdf,ce5c93b3a774cc93c00640d10c0979edc2a5701fa186fd5d50786584576a0ea1,2280769
out/Supplementary_Tables_TERC_TERT_BP_v15.xlsx,9e0c0714fa696b7a957e1548cbe0053ebe78e6911c10e1a9e38e6c606670401e,2917472
