exposure,outcome,varId,rsid,bx,sx,by,sy,p_src,match,steiger_z
DBP,LTL (Codd 2021 source statistics),4:81182554:T:C,rs12509595,0.04628,0.002729369320515607,0.00130834,0.00221352,0.55,swapped,11.839396996014715
DBP,LTL (Codd 2021 source statistics),11:100610546:T:C,rs604723,0.02463,0.002855856987565996,0.00090123,0.0022615,0.69,swapped,5.954642938156066
DBP,LTL (Codd 2021 source statistics),19:7257990:C:G,rs12978472,-0.04902,0.0038817692996192615,0.00162699,0.0030316,0.59,swapped,8.751179091711832
DBP,LTL (Codd 2021 source statistics),4:103188709:C:T,rs13107325,-0.09287,0.004421957916386302,-6.039e-05,0.0038789,0.99,swapped,15.158770123022501
DBP,LTL (Codd 2021 source statistics),10:96039597:G:C,rs2274224,-0.02226,0.0024473664891743224,0.00433277,0.00201221,0.031,swapped,5.081627277772358
DBP,LTL (Codd 2021 source statistics),11:47676170:A:G,rs7107356,0.01796,0.002447117763055528,-0.0092191,0.00199517,3.8e-06,swapped,2.1068604038947303
DBP,LTL (Codd 2021 source statistics),12:111884608:T:C,rs3184504,-0.03043,0.002431334801055449,0.0156483,0.00203436,1.4e-14,swapped,3.722421546604614
DBP,LTL (Codd 2021 source statistics),10:115805056:G:C,rs1801253,0.02804,0.0028880714641831987,0.00117112,0.0022744,0.61,swapped,6.6575495868595045
DBP,LTL (Codd 2021 source statistics),7:45987430:G:C,rs199696982,0.02247,0.0025183402140202538,-0.00384172,0.00201656,0.057,swapped,5.128286551413353
DBP,LTL (Codd 2021 source statistics),10:63511306:G:A,rs57541197,-0.03225,0.003546510877909124,0.00329865,0.00288146,0.25,swapped,5.777452060153892
DBP,LTL (Codd 2021 source statistics),11:130273230:A:T,rs11222084,-0.04403,0.002651151898927082,0.00111815,0.00208034,0.59,swapped,11.624825148044724
DBP,LTL (Codd 2021 source statistics),20:10965998:G:A,rs1887320,0.03577,0.002436121745344243,-0.00292562,0.00200246,0.14,swapped,9.596212199462423
DBP,LTL (Codd 2021 source statistics),12:115555867:A:G,rs35429,-0.02543,0.0025601858104374537,0.00141011,0.00205769,0.49,swapped,6.701525123388839
DBP,LTL (Codd 2021 source statistics),7:151415041:A:G,rs10224002,0.02029,0.0026741859631232287,-0.00583948,0.00221222,0.0083,swapped,3.655889121510229
DBP,LTL (Codd 2021 source statistics),6:150997440:C:T,rs17080093,-0.03356,0.004966490617013297,0.00180458,0.00377392,0.63,swapped,4.550838237502864
DBP,LTL (Codd 2021 source statistics),1:230851536:C:T,rs2493136,0.02495,0.0025004535994274536,0.00208572,0.002049,0.31,swapped,6.5042569401992365
DBP,LTL (Codd 2021 source statistics),7:19049388:G:A,rs2107595,-0.03638,0.0034257916323546054,-0.00302269,0.00274465,0.27,swapped,6.909795307109058
DBP,LTL (Codd 2021 source statistics),7:92237426:G:A,rs42032,0.02369,0.002733938470455963,0.00506921,0.00228755,0.027,swapped,4.727379098098906
DBP,LTL (Codd 2021 source statistics),2:43166683:G:A,rs76099932,-0.02891,0.004550733364948093,-0.00032399,0.00355632,0.93,swapped,4.5263041149748044
DBP,LTL (Codd 2021 source statistics),1:59673900:A:G,rs12562692,0.02065,0.002763905979653482,0.00334058,0.00222489,0.13,swapped,4.359068750160768
DBP,LTL (Codd 2021 source statistics),17:75316880:A:G,rs1436138,-0.01686,0.002583248672067476,-0.00249471,0.00208525,0.23,swapped,3.8876453503058372
DBP,LTL (Codd 2021 source statistics),16:4918326:G:T,rs10500326,-0.01809,0.0029018490227748703,0.00630252,0.00235797,0.0075,swapped,2.655264805665805
DBP,LTL (Codd 2021 source statistics),18:43097750:C:A,rs7236548,-0.02498,0.0032171180666921324,-0.00100937,0.00256353,0.69,swapped,5.336952036791656
DBP,LTL (Codd 2021 source statistics),2:19735548:C:A,rs62126633,-0.02179,0.002502862587216728,0.00278085,0.00202761,0.17,swapped,5.340846691492574
DBP,LTL (Codd 2021 source statistics),5:148361622:A:C,rs17722107,-0.02172,0.003343395125978965,0.00113884,0.00258612,0.66,swapped,4.388513430438247
DBP,LTL (Codd 2021 source statistics),9:136522274:C:T,rs6271,-0.03984,0.004722481100480458,-0.0012267,0.00389497,0.75,swapped,5.876522782483699
DBP,LTL (Codd 2021 source statistics),1:3329384:C:T,rs2493291,0.02065,0.003544560311947462,-0.00354003,0.00290922,0.22,swapped,3.367218259588253
DBP,LTL (Codd 2021 source statistics),10:64564934:C:G,rs10995311,-0.02067,0.002553000427180717,-0.00614823,0.00203683,0.0025,swapped,3.761592821998602
DBP,LTL (Codd 2021 source statistics),3:41816673:G:C,rs111877184,0.07124,0.0032716336936784575,0.00428097,0.00271153,0.11,swapped,14.636018574162595
DBP,LTL (Codd 2021 source statistics),14:103959289:G:T,rs17617994,-0.02946,0.003551684417371222,-0.00067052,0.00301666,0.82,swapped,5.838325414729334
DBP,LTL (Codd 2021 source statistics),11:61272565:T:C,rs7125196,-0.03208,0.003823185569845574,-0.00011175,0.00307692,0.97,swapped,6.036433149206856
DBP,LTL (Codd 2021 source statistics),16:53825905:G:A,rs56137030,-0.01399,0.002504422069695259,-0.00402925,0.00206125,0.051,swapped,2.6838093288308453
DBP,LTL (Codd 2021 source statistics),4:77396854:G:C,rs11722924,-0.01985,0.0025080629796411435,0.0032056,0.00200951,0.11,swapped,4.614365937558818
DBP,LTL (Codd 2021 source statistics),16:2080653:A:T,rs28590346,0.01623,0.00261505220296765,-0.0054477,0.00212365,0.01,swapped,2.709746083368875
DBP,LTL (Codd 2021 source statistics),17:60769803:A:G,rs3826537,-0.02389,0.0024989639196412025,0.00248685,0.00202863,0.22,swapped,6.058364609490528
DBP,LTL (Codd 2021 source statistics),21:16576783:G:A,rs2823139,0.01731,0.0028090504725540636,0.0014675,0.00212768,0.49,swapped,3.974701984636867
DBP,LTL (Codd 2021 source statistics),12:48202941:C:T,rs11168244,-0.02488,0.0029238172789173827,-0.00017346,0.0023852,0.94,swapped,6.0968707723356514
DBP,LTL (Codd 2021 source statistics),6:152404528:A:G,rs13210287,-0.04066,0.00406618531013964,-0.00638538,0.00314599,0.042,swapped,5.820088324023614
DBP,LTL (Codd 2021 source statistics),17:59241469:T:C,rs8074363,-0.02523,0.0035243367394981353,0.00412222,0.00252557,0.1,swapped,4.04291840190543
DBP,LTL (Codd 2021 source statistics),17:18185510:G:A,rs4925159,0.01833,0.0024867584521527475,-0.00041957,0.00202112,0.84,swapped,5.18129154921385
DBP,LTL (Codd 2021 source statistics),14:100133250:C:T,rs17562391,-0.01444,0.0025090274118961375,-0.00128012,0.00203279,0.53,swapped,3.722162551460531
DBP,LTL (Codd 2021 source statistics),22:29453193:G:C,rs12321,-0.01397,0.002534452246717674,0.006046,0.00201801,0.0027,swapped,1.9103110760541548
DBP,LTL (Codd 2021 source statistics),17:47448346:G:A,rs12952581,0.0227,0.0025743857133260057,0.00014498,0.00211052,0.95,swapped,6.322295472734591
DBP,LTL (Codd 2021 source statistics),14:23861811:A:G,rs365990,0.02529,0.0025165204604068406,0.00132684,0.00206984,0.52,swapped,6.816432736687342
DBP,LTL (Codd 2021 source statistics),2:43386568:G:A,rs4952668,-0.02037,0.0026528172692687523,-0.00283614,0.00207819,0.17,swapped,4.6033798732621
DBP,LTL (Codd 2021 source statistics),11:117256384:C:G,rs560355,0.01997,0.002576111074353265,-0.00296437,0.00205781,0.15,swapped,4.603943741056948
DBP,LTL (Codd 2021 source statistics),10:114765747:C:A,rs4575195,-0.03235,0.002670612832341884,0.00094009,0.00216133,0.66,swapped,8.449581425200623
DBP,LTL (Codd 2021 source statistics),14:72464810:G:A,rs2010846,0.0176,0.002815440284057039,-0.00040523,0.00230388,0.86,swapped,4.394297750472756
DBP,LTL (Codd 2021 source statistics),4:169688000:C:A,rs869396,0.01781,0.0025443726829972703,-0.00233498,0.0020201,0.25,swapped,4.257392619482276
DBP,LTL (Codd 2021 source statistics),8:23403424:T:C,rs2872717,0.02099,0.0028653753615015894,0.00266597,0.00231471,0.25,swapped,4.495470113234156
DBP,LTL (Codd 2021 source statistics),8:156504:G:A,rs7822515,-0.0183,0.0032243263278688146,-0.0101474,0.00232293,1.3e-05,swapped,1.0795649494095454
DBP,LTL (Codd 2021 source statistics),12:8831954:T:A,rs61919240,-0.01646,0.002648294651279703,-0.00676166,0.00216738,0.0018,swapped,2.3328059380109307
DBP,LTL (Codd 2021 source statistics),19:19379549:C:T,rs58542926,0.02809,0.004606761072816276,-0.00183058,0.00381257,0.63,swapped,4.0729015185577335
DBP,LTL (Codd 2021 source statistics),8:92149429:T:C,rs7009170,-0.01474,0.0026832049046616097,-0.00021822,0.00215931,0.92,swapped,3.8986077008532214
DBP,LTL (Codd 2021 source statistics),12:94877428:A:G,rs144638091,0.0386,0.004653659944947564,0.00355704,0.00360231,0.32,swapped,5.309169756973964
DBP,LTL (Codd 2021 source statistics),7:156312739:G:A,rs36052040,0.02234,0.0026155215385678483,-0.00139235,0.00209257,0.51,swapped,5.7101133250328875
DBP,LTL (Codd 2021 source statistics),1:27229369:G:A,rs34946857,0.03304,0.004593940012105298,0.00700678,0.0037385,0.061,swapped,3.8996138142618766
DBP,LTL (Codd 2021 source statistics),13:94408506:A:G,rs7995215,-0.01373,0.002464432449984691,-0.00083247,0.00203637,0.68,swapped,3.7420424110018353
DBP,LTL (Codd 2021 source statistics),2:64909691:A:G,rs6759291,0.01749,0.0031232811059232514,0.00363091,0.00247604,0.14,swapped,3.031417642287325
DBP,LTL (Codd 2021 source statistics),20:47308798:G:A,rs6095241,-0.01625,0.002518177655827434,0.00012698,0.00201218,0.95,swapped,4.618086473546275
DBP,LTL (Codd 2021 source statistics),2:112008835:C:A,rs62160391,0.01788,0.0026280005039607825,-0.00330074,0.00203838,0.11,swapped,3.795291843060147
DBP,LTL (Codd 2021 source statistics),7:2563672:G:A,rs13234810,-0.01666,0.0026028939978694544,-0.00459993,0.00219664,0.036,swapped,3.1758239002765425
DBP,LTL (Codd 2021 source statistics),5:147871966:G:A,rs1973877,0.02167,0.002532269379498343,-0.00253649,0.00202389,0.21,swapped,5.315326798126613
DBP,LTL (Codd 2021 source statistics),12:95512031:G:A,rs9919687,0.01767,0.0031773249201226244,0.00051694,0.00255688,0.84,swapped,3.8777052197008843
DBP,LTL (Codd 2021 source statistics),5:1296072:A:G,rs7712562,-0.0245,0.0035575414858869127,-0.0322067,0.00290752,1.6000000000000001e-28,swapped,-2.683959659312795
DBP,LTL (Codd 2021 source statistics),5:61951416:C:T,rs2216707,0.02396,0.003295789113261367,0.00720595,0.00266789,0.0069,swapped,3.3841395978679043
DBP,LTL (Codd 2021 source statistics),1:218537310:T:C,rs12078363,0.02792,0.0026798426638111866,-0.00110899,0.00213694,0.6,swapped,7.167330148421892
DBP,LTL (Codd 2021 source statistics),8:144060955:G:A,rs62524579,-0.01713,0.0024658077875953717,-0.00286591,0.00200478,0.15,swapped,4.030061773898579
DBP,LTL (Codd 2021 source statistics),3:185518910:G:A,rs35510946,-0.0172,0.002649823928325874,-0.00166634,0.00214337,0.44,swapped,4.151545606822071
DBP,LTL (Codd 2021 source statistics),22:18468105:A:G,rs12169946,0.01886,0.002878934783688372,0.00311749,0.00229741,0.17,swapped,3.7942017776734978
DBP,LTL (Codd 2021 source statistics),2:183305099:C:T,rs11689230,0.01565,0.0026241254462196937,-0.00145972,0.00203556,0.47,swapped,3.8124895961074614
DBP,LTL (Codd 2021 source statistics),21:30123533:A:G,rs57448815,-0.02254,0.0035124932504007372,0.00223513,0.00286079,0.43,swapped,4.095491258087154
DBP,LTL (Codd 2021 source statistics),10:45385828:A:C,rs4948922,-0.01698,0.0027241071507291825,0.00219159,0.00223785,0.33,swapped,3.825745372450002
DBP,LTL (Codd 2021 source statistics),13:32124747:A:G,rs12427467,-0.03351,0.002669545941560853,-0.00209242,0.00206388,0.31,swapped,8.366669374770584
DBP,LTL (Codd 2021 source statistics),18:31161426:T:G,rs10164193,0.03346,0.004540828145416141,-0.00033537,0.00371866,0.93,swapped,5.260782161821974
DBP,LTL (Codd 2021 source statistics),5:173392398:A:T,rs10054063,-0.02408,0.002795719911031234,0.00243639,0.00219404,0.27,swapped,5.454258858215615
DBP,LTL (Codd 2021 source statistics),19:11501240:A:G,rs318699,0.02205,0.0029415103040482306,0.00164811,0.00213311,0.44,swapped,4.8809637223434805
DBP,LTL (Codd 2021 source statistics),1:25054223:C:G,rs7520844,0.01615,0.0028010278249968653,0.00244727,0.00226625,0.28,swapped,3.4185102476187343
DBP,LTL (Codd 2021 source statistics),3:111521268:T:C,rs9811721,0.01717,0.002697800994513554,-0.00241391,0.00218029,0.27,swapped,3.832143453716598
DBP,LTL (Codd 2021 source statistics),12:12887977:C:T,rs10845621,-0.01657,0.002828973586405581,-0.0066418,0.00223691,0.003,swapped,2.1782410641692556
DBP,LTL (Codd 2021 source statistics),7:129663496:C:T,rs11556924,-0.02086,0.0025047686140945596,0.012812,0.00207631,6.8e-10,swapped,1.7495558345073827
DBP,LTL (Codd 2021 source statistics),16:2221157:T:C,rs13331284,0.03175,0.005221715349700474,0.00384941,0.00416225,0.36,swapped,3.753001067736311
DBP,LTL (Codd 2021 source statistics),4:138411527:C:G,rs9685307,0.02036,0.002600403234761606,-0.00330864,0.00204487,0.11,swapped,4.537254778967509
DBP,LTL (Codd 2021 source statistics),12:20380250:C:T,rs111928810,-0.03122,0.002815599593901741,-0.00144388,0.00226571,0.52,swapped,7.569258369380864
DBP,LTL (Codd 2021 source statistics),3:48185266:A:G,rs9832957,0.01634,0.0026273348264502375,-0.00264814,0.00212244,0.21,swapped,3.6300701408863216
DBP,LTL (Codd 2021 source statistics),5:127881566:C:T,rs6595839,0.02418,0.002667452452358207,0.00283049,0.00216758,0.19,swapped,5.645425686308263
DBP,LTL (Codd 2021 source statistics),3:169186293:G:A,rs1343040,0.03302,0.0025224264634913823,-0.00047621,0.00203413,0.81,swapped,9.294304717553922
DBP,LTL (Codd 2021 source statistics),4:111406496:G:A,rs13118687,-0.02013,0.0025091504677606977,0.00294871,0.0020173,0.14,swapped,4.784809395340924
DBP,LTL (Codd 2021 source statistics),1:113046879:C:A,rs3790604,0.05059,0.0047745786401549245,0.00580076,0.00384543,0.13,swapped,6.6110977070168175
DBP,LTL (Codd 2021 source statistics),3:27538731:G:A,rs9815383,-0.01802,0.002574252992273842,0.00383783,0.00204531,0.061,swapped,3.7594131488666838
DBP,LTL (Codd 2021 source statistics),1:11865804:A:G,rs13306561,-0.0488,0.003338018964991421,-0.00585471,0.00269057,0.03,swapped,9.055798338807525
DBP,LTL (Codd 2021 source statistics),2:26929282:T:G,rs13394970,-0.04486,0.0025202528469714853,0.00034907,0.00205041,0.86,swapped,12.73952190763077
DBP,LTL (Codd 2021 source statistics),10:75722748:A:G,rs12773104,-0.01867,0.0030522053149837428,0.00070388,0.00234516,0.76,swapped,4.211328269301684
DBP,LTL (Codd 2021 source statistics),10:79422975:T:C,rs2048781,-0.01797,0.0031584409288580475,0.00065803,0.00250077,0.79,swapped,3.9281920233824814
DBP,LTL (Codd 2021 source statistics),20:10485093:G:T,rs627693,-0.03104,0.0025584449565148803,0.0009234,0.00205668,0.65,swapped,8.453645350595874
DBP,LTL (Codd 2021 source statistics),3:101162270:G:A,rs6781763,0.02509,0.002544402745713674,-0.00919147,0.002043,6.8e-06,swapped,4.0125018159255035
DBP,LTL (Codd 2021 source statistics),2:242665455:G:A,rs35435997,-0.02961,0.0043760868272292265,0.00039793,0.00334718,0.91,swapped,4.805794659292922
DBP,LTL (Codd 2021 source statistics),20:57728269:C:T,rs6026729,0.03262,0.003932859265345765,0.00069396,0.00326596,0.83,swapped,5.8447796797360825
DBP,LTL (Codd 2021 source statistics),7:150690176:C:T,rs3918226,0.0529,0.004921255599401811,-0.00304737,0.00378994,0.42,swapped,7.209110444918698
DBP,LTL (Codd 2021 source statistics),6:127163126:C:T,rs35973496,0.03388,0.002466670976410459,-0.00078814,0.00202033,0.7,swapped,9.651968344750214
DBP,LTL (Codd 2021 source statistics),5:32832474:C:A,rs10059884,0.02224,0.0025199494668257678,0.00314227,0.00203431,0.12,swapped,5.307475650085434
DBP,LTL (Codd 2021 source statistics),5:115728045:T:A,rs390588,0.01586,0.002724622350196905,-0.00120565,0.00209197,0.56,swapped,3.806608043979324
DBP,LTL (Codd 2021 source statistics),8:120423129:C:T,rs56774448,-0.04274,0.002946453653028026,0.00104855,0.0024214,0.66,swapped,10.178746799548414
DBP,LTL (Codd 2021 source statistics),2:165008166:C:G,rs73029563,0.02715,0.002521606991310221,-0.00164065,0.00202103,0.42,swapped,7.216523702065452
DBP,LTL (Codd 2021 source statistics),12:90025622:G:A,rs2681485,0.03053,0.0025621349062758263,0.0002076,0.00203306,0.92,swapped,8.537092750209327
DBP,LTL (Codd 2021 source statistics),1:243463189:C:T,rs10926985,0.03657,0.0026193391211423557,-0.00073453,0.00213897,0.73,swapped,9.847796605625122
DBP,LTL (Codd 2021 source statistics),19:30302546:C:T,rs75996259,0.03016,0.0026176373411548196,0.00481442,0.00206164,0.02,swapped,6.708393610188888
DBP,LTL (Codd 2021 source statistics),9:101744413:T:G,rs12005080,0.02426,0.003394014589362967,-0.00181602,0.00266187,0.5,swapped,4.691889284326637
DBP,LTL (Codd 2021 source statistics),11:10273128:C:T,rs10840378,0.02795,0.003140605743262184,0.00011271,0.0025518,0.96,swapped,6.398428016126648
DBP,LTL (Codd 2021 source statistics),11:1887806:T:A,rs7938342,0.02058,0.002561026617748171,-0.00146191,0.00203175,0.47,swapped,5.307532952104081
DBP,LTL (Codd 2021 source statistics),21:18930412:T:A,rs2846882,-0.01549,0.0026694877558591647,0.031784,0.0222795,0.15,swapped,3.2053984938282016
DBP,LTL (Codd 2021 source statistics),10:18443726:T:C,rs10828277,0.02087,0.0024757649858790447,-0.00158891,0.00201516,0.43,swapped,5.544380065044284
DBP,LTL (Codd 2021 source statistics),2:179725237:G:T,rs151041685,0.0511,0.004231608048349058,0.00382396,0.00357415,0.28,swapped,7.9834381221405435
DBP,LTL (Codd 2021 source statistics),2:145720139:A:G,rs72854462,0.03384,0.002903250101619543,-0.00168902,0.00233869,0.47,swapped,7.920567372143048
DBP,LTL (Codd 2021 source statistics),5:122653399:G:A,rs13156484,0.03061,0.002494004222109385,-0.0024016,0.00202283,0.24,swapped,8.045051621362633
DBP,LTL (Codd 2021 source statistics),17:7781019:T:C,rs74439044,0.04834,0.004186159160027062,0.0124189,0.00336225,0.00022,swapped,5.787722779938535
DBP,LTL (Codd 2021 source statistics),6:51838263:A:G,rs9296668,0.02394,0.0025897942049033767,-7.9e-05,0.00201,0.97,swapped,6.650582620760765
DBP,LTL (Codd 2021 source statistics),4:156645513:C:A,rs13139571,-0.02732,0.002844360739185161,0.00436354,0.00236014,0.064,swapped,5.660117793281896
DBP,LTL (Codd 2021 source statistics),3:133940530:A:G,rs9822469,0.02336,0.002497492685864184,0.00258356,0.00200466,0.2,swapped,5.865649963174597
DBP,LTL (Codd 2021 source statistics),2:97015073:T:C,rs810057,0.02509,0.002675838956170765,0.00303863,0.00213748,0.16,swapped,5.790511258357524
DBP,LTL (Codd 2021 source statistics),11:10675738:A:G,rs10840457,-0.02336,0.002678748504880333,-0.00100044,0.00217861,0.65,swapped,5.982095328962967
DBP,LTL (Codd 2021 source statistics),15:96637443:T:C,rs7171368,-0.02784,0.00274407396361527,0.00565353,0.00213846,0.0082,swapped,5.500927684874868
DBP,LTL (Codd 2021 source statistics),9:22093299:A:T,rs4007642,-0.03363,0.002502097153146514,0.00086241,0.00201106,0.67,swapped,9.412566252895783
DBP,LTL (Codd 2021 source statistics),10:121433675:C:T,rs72842207,-0.02819,0.003008396251202008,-0.00378933,0.00245505,0.12,swapped,5.701854588366813
DBP,LTL (Codd 2021 source statistics),7:89761619:A:G,rs39244,-0.02692,0.00274406419554325,-0.00150864,0.00200927,0.45,swapped,6.5676359563846445
DBP,LTL (Codd 2021 source statistics),1:204492631:C:A,rs12757249,0.03121,0.002661029219519907,0.00017883,0.00219718,0.94,swapped,8.416135148494174
DBP,LTL (Codd 2021 source statistics),1:201746768:G:A,rs682112,-0.02394,0.0025344836770470926,-0.00238782,0.002059,0.25,swapped,6.021595799580674
DBP,LTL (Codd 2021 source statistics),16:89711120:C:T,rs6860,-0.01961,0.0025018279240387738,9.11e-05,0.00205351,0.96,swapped,5.631666985994331
DBP,LTL (Codd 2021 source statistics),6:79791042:A:G,rs1413968,0.02137,0.0025889303089703776,-0.00120841,0.00206835,0.56,swapped,5.55894309223495
DBP,LTL (Codd 2021 source statistics),5:75003678:T:C,rs2307111,0.02878,0.0024864859341657986,-0.00189435,0.00205471,0.36,swapped,7.723702504421345
DBP,LTL (Codd 2021 source statistics),15:48801804:A:G,rs7169657,0.04685,0.004043699882593965,0.00268399,0.00337307,0.43,swapped,7.819197357090854
DBP,LTL (Codd 2021 source statistics),10:30333623:A:T,rs765906,-0.03151,0.0026177726701021456,-0.00392587,0.00209403,0.061,swapped,7.398833913726088
DBP,LTL (Codd 2021 source statistics),15:71609306:G:C,rs4337253,-0.03,0.00262746168106973,0.00106785,0.00211519,0.61,swapped,7.898926833894735
DBP,LTL (Codd 2021 source statistics),21:39819830:C:T,rs2836411,0.02308,0.0028307999846878063,0.00064496,0.00211908,0.76,swapped,5.6793645558081
DBP,LTL (Codd 2021 source statistics),3:57765862:T:C,rs9815266,0.02414,0.002516074487185829,0.00128691,0.00201748,0.52,swapped,6.489750876026115
DBP,LTL (Codd 2021 source statistics),17:59475642:C:T,rs1000423,0.02767,0.0028595856942926945,-0.00173636,0.00224946,0.44,swapped,6.456252112555842
DBP,LTL (Codd 2021 source statistics),11:95308854:T:A,rs11021221,-0.02655,0.0033255941393596075,-0.00070787,0.00268641,0.79,swapped,5.5850778186140975
DBP,LTL (Codd 2021 source statistics),20:40268334:T:A,rs4810332,-0.02604,0.0025744932762812533,8.131e-05,0.00208128,0.97,swapped,7.279635253682545
DBP,LTL (Codd 2021 source statistics),6:169587103:G:A,rs1322639,-0.0353,0.0029862706710365983,-0.00231204,0.0024036,0.34,swapped,7.873904133431822
DBP,LTL (Codd 2021 source statistics),11:69075538:C:T,rs11605229,-0.03601,0.00410637682474749,-0.00226553,0.00319082,0.48,swapped,5.843923174452795
DBP,LTL (Codd 2021 source statistics),7:27328187:C:G,rs6961048,0.03619,0.004032390154125082,-0.00115274,0.00332403,0.73,swapped,6.243548319549494
DBP,LTL (Codd 2021 source statistics),2:203651201:A:G,rs368863059,-0.03665,0.0038205419423723037,0.00337397,0.00305635,0.27,swapped,6.166469331213684
DBP,LTL (Codd 2021 source statistics),4:54800759:T:C,rs7671947,0.03105,0.004349248513887915,0.00245542,0.00320675,0.44,swapped,4.627879993391262
DBP,LTL (Codd 2021 source statistics),3:141202982:G:A,rs9856976,0.01519,0.002711732250761857,-0.00585497,0.00208387,0.005,swapped,2.103856679584183
DBP,LTL (Codd 2021 source statistics),8:11794962:T:C,rs6981461,-0.02311,0.0034357108236898744,0.00020547,0.00204313,0.92,swapped,4.789632084777115
DBP,LTL (Codd 2021 source statistics),6:166175188:A:C,rs57448258,-0.03746,0.004864776951501431,0.00696154,0.00383589,0.07,swapped,4.307754752316199
DBP,LTL (Codd 2021 source statistics),11:27734420:T:C,rs962369,-0.02075,0.0026947176119502055,-0.00455121,0.00218146,0.037,swapped,4.1200450413273195
DBP,LTL (Codd 2021 source statistics),7:106416467:G:A,rs13225723,-0.03626,0.0030680971838503187,0.00547385,0.0035913,0.13,swapped,7.483397061970123
DBP,LTL (Codd 2021 source statistics),16:30885159:T:G,rs12928081,-0.02266,0.0027849334564344027,0.00199195,0.00226043,0.38,swapped,5.268542069998539
DBP,LTL (Codd 2021 source statistics),2:56071109:C:T,rs201407787,0.04073,0.003891830002156434,0.0003397,0.00299459,0.91,swapped,7.481676107654812
DBP,LTL (Codd 2021 source statistics),7:100496887:A:G,rs12705096,0.0225,0.003171079174293675,0.00231097,0.00260354,0.37,swapped,4.5119444392643295
DBP,LTL (Codd 2021 source statistics),12:53448320:C:T,rs11170386,-0.01897,0.0027863295385825325,-0.00324325,0.00220751,0.14,swapped,3.9023984329763763
DBP,LTL (Codd 2021 source statistics),10:31240999:T:A,rs573169483,0.02693,0.0027619938130048678,-0.00249479,0.00225689,0.27,swapped,6.27907951073019
DBP,LTL (Codd 2021 source statistics),22:40528572:A:C,rs2413615,-0.02411,0.003182697210293679,0.00276843,0.00250354,0.27,swapped,4.707789787615044
DBP,LTL (Codd 2021 source statistics),16:83045790:A:G,rs7500448,0.02886,0.002966795242136308,0.00064806,0.00233971,0.78,swapped,6.835625109478025
DBP,LTL (Codd 2021 source statistics),2:219560492:C:G,rs13004222,-0.04601,0.00545941554249111,-0.00220562,0.00446196,0.62,swapped,5.746281433308158
DBP,LTL (Codd 2021 source statistics),19:41100406:C:G,rs11083560,0.02669,0.0028994743601273147,-0.000651,0.00227644,0.77,swapped,6.451950012312045
DBP,LTL (Codd 2021 source statistics),12:124820705:A:G,rs1271309,0.02856,0.003422954311863423,-0.00548175,0.00271759,0.044,swapped,4.632658326733358
DBP,LTL (Codd 2021 source statistics),18:51851616:C:A,rs34163044,0.02153,0.0026119254180736683,0.0216533,0.00204307,3e-26,swapped,-1.3733944481351035
DBP,LTL (Codd 2021 source statistics),13:115027462:T:A,rs7985356,0.01808,0.0029284392376057776,-0.00350929,0.00235676,0.14,swapped,3.4304716225298715
DBP,LTL (Codd 2021 source statistics),1:51490266:T:C,rs112874417,-0.03122,0.00527624784543685,-0.00247595,0.00402279,0.54,swapped,3.848948416117359
DBP,LTL (Codd 2021 source statistics),15:83899262:C:T,rs201628664,-0.02554,0.0029344632560021925,0.00205926,0.0024081,0.39,swapped,5.696029425304346
DBP,LTL (Codd 2021 source statistics),12:57137828:T:A,rs1026565,-0.01839,0.0025663482303068547,-0.00372675,0.0020751,0.073,swapped,3.934775287158105
DBP,LTL (Codd 2021 source statistics),14:73275445:C:T,rs11620775,-0.0277,0.0030206205828159707,0.00892412,0.00240962,0.00021,swapped,4.063708243516974
DBP,LTL (Codd 2021 source statistics),9:117156178:C:T,rs12346167,0.01595,0.0024696433111022604,0.00423572,0.00200828,0.035,swapped,3.2072085457687978
DBP,LTL (Codd 2021 source statistics),12:69930370:T:C,rs710782,0.02925,0.003600685064957587,-0.00019593,0.00293427,0.95,swapped,5.82217796338043
DBP,LTL (Codd 2021 source statistics),1:38361396:G:A,rs35101149,-0.0207,0.0024719152424358994,-0.00453063,0.0020253,0.025,swapped,4.502583363507654
DBP,LTL (Codd 2021 source statistics),7:50914298:G:A,rs12718961,-0.018,0.0025257113494907496,-0.00717457,0.00200723,0.00035,swapped,2.676818491452886
DBP,LTL (Codd 2021 source statistics),17:6473828:T:C,rs7226020,-0.01966,0.0026722876453250098,-0.0032874,0.00206063,0.11,swapped,4.211575823613037
DBP,LTL (Codd 2021 source statistics),22:28068309:G:A,rs134088,-0.01888,0.0025156786676920496,-0.00084484,0.00202892,0.68,swapped,5.133629633933678
DBP,LTL (Codd 2021 source statistics),1:7765320:C:G,rs75630480,0.02328,0.003184118877253548,0.00696041,0.00251322,0.0056,swapped,3.366664328507892
DBP,LTL (Codd 2021 source statistics),2:36585272:G:A,rs62134619,-0.02342,0.0026670741921138988,0.0013646,0.00211244,0.52,swapped,5.896773226202825
DBP,LTL (Codd 2021 source statistics),20:10420795:A:T,rs6039935,-0.01883,0.002547715582221048,-0.00117543,0.00205223,0.57,swapped,4.943165615705335
DBP,LTL (Codd 2021 source statistics),3:194299967:G:T,rs1706003,0.01799,0.0025964434927456836,-0.00129482,0.00205614,0.53,swapped,4.569870190034662
DBP,LTL (Codd 2021 source statistics),14:89562165:A:G,rs8016697,-0.02196,0.002778357422325338,0.00160587,0.00214404,0.45,swapped,5.1918908881128765
DBP,LTL (Codd 2021 source statistics),3:63905352:C:T,rs1828944,0.0244,0.0026962079777256907,0.00392351,0.00218753,0.073,swapped,5.2972729482848875
DBP,LTL (Codd 2021 source statistics),3:160526204:T:C,rs9290064,-0.01784,0.00313044193956731,-0.00198992,0.00242412,0.41,swapped,3.5492908110732926
DBP,LTL (Codd 2021 source statistics),6:72206620:C:A,rs504691,-0.01953,0.0025370493021511656,-0.00026613,0.00205264,0.9,swapped,5.471309222296646
DBP,LTL (Codd 2021 source statistics),18:20177738:G:C,rs9646530,0.01866,0.002708280487767951,0.00043029,0.00225574,0.85,swapped,4.845430689212478
DBP,LTL (Codd 2021 source statistics),13:38280770:C:T,rs75004318,0.01671,0.0025567706092402514,-0.00059396,0.00207639,0.77,swapped,4.523529557245829
DBP,LTL (Codd 2021 source statistics),2:3639909:C:G,rs13402475,0.02773,0.0032700483769546873,0.0040003,0.00261415,0.13,swapped,5.067796471590053
DBP,LTL (Codd 2021 source statistics),8:27296004:A:G,rs5000605,-0.01487,0.002461314439057192,0.0009831,0.00200454,0.62,swapped,4.025278432838172
DBP,LTL (Codd 2021 source statistics),14:36158828:T:C,rs7155504,-0.02591,0.004341151672327572,0.00104187,0.0035968,0.77,swapped,4.111351079956776
DBP,LTL (Codd 2021 source statistics),13:50564490:C:G,rs12583637,0.02933,0.003625860358765429,0.00834307,0.0029753,0.005,swapped,3.9046220710349333
DBP,LTL (Codd 2021 source statistics),1:110229787:C:T,rs36209093,0.02465,0.0033570969525085087,0.00320665,0.00237803,0.18,swapped,4.371931227863366
DBP,LTL (Codd 2021 source statistics),5:172503742:C:G,rs2560326,0.02147,0.002652452951981598,0.00410162,0.00213372,0.055,swapped,4.5181774577884735
DBP,LTL (Codd 2021 source statistics),5:56224124:A:G,rs252895,0.03123,0.004022441528809862,-0.00134575,0.00323233,0.68,swapped,5.320768465237587
DBP,LTL (Codd 2021 source statistics),1:47944812:T:C,rs4926556,-0.01895,0.0033658342377710076,-0.00051455,0.00270249,0.85,swapped,3.9355657833546567
DBP,LTL (Codd 2021 source statistics),2:176584776:G:C,rs9798291,-0.02187,0.0037028622382737383,0.00016882,0.00296162,0.95,swapped,4.227281035552677
DBP,LTL (Codd 2021 source statistics),7:80397808:C:T,rs148867632,-0.02209,0.0038820298463522846,-0.00147315,0.00310849,0.64,swapped,3.783028131500296
DBP,LTL (Codd 2021 source statistics),7:73750008:G:C,rs530418,-0.02082,0.002887341442479486,-0.0062681,0.0022669,0.0057,swapped,3.2971541849765296
DBP,LTL (Codd 2021 source statistics),10:17244898:C:T,rs11818636,0.0194,0.0026975064855982687,0.00191798,0.00215228,0.37,swapped,4.579188819495597
DBP,LTL (Codd 2021 source statistics),6:100613551:T:C,rs9496614,-0.01723,0.002948138235960845,-0.00083117,0.00234245,0.72,swapped,3.976648203211386
DBP,LTL (Codd 2021 source statistics),19:18620411:A:G,rs572133841,0.0459,0.005743929807548664,-0.00678553,0.00406962,0.095,swapped,4.619790663955814
DBP,LTL (Codd 2021 source statistics),19:1219702:G:A,rs11084890,-0.0216,0.003375528537203927,-0.00346886,0.00241739,0.15,swapped,3.630438726369417
DBP,LTL (Codd 2021 source statistics),6:135419042:G:A,rs35786788,-0.02007,0.0028299544534493818,-0.00235255,0.00236298,0.32,swapped,4.434846244426298
DBP,LTL (Codd 2021 source statistics),11:89224453:A:C,rs2289125,-0.02693,0.003257333877384741,-0.00020256,0.00244043,0.93,swapped,5.915007299166984
DBP,LTL (Codd 2021 source statistics),14:60703989:C:T,rs7160041,-0.02254,0.0028957725686122784,0.00085632,0.00234074,0.71,swapped,5.3700089258449335
DBP,LTL (Codd 2021 source statistics),18:42395357:C:T,rs78170524,-0.03392,0.005398573790885438,-0.00289379,0.00385679,0.45,swapped,4.020152777504299
DBP,LTL (Codd 2021 source statistics),2:64217786:T:C,rs13014371,0.01457,0.002554654907908298,-0.00138865,0.00203921,0.5,swapped,3.6492383308984517
DBP,LTL (Codd 2021 source statistics),19:40828730:G:A,rs55710016,0.01882,0.002457462183217753,-0.00203452,0.00201147,0.31,swapped,4.8329622747399075
DBP,LTL (Codd 2021 source statistics),17:29168078:A:C,rs75637630,-0.02243,0.0028880070766481246,-0.00950908,0.00231177,3.9e-05,swapped,2.7663895564383187
DBP,LTL (Codd 2021 source statistics),5:172196711:G:T,rs2431663,0.03326,0.005814484063148888,-0.00690625,0.00452731,0.13,swapped,3.0775057669101074
DBP,LTL (Codd 2021 source statistics),12:27964864:A:C,rs57469061,0.02482,0.003250813636484192,0.00284425,0.00258731,0.27,swapped,4.755390954872847
DBP,LTL (Codd 2021 source statistics),1:86831973:A:G,rs272502,0.01869,0.002599587221258643,-0.00092591,0.00209638,0.66,swapped,4.888370527618064
DBP,LTL (Codd 2021 source statistics),17:62638924:A:T,rs8081002,0.02938,0.0050564183551843585,0.00195366,0.00395017,0.62,swapped,3.8555089116681645
DBP,LTL (Codd 2021 source statistics),9:130642106:C:A,rs13302053,-0.02491,0.0029065433848894386,-0.00090406,0.00223821,0.69,swapped,5.911848261477743
DBP,LTL (Codd 2021 source statistics),12:69197737:A:C,rs2088577,0.01584,0.002504194919445502,0.00128171,0.00205574,0.53,swapped,4.1383688806967545
DBP,LTL (Codd 2021 source statistics),10:99861312:C:G,rs10786387,0.01996,0.002750967618768611,0.0003446,0.0021459,0.87,swapped,5.130424703943532
DBP,LTL (Codd 2021 source statistics),2:232065864:G:C,rs60953838,-0.01959,0.0029154477617817946,0.00135469,0.00233767,0.56,swapped,4.4533874909350875
DBP,LTL (Codd 2021 source statistics),2:134513437:G:A,rs1348839,-0.01749,0.002558365373681287,-0.00408072,0.00207772,0.05,swapped,3.5805719781056515
DBP,LTL (Codd 2021 source statistics),19:17417252:C:A,rs2288464,-0.02395,0.004162271150987159,0.00124267,0.00334802,0.71,swapped,3.9001235723345515
DBP,LTL (Codd 2021 source statistics),14:92386379:C:T,rs17732513,0.02673,0.002794858010530479,-3.412e-05,0.00213671,0.99,swapped,6.897876803127483
DBP,LTL (Codd 2021 source statistics),20:21242969:C:T,rs6047335,-0.02239,0.002780659052626258,0.00489307,0.00213137,0.022,swapped,4.229361822757684
DBP,LTL (Codd 2021 source statistics),8:130748007:C:G,rs7388479,0.01755,0.0024834291828750637,-0.00287148,0.00201765,0.15,swapped,4.121018398167808
DBP,LTL (Codd 2021 source statistics),6:55653619:C:T,rs17733982,-0.03638,0.00522501235591207,-0.00259503,0.00388898,0.5,swapped,4.568437620426375
DBP,LTL (Codd 2021 source statistics),6:119160491:C:T,rs147531464,0.02522,0.003450719870555402,-0.00010575,0.00269742,0.97,swapped,5.252633911623957
DBP,LTL (Codd 2021 source statistics),8:95707623:C:T,rs13249838,0.01579,0.0025432118892302347,0.0107492,0.00206733,2e-07,swapped,0.8899312716582103
DBP,LTL (Codd 2021 source statistics),3:183515314:A:G,rs263045,-0.01389,0.002463008711025566,0.00040565,0.00201369,0.84,swapped,3.9346733146076605
DBP,LTL (Codd 2021 source statistics),4:14905402:T:C,rs28397149,0.01848,0.0025998717684086706,0.00165632,0.00211309,0.43,swapped,4.592859614541869
DBP,LTL (Codd 2021 source statistics),19:41754217:G:T,rs11882467,0.01522,0.002727415066858192,0.00194784,0.00220112,0.38,swapped,3.4194011715351427
DBP,LTL (Codd 2021 source statistics),1:155089883:T:C,rs7365736,-0.01775,0.0024710929725620862,0.0033996,0.00202092,0.093,swapped,4.025865035809983
DBP,LTL (Codd 2021 source statistics),11:74378499:C:T,rs76704686,0.01366,0.0025036857885707316,0.00145965,0.00201623,0.47,swapped,3.44083389969915
DBP,LTL (Codd 2021 source statistics),12:33537387:T:C,rs1343676,-0.01557,0.002479431023152659,0.00163113,0.00200649,0.42,swapped,3.9743461891948497
DBP,LTL (Codd 2021 source statistics),20:35244926:C:T,rs138308851,-0.03397,0.00456462317872325,-0.00439226,0.00352766,0.21,swapped,4.51517423843615
DBP,LTL (Codd 2021 source statistics),16:69693038:T:A,rs72783107,0.02874,0.004437444634901546,-0.0158473,0.00373867,2.2e-05,swapped,1.7478808610410883
DBP,LTL (Codd 2021 source statistics),6:51243950:G:A,rs62458486,-0.01837,0.0028802072509017313,0.00172556,0.00242936,0.48,swapped,4.116356362149393
DBP,LTL (Codd 2021 source statistics),7:2830498:C:T,rs7790322,0.01536,0.0025895929403520084,-1.199e-05,0.00204506,1.0,swapped,4.28084052702378
DBP,LTL (Codd 2021 source statistics),15:67645013:G:C,rs35011221,-0.02015,0.0030675144159430503,0.00485491,0.00237438,0.041,swapped,3.3315138694838295
DBP,LTL (Codd 2021 source statistics),11:69462910:G:A,rs9344,-0.01346,0.00245435291440961,-0.00251312,0.00201371,0.21,swapped,3.0988272929030343
DBP,LTL (Codd 2021 source statistics),3:142614811:C:A,rs112211153,0.01919,0.0026281287899891817,-0.0021448,0.00210955,0.31,swapped,4.571783437757344
DBP,LTL (Codd 2021 source statistics),3:71175440:A:C,rs2593854,0.0166,0.0026353016959998867,0.00213551,0.00209799,0.31,swapped,3.846657640845298
DBP,LTL (Codd 2021 source statistics),13:59911420:G:C,rs9597982,0.01804,0.002872952446950852,-0.0024916,0.00233454,0.29,swapped,3.7981765835521335
DBP,LTL (Codd 2021 source statistics),2:239865055:A:G,rs4511740,0.02254,0.002934652594466535,-0.0016427,0.00239093,0.49,swapped,5.073404420104991
DBP,LTL (Codd 2021 source statistics),11:746086:C:G,rs112648305,-0.02846,0.003786158392975179,-0.00104729,0.00292385,0.72,swapped,5.182490881361386
DBP,LTL (Codd 2021 source statistics),2:9299947:G:A,rs35472763,0.01656,0.0026158110339882775,-0.0034299,0.0020832,0.1,swapped,3.4348844441435635
DBP,LTL (Codd 2021 source statistics),22:33173427:T:C,rs5754272,-0.02065,0.002477794606438797,-0.00129821,0.00200815,0.52,swapped,5.573447730201094
DBP,LTL (Codd 2021 source statistics),13:73466948:G:A,rs9543164,0.02054,0.0026886437286175353,0.00826577,0.00205651,5.8e-05,swapped,2.739610164980257
DBP,LTL (Codd 2021 source statistics),1:79352340:T:C,rs2635119,0.0167,0.0026947696086066686,-0.00516453,0.00216031,0.017,swapped,2.823844669984254
DBP,LTL (Codd 2021 source statistics),10:134517013:A:C,rs183672356,0.02441,0.004121900414717666,-0.00491423,0.00321785,0.13,swapped,3.2221182087069593
DBP,LTL (Codd 2021 source statistics),6:36644498:T:C,rs3829964,0.02699,0.002466966125941821,-0.00276701,0.00201423,0.17,swapped,6.953372979192819
