exposure,outcome,varId,rsid,bx,sx,by,sy,outcome_p_floor,outcome_p_one,steiger_z,panel_status
Hypertension,LTL (Codd 2021),4:81182554:T:C,rs12509595,0.10015,0.005278535327470936,0.0013083,0.0021886705770451957,False,False,,matched
Hypertension,LTL (Codd 2021),11:100610546:T:C,rs604723,0.0606,0.005761390459786492,0.00090123,0.002259542569801922,False,False,,matched
Hypertension,LTL (Codd 2021),10:104901491:T:C,rs12220375,-0.094401,0.008560113946533766,0.0083512,0.0036733846721905216,False,False,,matched
Hypertension,LTL (Codd 2021),7:27243238:G:A,rs2023844,0.080885,0.008716657422531455,0.012582,0.0038204222181193685,False,False,,matched
Hypertension,LTL (Codd 2021),19:7257990:C:G,rs12978472,-0.094401,0.007687422251371628,0.001627,0.0030194714320778203,False,False,,matched
Hypertension,LTL (Codd 2021),3:27562988:C:T,rs2643826,0.046672,0.005035402351945442,-0.0020168,0.0020280396324985567,False,False,,matched
Hypertension,LTL (Codd 2021),12:111884608:T:C,rs3184504,-0.052592,0.004857738521048411,0.015648,0.002033169642795908,False,False,,matched
Hypertension,LTL (Codd 2021),15:75077367:C:A,rs1378942,-0.040182,0.0052274831669935065,-0.004838,0.0021584697566463897,False,False,,matched
Hypertension,LTL (Codd 2021),10:115805056:G:C,rs1801253,0.039261,0.005435164137256993,0.0011711,0.0022959438175041216,False,False,,matched
Hypertension,LTL (Codd 2021),10:63511306:G:A,rs57541197,-0.057325,0.006867167854829244,0.0032987,0.002867563590916851,False,False,,matched
Hypertension,LTL (Codd 2021),20:10965998:G:A,rs1887320,0.047931,0.004857080966628502,-0.0029256,0.0019823944882017626,False,False,,matched
Hypertension,LTL (Codd 2021),4:86719165:T:C,rs17010957,0.039157,0.007004379618452467,-0.0020476,0.0028341306153245806,False,False,,matched
Hypertension,LTL (Codd 2021),1:230851536:C:T,rs2493136,0.048875,0.004943241502512568,0.0020857,0.002054427437307334,False,False,,matched
Hypertension,LTL (Codd 2021),15:81028965:C:G,rs11634851,0.039157,0.004957028736490621,-0.0048435,0.0020293645216809125,False,False,,matched
Hypertension,LTL (Codd 2021),11:65405600:G:T,rs2306363,-0.054488,0.006206032062549987,0.0024645,0.002478234665952347,False,False,,matched
Hypertension,LTL (Codd 2021),1:113230758:A:G,rs2999159,0.03791,0.00674765139199258,-0.00049166,0.002599746675613769,False,False,,matched
Hypertension,LTL (Codd 2021),11:13293905:C:T,rs900145,0.037598,0.005350544791849217,-0.0050096,0.002170551862190192,False,False,,matched
Hypertension,LTL (Codd 2021),2:43166683:G:A,rs76099932,-0.049742,0.008939694836393508,-0.00032399,0.003688207614248738,False,False,,matched
Hypertension,LTL (Codd 2021),6:97034715:G:A,rs2145535,0.036249,0.006297580218688103,-0.008196,0.002565538414702646,False,False,,matched
Hypertension,LTL (Codd 2021),4:156641047:G:A,rs3796584,-0.040182,0.005104044348784905,0.0015964,0.0020673582345284904,False,False,,matched
Hypertension,LTL (Codd 2021),3:48108442:T:C,rs6771917,0.03791,0.005924816448302938,0.0033782,0.002346735773548383,False,False,,matched
Hypertension,LTL (Codd 2021),13:113636156:C:T,rs9549328,0.032007,0.0057485373090461036,-0.0025206,0.002382145830755447,False,False,,matched
Hypertension,LTL (Codd 2021),9:113153647:T:C,rs10759426,0.045835,0.007906263060119914,-0.0016166,0.0029212949741330234,False,False,,matched
Hypertension,LTL (Codd 2021),9:136522274:C:T,rs6271,-0.065788,0.009479833999736533,-0.0012267,0.003849806830951209,False,False,,matched
Hypertension,LTL (Codd 2021),19:17219105:G:A,rs7246865,0.039053,0.005602318315374852,-0.001363,0.0022801788553944826,False,False,,matched
Hypertension,LTL (Codd 2021),11:30760335:T:C,rs3925584,-0.034401,0.004829031516676431,0.0020821,0.0020089086487429064,False,False,,matched
Hypertension,LTL (Codd 2021),12:115921518:T:C,rs6490020,0.028091,0.0050457641853405375,0.0040439,0.0020632521984576073,False,False,,matched
Hypertension,LTL (Codd 2021),17:62381714:T:C,rs6504213,0.034281,0.0053308174108552,-0.0024643,0.00205296939620422,False,False,,matched
Hypertension,LTL (Codd 2021),8:51937392:C:T,rs34261095,0.034902,0.006383934617001428,-0.0021491,0.0026084677934903855,False,False,,matched
Hypertension,LTL (Codd 2021),8:142367087:C:T,rs34591516,0.064752,0.011589253504387963,-0.0024605,0.004692024398095658,False,False,,matched
Hypertension,LTL (Codd 2021),19:5066330:G:A,rs2613765,-0.029559,0.00493679067024154,-0.00078775,0.0019750281940919233,False,False,,matched
Hypertension,LTL (Codd 2021),20:62694319:G:T,rs35213536,0.038325,0.005811939389003196,-0.0075367,0.0023435159922004793,False,False,,matched
Hypertension,LTL (Codd 2021),2:227099180:C:T,rs2943645,0.034799,0.005107549929497944,0.00026199,0.0020848893200401124,False,False,,matched
Hypertension,LTL (Codd 2021),6:22392260:A:G,rs2744133,-0.032467,0.005785280256967241,0.00097862,0.0022245753852407225,False,False,,matched
Hypertension,LTL (Codd 2021),17:61550729:C:A,rs4968783,-0.046884,0.005961299540355558,-0.0012638,0.0020622930951633657,False,False,,matched
Hypertension,LTL (Codd 2021),18:54578482:C:T,rs10048404,-0.033435,0.005833123791048485,-0.0009854,0.002106911546203781,False,False,,matched
Hypertension,LTL (Codd 2021),2:145796251:G:A,rs7575637,-0.028587,0.004827864175309818,-0.00033127,0.002024154124999581,False,False,,matched
Hypertension,LTL (Codd 2021),19:18455657:T:C,rs66978877,-0.041142,0.00580736878926997,-5.075e-05,0.0020244200296343244,False,False,,matched
Hypertension,LTL (Codd 2021),19:45412079:C:T,rs7412,-0.060154,0.008738497762042823,-0.019073,0.0036809150366562326,False,False,,matched
Hypertension,LTL (Codd 2021),2:632591:T:C,rs13028310,0.058371,0.006626112661669103,-0.0024013,0.0026786071917189354,False,False,,matched
Hypertension,LTL (Codd 2021),1:217737629:C:T,rs68085857,0.03335,0.005460634994667918,-0.00034164,0.0024702068363338502,False,False,,matched
Hypertension,LTL (Codd 2021),5:173340496:T:G,rs72812804,-0.036332,0.005522887393983814,0.0020003,0.0021852482977190958,False,False,,matched
Hypertension,LTL (Codd 2021),2:45878760:G:T,rs687914,0.046358,0.006023082761709822,-0.00040641,0.0023042490406968053,False,False,,matched
Hypertension,LTL (Codd 2021),19:45744552:T:C,rs143273199,0.034281,0.005964093855434197,0.0038477,0.0023045742130990868,False,False,,matched
Hypertension,LTL (Codd 2021),16:4020732:C:T,rs72762705,-0.04879,0.0064099840492541525,0.0043372,0.002542256549809376,False,False,,matched
Hypertension,LTL (Codd 2021),1:6645867:G:A,rs6682920,-0.034401,0.00534696592283928,-0.0062055,0.0021251508952102867,False,False,,matched
Hypertension,LTL (Codd 2021),7:28196222:A:G,rs849134,-0.026642,0.004689762714331258,0.0022405,0.0019890959208032095,False,False,,matched
Hypertension,LTL (Codd 2021),1:56980222:A:C,rs72664332,-0.045929,0.008164874489544739,0.0052086,0.00344005911530155,False,False,,matched
Hypertension,LTL (Codd 2021),7:75123519:G:T,rs6947307,-0.043059,0.005715794191772171,-0.00073282,0.0020443632958571855,False,False,,matched
Hypertension,LTL (Codd 2021),6:134209837:T:C,rs2327429,-0.032467,0.004994750225780648,-0.0014019,0.0021790782808867705,False,False,,matched
Hypertension,LTL (Codd 2021),5:214413:C:T,rs13173911,-0.027615,0.0050596387116770055,-0.0039303,0.0020052919497509673,False,False,,matched
Hypertension,LTL (Codd 2021),2:185195472:A:G,rs13026881,-0.034401,0.00572518457241996,0.0013565,0.0022135627342847806,False,False,,matched
Hypertension,LTL (Codd 2021),17:64494105:G:T,rs72842168,-0.034401,0.006187536214795057,-0.0025314,0.002545507499854644,False,False,,matched
Hypertension,LTL (Codd 2021),11:134443468:C:T,rs4937911,-0.033435,0.005895325410174108,-0.00024315,0.0021510362626190774,False,False,,matched
Hypertension,LTL (Codd 2021),2:121998898:C:T,rs6757766,-0.035367,0.006457657801609458,0.00045202,0.002994120347731749,False,False,,matched
Hypertension,LTL (Codd 2021),3:16846967:A:C,rs9881798,0.029738,0.005174809397780029,0.00099247,0.0020602339289486414,False,False,,matched
Hypertension,LTL (Codd 2021),2:219231012:A:G,rs4674299,0.039053,0.006745192741094605,-0.0036514,0.0025365197452887826,False,False,,matched
Hypertension,LTL (Codd 2021),9:14765030:T:C,rs923926,0.030769,0.005545989201799776,-0.0023901,0.002212401379574479,False,False,,matched
Hypertension,LTL (Codd 2021),16:15817195:G:C,rs8047068,0.038325,0.006157090825444035,-0.006164,0.0023014719032131464,False,False,,matched
Hypertension,LTL (Codd 2021),5:117880113:T:G,rs139332255,0.036768,0.0063951006167009316,0.0024511,0.0025688422334788686,False,False,,matched
Hypertension,LTL (Codd 2021),15:64832036:A:G,rs71394562,-0.061095,0.010764257749330128,0.0087467,0.003980682760783738,False,False,,matched
Hypertension,LTL (Codd 2021),5:167589015:C:G,rs12519010,-0.028587,0.005079841393052547,0.0028935,0.0020593257181594116,False,False,,matched
Hypertension,LTL (Codd 2021),12:84356791:T:C,rs12823001,0.03366,0.005252604573550038,-0.0053367,0.0020154669185939765,False,False,,matched
Hypertension,LTL (Codd 2021),17:27210253:T:C,rs6505095,-0.027615,0.004880169976260869,0.0021724,0.002139827475095389,False,False,,matched
Hypertension,LTL (Codd 2021),7:12284378:G:A,rs4721064,0.027474,0.0049222342436610654,0.0017026,0.0020230002904893375,False,False,,matched
Hypertension,LTL (Codd 2021),7:123420442:C:A,rs688242,0.02912,0.005304302445559391,0.012948,0.0020521546752654608,False,False,,matched
Hypertension,LTL (Codd 2021),7:150408956:A:C,rs34303348,0.032317,0.005268859133489409,-0.0013144,0.002198875339347401,False,False,,matched
Hypertension,LTL (Codd 2021),6:170625014:G:A,rs9356639,-0.045929,0.006959297226795349,0.0018301,0.0028446616462307435,False,False,,matched
Hypertension,LTL (Codd 2021),8:23414147:A:G,rs34007282,0.033764,0.0061266553826772804,0.0033811,0.002463992577361472,False,False,,matched
Hypertension,LTL (Codd 2021),12:70406027:T:C,rs75835390,0.04249,0.007412873631872294,0.0024718,0.002875465413823809,False,False,,matched
Hypertension,LTL (Codd 2021),14:72468149:G:A,rs12884483,0.029429,0.004920793646086922,-0.00099521,0.0021932413532018023,False,False,,matched
Hypertension,LTL (Codd 2021),19:18829770:A:G,rs11668587,-0.027615,0.004921461269406801,0.0034669,0.0021077255405549116,False,False,,matched
Hypertension,LTL (Codd 2021),10:114750380:G:A,rs61875119,0.034074,0.005832791968011908,-0.00095922,0.002404933728133106,False,False,,matched
Hypertension,LTL (Codd 2021),5:66185151:T:C,rs39862,-0.030529,0.005545219700390472,0.0028218,0.0022018622393870394,False,False,,matched
Hypertension,LTL (Codd 2021),1:190256588:A:G,rs815159,-0.029559,0.004868868461699635,0.00090235,0.0019885967133184417,False,False,,matched
Hypertension,LTL (Codd 2021),9:125780932:A:C,rs592977,0.043847,0.007783545909729136,-0.0042224,0.0030051138456389497,False,False,,matched
Hypertension,LTL (Codd 2021),5:136991751:G:A,rs11748938,-0.033435,0.005924593488146372,0.0029806,0.002377697971345482,False,False,,matched
Hypertension,LTL (Codd 2021),3:41105947:G:T,rs73075656,-0.041142,0.007302351672593094,-0.00016681,0.003325983678061514,False,False,,matched
Hypertension,LTL (Codd 2021),5:107475979:T:C,rs185361,-0.038259,0.006415960380765646,-0.00031391,0.0024980633094919334,False,False,,matched
Hypertension,LTL (Codd 2021),8:25987666:G:T,rs4284049,-0.037296,0.0062968528032637345,0.0041425,0.0025919896015822322,False,False,,matched
Hypertension,LTL (Codd 2021),8:126510338:A:G,rs6470361,0.035006,0.0053803812281458495,-0.00068032,0.00222704676203283,False,False,,matched
Hypertension,LTL (Codd 2021),6:15503696:G:C,rs10949304,0.027577,0.00476949882461987,-0.00091097,0.0020075934481428503,False,False,,matched
Hypertension,LTL (Codd 2021),2:183305099:C:T,rs11689230,0.030047,0.005440257454692128,-0.0014597,0.00202040460011198,False,False,,matched
Hypertension,LTL (Codd 2021),2:145240715:A:G,rs186852448,0.06646,0.009612098030168787,0.0017814,0.004969608874266519,False,False,,matched
Hypertension,LTL (Codd 2021),4:17978892:A:T,rs2724472,0.036975,0.006031169895663461,-0.0011789,0.002248090860766093,False,False,,matched
Hypertension,LTL (Codd 2021),2:144183002:G:A,rs10200533,-0.025668,0.004608801206125047,0.0011297,0.001988728140500133,False,False,,matched
Hypertension,LTL (Codd 2021),1:112343100:C:A,rs111760035,0.041447,0.0062945632437154215,0.0020779,0.0025766930220192975,False,False,,matched
Hypertension,LTL (Codd 2021),5:53300835:T:C,rs4334836,0.034799,0.005408210383550523,-0.0024198,0.002286882679227974,False,False,,matched
Hypertension,LTL (Codd 2021),10:121426312:G:A,rs7095308,-0.034401,0.005764256166978652,-0.0047448,0.002250471268011121,False,False,,matched
Hypertension,LTL (Codd 2021),1:56627805:A:C,rs706405,0.027371,0.005005190191161072,-0.0011481,0.0020746868488198222,False,False,,matched
Hypertension,LTL (Codd 2021),13:114995733:T:C,rs7332374,0.043952,0.006964386028626216,-0.0056278,0.002794213630497072,False,False,,matched
Hypertension,LTL (Codd 2021),13:32124747:A:G,rs12427467,-0.037296,0.005212992351872153,-0.0020924,0.0020610269788665036,False,False,,matched
Hypertension,LTL (Codd 2021),11:116648917:G:C,rs964184,-0.047837,0.006968372690583407,-0.01297,0.002899386628740006,False,False,,matched
Hypertension,LTL (Codd 2021),15:53091553:C:T,rs2456530,0.054139,0.007615321317143919,0.0052762,0.0029119537065269182,False,False,,matched
Hypertension,LTL (Codd 2021),3:160182911:C:G,rs4680586,-0.034401,0.0058543756813254355,-0.01374,0.002280819466195841,False,False,,matched
Hypertension,LTL (Codd 2021),6:20675792:C:A,rs35261542,0.037702,0.0056701173217334035,-0.0034923,0.0022461791299623526,False,False,,matched
Hypertension,LTL (Codd 2021),1:153948705:C:T,rs11264763,-0.030529,0.0053767424576396374,0.0070235,0.0022123465029694643,False,False,,matched
Hypertension,LTL (Codd 2021),9:22124744:C:G,rs4977575,0.034074,0.004912516120391856,0.00052491,0.0019710442392234656,False,False,,matched
Hypertension,LTL (Codd 2021),5:3704181:C:T,rs34099263,0.031594,0.005754995600515067,0.0050789,0.0022965675333484394,False,False,,matched
Hypertension,LTL (Codd 2021),1:16348729:G:A,rs1889785,0.033867,0.005220635072981553,0.0017186,0.0019992616150973372,False,False,,matched
Hypertension,LTL (Codd 2021),11:30429438:A:G,rs10742240,-0.035367,0.005085887151561859,0.00058825,0.0021060147267216132,False,False,,matched
Hypertension,LTL (Codd 2021),4:157694651:C:T,rs4691377,-0.058269,0.007384167154107515,-0.0019483,0.002822359982159235,False,False,,matched
Hypertension,LTL (Codd 2021),2:112689281:A:G,rs11902247,-0.037296,0.006007666318591756,-0.00025116,0.0025007537181828987,False,False,,matched
Hypertension,LTL (Codd 2021),10:96231169:G:A,rs11187969,-0.04879,0.007804800493910809,0.002428,0.0030108333690085443,False,False,,matched
Hypertension,LTL (Codd 2021),12:20007597:C:A,rs1465091,-0.040182,0.0063419824428011425,-0.0016642,0.002586790837471834,False,False,,matched
Hypertension,LTL (Codd 2021),4:45181334:A:T,rs12507026,0.035834,0.005025157793472086,0.00086646,0.002033237241655062,False,False,,matched
Hypertension,LTL (Codd 2021),18:21143739:T:G,rs2960578,-0.029559,0.004808652372077211,-0.0002165,0.001915275964865434,False,False,,matched
Hypertension,LTL (Codd 2021),11:58370698:G:A,rs11229543,-0.034401,0.00576373035152644,0.0014679,0.0023373979966013923,False,False,,matched
Hypertension,LTL (Codd 2021),2:25110289:T:C,rs75034121,-0.062035,0.009603792666140712,0.0032766,0.003505925042471286,False,False,,matched
Hypertension,LTL (Codd 2021),20:40261579:T:C,rs4812537,-0.032467,0.005056216252564319,-0.00045788,0.0021326346344907898,False,False,,matched
Hypertension,LTL (Codd 2021),20:51034311:A:G,rs6096940,-0.037296,0.005359518406198409,0.0023759,0.002065372521192999,False,False,,matched
Hypertension,LTL (Codd 2021),2:59311536:G:A,rs980183,-0.041142,0.005302869757757294,0.00092991,0.0020493333736155066,False,False,,matched
Hypertension,LTL (Codd 2021),1:40045300:A:C,rs61781370,0.04103,0.005994849755856362,-0.011301,0.0024296925974967997,False,False,,matched
Hypertension,LTL (Codd 2021),12:12887977:C:T,rs10845621,-0.031499,0.00531309325552298,-0.0066418,0.0022380008501711244,False,False,,matched
Hypertension,LTL (Codd 2021),18:1841371:T:G,rs9958909,0.050767,0.007410947225460197,0.0021347,0.002889232054456355,False,False,,matched
Hypertension,LTL (Codd 2021),20:47408414:A:G,rs2208589,0.038013,0.006723001159209395,-0.0025834,0.0024414962862705793,False,False,,matched
Hypertension,LTL (Codd 2021),14:103984537:T:C,rs911549,-0.035367,0.00529803451970134,0.0016027,0.0020755168143816163,False,False,,matched
Hypertension,LTL (Codd 2021),7:129663496:C:T,rs11556924,-0.039221,0.0049042937869111765,0.012812,0.002076272775165383,False,False,,matched
Hypertension,LTL (Codd 2021),5:55860866:G:T,rs3936510,0.044997,0.006165124717061809,-0.0020524,0.0024910982733980114,False,False,,matched
Hypertension,LTL (Codd 2021),17:43173273:T:C,rs2301597,-0.029559,0.00538827418085502,-0.00047962,0.001994875503793154,False,False,,matched
Hypertension,LTL (Codd 2021),5:122465154:T:C,rs450354,0.069029,0.009417211761043707,0.0034809,0.003882881678113706,False,False,,matched
Hypertension,LTL (Codd 2021),3:135876125:A:G,rs9865841,0.041551,0.00625351189034819,0.0031594,0.0024106900305875577,False,False,,matched
Hypertension,LTL (Codd 2021),13:73830066:A:G,rs9543292,-0.088011,0.011933110374146306,0.0012052,0.004757109850804119,False,False,,matched
Hypertension,LTL (Codd 2021),8:95967372:A:G,rs10808671,-0.030529,0.0046174665009472,-0.005417,0.0020050840294938625,False,False,,matched
Hypertension,LTL (Codd 2021),3:35645442:A:C,rs58783993,0.03304,0.005605176065229713,-0.0055836,0.002091751378426914,False,False,,matched
Hypertension,LTL (Codd 2021),11:113528519:C:T,rs139643287,0.046672,0.008300508653328403,0.00060586,0.0030008893926401713,False,False,,matched
Hypertension,LTL (Codd 2021),4:138411527:C:G,rs9685307,0.03242,0.005381331164790605,-0.0033086,0.002070212865611339,False,False,,matched
Hypertension,LTL (Codd 2021),4:103915310:T:G,rs7688940,-0.028587,0.005032251991689454,-0.0028975,0.002012807679786999,False,False,,matched
Hypertension,LTL (Codd 2021),17:73953404:T:C,rs11077798,0.039677,0.005578432029102611,-0.013494,0.002424171660957546,False,False,,matched
Hypertension,LTL (Codd 2021),21:45122573:G:A,rs10211901,0.035938,0.0048084534152704455,-0.0013422,0.0020372240610973128,False,False,,matched
Hypertension,LTL (Codd 2021),12:20380250:C:T,rs111928810,-0.044973,0.005654338766319649,-0.0014439,0.002244362029939659,False,False,,matched
Hypertension,LTL (Codd 2021),1:10800746:C:T,rs6700483,0.040301,0.006976314453796159,-0.001486,0.0028337119510547237,False,False,,matched
Hypertension,LTL (Codd 2021),6:43352980:A:G,rs1214759,-0.047837,0.005168513973077473,0.0028558,0.002129993867813318,False,False,,matched
Hypertension,LTL (Codd 2021),20:42797358:A:G,rs6031435,0.028605,0.004985599034520054,-0.0014463,0.0020018573495526183,False,False,,matched
Hypertension,LTL (Codd 2021),5:148385614:G:A,rs77114905,-0.047837,0.006504055959320468,0.0016667,0.002590676774915458,False,False,,matched
Hypertension,LTL (Codd 2021),2:65276452:T:C,rs1009358,-0.044973,0.005424107199865591,-0.00012687,0.0020232262629550388,False,False,,matched
Hypertension,LTL (Codd 2021),3:14954411:C:T,rs12630213,-0.046884,0.005415623464108253,-0.00079515,0.002138327225768741,False,False,,matched
Hypertension,LTL (Codd 2021),4:144043631:A:T,rs10005340,-0.035367,0.0055780573468917904,0.00021725,0.002163118113056357,False,False,,matched
Hypertension,LTL (Codd 2021),7:151403260:T:C,rs57807319,0.041551,0.005664841253377921,-0.0060604,0.002288780653483789,False,False,,matched
Hypertension,LTL (Codd 2021),5:158444274:C:T,rs36071027,-0.040182,0.00555143082326918,0.00049768,0.0020699921619777677,False,False,,matched
Hypertension,LTL (Codd 2021),7:1888051:G:A,rs11766944,-0.050693,0.006271882418127407,0.0061584,0.0025802907959780598,False,False,,matched
Hypertension,LTL (Codd 2021),5:127881566:C:T,rs6595839,0.050872,0.005489436316698849,0.0028305,0.0021597322692847006,False,False,,matched
Hypertension,LTL (Codd 2021),16:81510155:G:A,rs12926550,-0.037296,0.005403465709203357,0.0035388,0.0021514376367693677,False,False,,matched
Hypertension,LTL (Codd 2021),6:79513590:C:T,rs6913028,0.044161,0.005405653201016769,-0.0014423,0.001996320856848331,False,False,,matched
Hypertension,LTL (Codd 2021),4:111406496:G:A,rs13118687,-0.042101,0.005247075271699224,0.0029487,0.001998047110801387,False,False,,matched
Hypertension,LTL (Codd 2021),3:11545719:T:C,rs2443708,0.040197,0.005182571397963157,3.673e-05,0.0029305532659055465,False,False,,matched
Hypertension,LTL (Codd 2021),3:133995065:G:A,rs4384926,0.041551,0.004848371178173415,0.0017137,0.0020361891212331597,False,False,,matched
Hypertension,LTL (Codd 2021),5:114389826:A:G,rs10061288,-0.033435,0.004517894546754914,0.0008637,0.0020267606186292236,False,False,,matched
Hypertension,LTL (Codd 2021),12:50561998:A:G,rs11169294,0.034591,0.004937689674648127,0.0040726,0.002077895324671345,False,False,,matched
Hypertension,LTL (Codd 2021),11:16295390:G:A,rs1837099,-0.036332,0.005987091879740036,-0.00052674,0.0024533588874195832,False,False,,matched
Hypertension,LTL (Codd 2021),2:165085214:C:T,rs35456858,-0.047837,0.005688628095422428,-4.129e-05,0.0032943791001698885,False,False,,matched
Hypertension,LTL (Codd 2021),11:10296756:A:G,rs2920152,0.043743,0.006279274875024082,7.679e-06,0.00253900043244051,False,True,,matched
Hypertension,LTL (Codd 2021),7:106412082:G:A,rs62481856,0.048455,0.006172886708030581,0.004307,0.0025086114941607536,False,False,,matched
Hypertension,LTL (Codd 2021),17:45036112:A:T,rs17677363,0.063366,0.007348512842378244,0.0034429,0.0029929168118251514,False,False,,matched
Hypertension,LTL (Codd 2021),11:47361838:A:G,rs2596407,-0.040182,0.0051499802354806655,0.0071757,0.0020991652575261775,False,False,,matched
Hypertension,LTL (Codd 2021),6:151002371:T:C,rs62434125,-0.07139,0.009452734997460332,0.0022738,0.003803866970943488,False,False,,matched
Hypertension,LTL (Codd 2021),6:127155711:C:T,rs13210511,0.037806,0.004582547748428314,-0.00088718,0.002016716182254465,False,False,,matched
Hypertension,LTL (Codd 2021),11:1887068:T:G,rs569550,0.054879,0.004984977933217168,0.0018185,0.0020714291770577336,False,False,,matched
Hypertension,LTL (Codd 2021),20:57739469:A:T,rs6026739,0.067958,0.007621115769690031,0.00029486,0.002935866544606663,False,False,,matched
Hypertension,LTL (Codd 2021),16:53810546:C:A,rs7187250,0.076989,0.004932321155783272,-0.0034259,0.002045722712915991,False,False,,matched
Hypertension,LTL (Codd 2021),3:48866313:C:G,rs144519232,0.05975,0.010610781066170354,-0.0060837,0.0035995112285970117,False,False,,matched
Hypertension,LTL (Codd 2021),1:11865804:A:G,rs13306561,-0.08526,0.006563280333230831,-0.0058547,0.002697906069016641,False,False,,matched
Hypertension,LTL (Codd 2021),2:26929282:T:G,rs13394970,-0.05638,0.004883494016898129,0.00034907,0.0019791447371768256,False,False,,matched
Hypertension,LTL (Codd 2021),18:42948994:T:G,rs2247326,-0.031499,0.005231569431038781,-0.0010568,0.002193774336869552,False,False,,matched
Hypertension,LTL (Codd 2021),1:243385307:A:G,rs6662118,0.029429,0.005266748958928448,-0.0018586,0.0020732350504013715,False,False,,matched
Hypertension,LTL (Codd 2021),15:91437388:A:T,rs2521501,0.060706,0.0057180701922860296,0.0012517,0.002147582120326823,False,False,,matched
Hypertension,LTL (Codd 2021),7:150690176:C:T,rs3918226,0.10725,0.009993846653118943,-0.0030474,0.003778918290245732,False,False,,matched
Hypertension,LTL (Codd 2021),5:32832474:C:A,rs10059884,0.060387,0.00499416120515495,0.0031423,0.002021065968009822,False,False,,matched
Hypertension,LTL (Codd 2021),12:115552878:G:C,rs35443,-0.043059,0.00498508114513791,0.0012792,0.002036923167281491,False,False,,matched
Hypertension,LTL (Codd 2021),16:20359633:C:T,rs28544423,-0.037296,0.006536846946244671,-7.364e-05,0.0029375032705866336,False,False,,matched
Hypertension,LTL (Codd 2021),12:90025622:G:A,rs2681485,0.05975,0.004997810079212753,0.0002076,0.00206703484589413,False,False,,matched
Hypertension,LTL (Codd 2021),11:61278246:T:C,rs751984,-0.060154,0.007743320791871195,0.0010123,0.0030504438507831574,False,False,,matched
Hypertension,LTL (Codd 2021),10:18443726:T:C,rs10828277,0.037702,0.004769236644860172,-0.0015889,0.0020133259071457884,False,False,,matched
Hypertension,LTL (Codd 2021),17:7781019:T:C,rs74439044,0.057311,0.008294218934357257,0.012419,0.0033611473874500014,False,False,,matched
Hypertension,LTL (Codd 2021),15:41311799:T:C,rs2925345,-0.036332,0.005298320158821074,-0.0010845,0.0020126716460285164,False,False,,matched
Hypertension,LTL (Codd 2021),1:172357441:G:T,rs12405515,-0.028587,0.004966435274541163,0.0053887,0.002031884675110606,False,False,,matched
Hypertension,LTL (Codd 2021),2:158503739:C:T,rs2444770,0.037494,0.006441992358147583,0.0076718,0.002791997951743014,False,False,,matched
Hypertension,LTL (Codd 2021),17:47037024:A:T,rs11079847,-0.054488,0.005149988308233958,-0.00089892,0.002043403267152307,False,False,,matched
Hypertension,LTL (Codd 2021),21:16556367:C:T,rs1882961,0.041864,0.005390933732359363,0.0012089,0.0021845561636950465,False,False,,matched
Hypertension,LTL (Codd 2021),3:171833266:G:C,rs4894808,0.03542,0.00595880275608079,0.0025358,0.0020674617716260027,False,False,,matched
Hypertension,LTL (Codd 2021),1:89332099:T:C,rs12035750,0.036768,0.005372060369572076,-0.00097414,0.0020828362224669687,False,False,,matched
Hypertension,LTL (Codd 2021),8:81395746:T:G,rs6990531,-0.037296,0.005651538112322994,-0.008862,0.002327103054434541,False,False,,matched
Hypertension,LTL (Codd 2021),1:94769368:C:T,rs11580391,-0.041142,0.005887295508935571,-0.00091047,0.0022073973041736887,False,False,,matched
