"replicate","seed","LTL","BMI","LYM","fit_ok","first_index"
1,20260931,0.184268573588227,0.235860754117237,-0.00946475369214106,1,10
2,20260931,0.233065087808584,0.200725717173819,0.0304739660717033,1,65
3,20260931,0.154252858859674,0.27839126063918,0.00537190383903546,1,186
4,20260931,0.178872311430726,0.240433678673648,0.0352338469163065,1,52
5,20260931,0.234174235790348,0.196493298537675,0.0290466187601748,1,94
6,20260931,0.239513139395482,0.233020661599358,-0.00946193737661023,1,217
7,20260931,0.195632352990325,0.180436437949104,0.0261016517662474,1,145
8,20260931,0.187312975194586,0.270020736384854,0.0232514772706735,1,261
9,20260931,0.212943757422658,0.251661853953396,0.0173006449709344,1,289
10,20260931,0.16002099754539,0.181241504097659,0.0211655086385943,1,158
11,20260931,0.229645486044535,0.236099096484119,0.0221733436055497,1,94
12,20260931,0.205998282520576,0.235815295646665,0.0160435715885375,1,58
13,20260931,0.234540827460128,0.257038054828713,-0.0124670331071544,1,201
14,20260931,0.181144082331617,0.242152255544561,0.0136820188942018,1,318
15,20260931,0.162613145244484,0.206429148080494,-0.0536339014901294,1,238
16,20260931,0.198449430147538,0.217781473369356,0.0161174434576367,1,131
17,20260931,0.145963318159541,0.208762829054126,0.00201021646381809,1,205
18,20260931,0.223278556034978,0.23971723332496,0.0213313820604312,1,273
19,20260931,0.242859840159973,0.254143136371493,0.0243167850754718,1,240
20,20260931,0.157375997942011,0.230780870809319,0.0416663607976034,1,76
21,20260931,0.186538402106651,0.283912438962684,0.0439000665260941,1,208
22,20260931,0.225680414584974,0.145201503742074,0.0231938234201168,1,157
23,20260931,0.166828029661883,0.219449785543871,0.0525361625951148,1,254
24,20260931,0.168598790154556,0.207406753980898,-0.0176805329735724,1,116
25,20260931,0.2110161625472,0.278755780413608,-0.0187087308826985,1,116
26,20260931,0.194813667012776,0.203701134232312,0.00945003692573074,1,84
27,20260931,0.157097688392196,0.183030791146826,0.0438922526335495,1,61
28,20260931,0.221988415803662,0.171680277254342,0.0211007595365277,1,303
29,20260931,0.147056144457265,0.213431074059734,-0.0171459503777617,1,170
30,20260931,0.146441547047492,0.197055920693714,0.00878286096867233,1,115
31,20260931,0.202925009261218,0.215378395745638,0.0319607249791382,1,190
32,20260931,0.193457813596848,0.258051342327448,0.0376409525589066,1,13
33,20260931,0.187280652375505,0.275102370145649,0.0226485688836603,1,148
34,20260931,0.164805615397847,0.188037509918186,0.0469823337394424,1,283
35,20260931,0.174475220955315,0.223219825363307,0.0370841139510556,1,34
36,20260931,0.128145298961766,0.249033158785382,0.0151825489246696,1,176
37,20260931,0.175987669200809,0.259998554037311,0.0173104666983154,1,159
38,20260931,0.155578292467151,0.195477567950303,0.0306355176803121,1,311
39,20260931,0.210670339873568,0.210314827608675,0.00256510092471979,1,230
40,20260931,0.107707443193005,0.253281982016352,0.0287016061273285,1,32
41,20260931,0.187442529774213,0.233606697600035,0.0121159433249225,1,125
42,20260931,0.191280903577109,0.234333322585955,0.0132965566569472,1,111
43,20260931,0.165993284795494,0.277051202907894,0.0202287926653921,1,215
44,20260931,0.194186737872092,0.201005136832058,0.0377807100340564,1,182
45,20260931,0.174078772845746,0.19338957278066,0.0166533946611858,1,17
46,20260931,0.152282617945902,0.271414467789558,0.0277133360605237,1,71
47,20260931,0.200069878352511,0.253702930996104,0.0304011367948804,1,88
48,20260931,0.208048148752254,0.233392674806963,0.0100698140957288,1,134
49,20260931,0.118899779892372,0.207929391048654,-0.0333895537254474,1,93
50,20260931,0.196026660994521,0.279575783357083,0.0241077740052028,1,178
51,20260931,0.202325281208808,0.241821457037753,-0.000265139125937202,1,114
52,20260931,0.168510820444014,0.184281538501514,0.0179009452072431,1,18
53,20260931,0.234182910545586,0.199914038388933,0.051867601166961,1,270
54,20260931,0.11562192747206,0.220631081909089,0.0735391620427475,1,164
55,20260931,0.17952849751804,0.247547400240756,0.00891286887457268,1,120
56,20260931,0.149645793286111,0.191944272925964,0.0207115917558634,1,264
57,20260931,0.214415236843313,0.283850090058008,-0.00307299909092639,1,14
58,20260931,0.20675256816153,0.182800722105239,0.0395945483193005,1,122
59,20260931,0.192743906020186,0.247693342660264,-0.00181091389406864,1,249
60,20260931,0.173984295599139,0.233005126369543,0.061055694642702,1,140
61,20260931,0.174543151791978,0.246492373701364,0.0420687013299425,1,9
62,20260931,0.200765953068592,0.274329548665017,0.0560876567827359,1,84
63,20260931,0.173382155215425,0.225307486244241,-0.00212553787137784,1,223
64,20260931,0.233285611803753,0.259684146300306,0.0423239015312087,1,212
65,20260931,0.205881868771606,0.198542115171305,0.00753315505724395,1,125
66,20260931,0.194242402105312,0.190032577647985,-0.00766459656196383,1,157
67,20260931,0.217889701354751,0.183474129223218,-0.0196620226357776,1,172
68,20260931,0.220537712077757,0.294116170203274,-0.0122839511994989,1,1
69,20260931,0.20788838169201,0.190935889150726,0.00522717996539632,1,127
70,20260931,0.195846241818784,0.233823846403214,0.0393543203896218,1,260
71,20260931,0.218731773761787,0.25597716695926,0.018455873107058,1,301
72,20260931,0.20057856400524,0.226789642230858,0.00365318890136089,1,51
73,20260931,0.191585084919596,0.294444945378971,0.032477596137091,1,117
74,20260931,0.141883945452176,0.219494818869538,0.0366608069929746,1,85
75,20260931,0.165316610258523,0.241370062397919,-0.00566979230165369,1,301
76,20260931,0.191917376602546,0.171999033432721,-0.00595171322151817,1,20
77,20260931,0.197237446130854,0.197832991886646,0.0243217181541083,1,117
78,20260931,0.197890139724148,0.30059459454481,-0.000126364466821714,1,191
79,20260931,0.168240541875037,0.286754934859073,-0.0278565923244834,1,147
80,20260931,0.199940936123912,0.186188289311748,0.00747578029216095,1,156
81,20260931,0.194691834879741,0.265108252748909,0.0172549541278165,1,253
82,20260931,0.139845544304735,0.198872198615428,-0.0176717516758332,1,271
83,20260931,0.127311743211632,0.25897316682802,0.0140235706417163,1,168
84,20260931,0.158705047441717,0.305005448515026,0.00221730476507428,1,133
85,20260931,0.184654454804862,0.235164185319127,0.0356283352989483,1,276
86,20260931,0.225845333017752,0.24257566427845,-0.00720329156301071,1,124
87,20260931,0.175906514830871,0.263534049533908,0.0202828573789792,1,30
88,20260931,0.143188252039954,0.262840025750008,-0.00174448642490083,1,238
89,20260931,0.188584538621489,0.221341422347508,0.00516505041328182,1,318
90,20260931,0.18909063099875,0.260776533625662,0.0225927594666644,1,206
91,20260931,0.184528788831572,0.215566948394312,0.0496970991780563,1,70
92,20260931,0.135684444056301,0.225443903299261,0.0290930573082641,1,169
93,20260931,0.161902471590649,0.269115892798693,0.0331534468748686,1,240
94,20260931,0.157610709510685,0.207771816778632,0.0295260796637896,1,156
95,20260931,0.189858329788659,0.272343019658411,0.0114859093263505,1,175
96,20260931,0.194886075044861,0.184232542319678,-0.0063299551389639,1,194
97,20260931,0.150198667318121,0.268839845084173,0.0387940623811352,1,181
98,20260931,0.143355990669525,0.238919637957337,0.0314533800586516,1,142
99,20260931,0.133810250733726,0.205293015862363,0.0376531477844474,1,170
100,20260931,0.21136869795553,0.267744742994789,-0.00356710260151971,1,308
101,20260931,0.2002243490199,0.228401635810286,0.0588090068964412,1,150
102,20260931,0.171279749395617,0.261914365423961,0.0183247665959186,1,130
103,20260931,0.19499498662762,0.251923934627931,0.015041668036009,1,53
104,20260931,0.177758662435986,0.261267221845945,0.0631111334371124,1,178
105,20260931,0.147442255342474,0.263514374379903,0.0335483758206168,1,24
106,20260931,0.180267622215881,0.247956357932543,0.0276575085803738,1,125
107,20260931,0.194387896946628,0.270623819124614,0.0386585372060321,1,84
108,20260931,0.183573630843031,0.245000038754597,0.019861135511079,1,113
109,20260931,0.235272176766666,0.212683777387536,0.0758091789915609,1,67
110,20260931,0.174489443683806,0.247927959488491,0.0211298452723564,1,140
111,20260931,0.220113834405144,0.197932649841603,0.0156303211331912,1,43
112,20260931,0.17295730519654,0.223015179273463,0.00668119651427896,1,260
113,20260931,0.185775963509377,0.215155275403958,0.040547745769151,1,16
114,20260931,0.214868439517168,0.259511426359557,0.0206161843247175,1,186
115,20260931,0.207740254272459,0.274878691645993,-0.00106589640558805,1,15
116,20260931,0.228493660139381,0.184770312161918,0.0350352371680557,1,122
117,20260931,0.145293185243184,0.202864140555213,-0.00802450736518622,1,197
118,20260931,0.14766327943239,0.262630043813323,0.0250864650976975,1,132
119,20260931,0.177619983784092,0.257394824967651,0.0670790855221221,1,164
120,20260931,0.191636522666444,0.170650815512314,0.0336337015518307,1,129
121,20260931,0.205322087885536,0.210677375295622,0.00793236625650092,1,231
122,20260931,0.14189910920361,0.194248451313905,0.0288659363457965,1,93
123,20260931,0.157886977267538,0.246974887579467,0.0188487786934297,1,181
124,20260931,0.207400150582072,0.292427140919987,0.025435953770132,1,183
125,20260931,0.210913684484775,0.215162934187097,0.0175366504196252,1,87
126,20260931,0.174315852209166,0.225043587789203,0.0163124335630745,1,26
127,20260931,0.2245693530312,0.255096393267889,0.0269528659931454,1,112
128,20260931,0.128486297296565,0.268800153548679,0.0117495373745725,1,267
129,20260931,0.128907970292423,0.234662077442996,0.0127477980469783,1,17
130,20260931,0.218340244141184,0.288275856713274,0.0154112859267011,1,125
131,20260931,0.156787250333108,0.253041083121963,0.000339642555975923,1,221
132,20260931,0.172841335698655,0.20644362511826,0.015851845640865,1,131
133,20260931,0.142509422485819,0.169236822809785,0.0192913249239178,1,224
134,20260931,0.176271595161283,0.212322387140656,0.0179327304365358,1,76
135,20260931,0.152734752047164,0.212613792715114,-0.00921676094876441,1,258
136,20260931,0.124625106586957,0.302803223599756,0.00830549889974415,1,239
137,20260931,0.178191996032052,0.230883317121647,0.00222435151020896,1,270
138,20260931,0.256860743945535,0.202736293366616,0.0078455053514198,1,79
139,20260931,0.15597757694015,0.217435667000676,0.0549258078024467,1,115
140,20260931,0.133259355092682,0.174294288682292,0.0218124893770659,1,278
141,20260931,0.150416032883323,0.202159389581844,-0.000305821020586846,1,1
142,20260931,0.183175005553082,0.227542701126981,0.0118978507256379,1,282
143,20260931,0.186284960695056,0.230965979930886,0.0103911205170896,1,233
144,20260931,0.208699730921172,0.188727219476366,0.0248065606530537,1,133
145,20260931,0.187821332313485,0.279222886324683,0.0410059069945731,1,114
146,20260931,0.186789628107326,0.297853815048549,0.00227022125363265,1,33
147,20260931,0.177653288723855,0.233118892316831,0.0132260995490306,1,163
148,20260931,0.182287193012162,0.278356207132498,0.00553003020309802,1,34
149,20260931,0.175034083397447,0.20721664135045,0.0213551634838361,1,102
150,20260931,0.201779273097105,0.242314904959922,0.0177038344176039,1,236
151,20260931,0.141892851737902,0.221636053618743,0.0196044568197958,1,49
152,20260931,0.17827727379643,0.227468849182409,0.026593954259082,1,187
153,20260931,0.217414701801444,0.27360836649738,0.0368921914254652,1,233
154,20260931,0.172965189437285,0.289919205602292,0.0126048881140066,1,39
155,20260931,0.187816729500253,0.230618125061282,-0.00795057490805444,1,291
156,20260931,0.212436355390887,0.218818094850257,0.0170436199409627,1,150
157,20260931,0.180486386543822,0.115640470816565,0.0148480723960371,1,233
158,20260931,0.235621789299158,0.243010018483608,0.0308528459901112,1,157
159,20260931,0.161411017899068,0.217057904003691,0.0801907129684846,1,173
160,20260931,0.221011743189142,0.201138984053066,0.0524721099598705,1,165
161,20260931,0.13822666647534,0.303033279548657,0.00464009463885956,1,113
162,20260931,0.170137655287937,0.242352833504382,-0.0165081267807364,1,312
163,20260931,0.162500384078314,0.262252955249849,0.0445544554166736,1,205
164,20260931,0.247166107650145,0.225834544523994,0.0372542128886967,1,84
165,20260931,0.214334179935412,0.28888693750652,-0.0219575337615676,1,114
166,20260931,0.212261012265441,0.213205750929031,-0.017946534051192,1,123
167,20260931,0.17696373965252,0.236350658926143,0.000106074787965836,1,55
168,20260931,0.159246201974675,0.291676866307548,0.0247667136064676,1,308
169,20260931,0.217416353568661,0.205879779102409,0.0282475078159801,1,299
170,20260931,0.173972793976833,0.256429635735374,0.0260918644223302,1,224
171,20260931,0.13714758566043,0.224475381426069,0.0612627559311821,1,83
172,20260931,0.231944114773171,0.204807880462537,0.0405666594979592,1,148
173,20260931,0.0862949565296286,0.208532247195148,0.0338352873048062,1,171
174,20260931,0.184825849047637,0.261270408037463,0.0221173213073608,1,272
175,20260931,0.189589939788031,0.217520774791174,0.022611101149332,1,294
176,20260931,0.135316718223236,0.22143260820384,0.0218891320282208,1,206
177,20260931,0.202468216321258,0.2480007825124,-0.00800337479200207,1,10
178,20260931,0.274360783082474,0.198251621217737,0.0456290829291511,1,270
179,20260931,0.189668841954553,0.254279857072196,0.0360558652447172,1,284
180,20260931,0.229916745881698,0.224722505970121,-0.0190310299074889,1,77
181,20260931,0.195066372027375,0.256957566425214,0.00123693765828916,1,247
182,20260931,0.225176827326058,0.200362777175044,0.00755630194755832,1,279
183,20260931,0.220275157209588,0.232588389864022,0.0344152155386082,1,154
184,20260931,0.135235140776422,0.194443738252868,0.00153934764458772,1,47
185,20260931,0.21816819254963,0.254246645442974,0.018915692864702,1,64
186,20260931,0.218698590856465,0.245930771841985,0.0293307644816954,1,121
187,20260931,0.172867589260187,0.228488821417607,0.00815721142937305,1,195
188,20260931,0.169256459101625,0.249124482920641,0.00818708725574073,1,32
189,20260931,0.236080076712746,0.214934616270229,0.00753923088639267,1,289
190,20260931,0.16400535008698,0.231574550205812,0.0277415770749921,1,66
191,20260931,0.204463060320215,0.176310138256729,0.0355817879077551,1,28
192,20260931,0.198407364905763,0.257779218140676,0.0521872694403201,1,267
193,20260931,0.22256914006407,0.193792211411908,-0.0172335130052542,1,248
194,20260931,0.200619030644692,0.211257979476366,-0.0111707826595055,1,143
195,20260931,0.11627865468501,0.208821312113673,0.019701895213084,1,189
196,20260931,0.093234995612145,0.269927178847197,0.0106503421818108,1,102
197,20260931,0.160596739659638,0.143829614792519,0.023047475662578,1,206
198,20260931,0.187117433650866,0.251417815565221,0.00267421327735356,1,288
199,20260931,0.18547930402554,0.257128320008726,0.0243382938033491,1,308
200,20260931,0.219556583184466,0.208255841336449,0.0266386225371773,1,102
201,20260931,0.164410089627262,0.268487716437638,0.0229755895984903,1,133
202,20260931,0.0671788447331267,0.281629588829448,0.01007912632397,1,184
203,20260931,0.12912667190692,0.185278086767817,0.0102298304746768,1,163
204,20260931,0.167767484779694,0.247266086765034,0.00839168693120571,1,213
205,20260931,0.113652379983634,0.2726989026646,0.0173323536233349,1,57
206,20260931,0.22348193553548,0.20034691272689,0.0246804486207695,1,80
207,20260931,0.199565525179649,0.261572608054772,0.0234873564942016,1,2
208,20260931,0.201945327049219,0.30064414939067,0.00526787571363443,1,27
209,20260931,0.217075777900087,0.262403229824542,0.0185930817039417,1,80
210,20260931,0.174685324433157,0.250178154589333,0.00415378489555559,1,46
211,20260931,0.203257140732409,0.295205171647449,0.00600160628884778,1,151
212,20260931,0.138218458418977,0.251451185175521,0.00722944953399631,1,196
213,20260931,0.225013951363017,0.199538303114209,0.0295042857722144,1,306
214,20260931,0.180545935859704,0.267857308660871,0.0172966148393735,1,117
215,20260931,0.110694518199475,0.22118409100414,0.0105145698102726,1,17
216,20260931,0.228453721109203,0.258539319586025,0.0139622251116364,1,142
217,20260931,0.187900250132231,0.254259992654585,0.0406341658039276,1,241
218,20260931,0.146604681026552,0.177929151421295,0.0169266687378156,1,231
219,20260931,0.189765304561567,0.236340637763164,0.0129444941141378,1,5
220,20260931,0.207726725155277,0.20961101269115,0.0534584484813981,1,238
221,20260931,0.172682621709025,0.242034769347206,0.00407956038155837,1,21
222,20260931,0.223005775828933,0.178223382242177,0.015397656502939,1,287
223,20260931,0.181030796327701,0.18101212405234,0.0020928528107278,1,138
224,20260931,0.192099762420231,0.233620379449324,0.0377698460576982,1,141
225,20260931,0.180061196601284,0.280685731009355,0.025471620262959,1,170
226,20260931,0.222921146914871,0.276740108342027,0.00970946373552741,1,209
227,20260931,0.16932763125069,0.274402270686584,0.0538950356967335,1,44
228,20260931,0.198294142950243,0.22417148383481,0.025683198648068,1,37
229,20260931,0.194184328818605,0.248578382357547,0.0334756963477886,1,96
230,20260931,0.181083489146616,0.219286302438889,0.00848432752624904,1,140
231,20260931,0.193471866886807,0.247871804061265,0.00651403389725583,1,79
232,20260931,0.182716736054132,0.226165592965066,-0.00548123450976478,1,255
233,20260931,0.224401284498765,0.198070810385856,0.00869889775546577,1,271
234,20260931,0.143282493632466,0.244281685063396,0.0147068668327408,1,212
235,20260931,0.152687439749556,0.236120211852815,-0.0183541421785977,1,188
236,20260931,0.220215489436167,0.195340284172371,-0.00472129133298844,1,261
237,20260931,0.173326306028919,0.29600777738554,0.0185991806772058,1,193
238,20260931,0.161915516679244,0.296212291760931,0.0161410613595314,1,161
239,20260931,0.171769003093554,0.260545781944194,0.0139950355260615,1,177
240,20260931,0.0900227396006264,0.132304963180145,0.0222759949649181,1,302
241,20260931,0.216966098295715,0.200898576887216,0.01886834665962,1,132
242,20260931,0.118871237889673,0.2528876383819,0.029793200237303,1,263
243,20260931,0.206305458778501,0.300738905113815,0.00438905907150964,1,108
244,20260931,0.133309906260508,0.256039504583066,0.0131568333517136,1,169
245,20260931,0.189265510172677,0.244136927495315,0.0273830229037784,1,37
246,20260931,0.157260634989321,0.274824317877623,0.0262895044799991,1,229
247,20260931,0.191861426928472,0.200433373422811,0.0126101750099211,1,136
248,20260931,0.127876778776092,0.206986782929736,0.0323222093854587,1,228
249,20260931,0.118466327837179,0.181153576118902,0.0326660175398765,1,297
250,20260931,0.150225495095418,0.185537291072805,0.00515596674449056,1,294
251,20260931,0.218189054311043,0.245212937455453,0.00510753166224647,1,164
252,20260931,0.133362171712924,0.275847166903123,0.0295410176460979,1,182
253,20260931,0.159890274819941,0.271785993519724,0.0108310831435642,1,236
254,20260931,0.164219963423353,0.169529289699593,-0.00738662366531581,1,67
255,20260931,0.172028656138544,0.256509634970575,0.00354145531956453,1,213
256,20260931,0.158221388749338,0.270066419626725,0.000221659801772379,1,209
257,20260931,0.17138383727163,0.233984717692864,0.00361612277099066,1,44
258,20260931,0.193246318724023,0.229798817337176,0.0527513474815824,1,180
259,20260931,0.173592106615453,0.200878420061574,0.00404502082961619,1,207
260,20260931,0.215379523463318,0.273685771094263,0.00273558145853278,1,200
261,20260931,0.0820064125555656,0.268558849893119,0.0452136512783354,1,3
262,20260931,0.197924869947583,0.230859997755366,0.0464231719159333,1,65
263,20260931,0.216332218292556,0.253559508503417,0.00521062940722123,1,248
264,20260931,0.216566226039698,0.286412346868939,0.0355896130464895,1,288
265,20260931,0.185425190288067,0.272785788051849,0.00904941687506848,1,194
266,20260931,0.228336169049928,0.195643160068007,0.0236999801979047,1,95
267,20260931,0.189061347693953,0.2424920902028,0.0140197263770602,1,64
268,20260931,0.152628756635296,0.263382753300129,0.0340019825529966,1,4
269,20260931,0.272304839264023,0.274820701010877,-0.0138207870090181,1,136
270,20260931,0.189651097830238,0.217681225440509,0.0481508948384111,1,66
271,20260931,0.174674328972792,0.25811344186187,0.0249429086359224,1,202
272,20260931,0.1508400039583,0.172321873211192,0.0582704143766001,1,238
273,20260931,0.143146000569128,0.230643634171891,0.0140791674309266,1,135
274,20260931,0.195562187816488,0.183807211386715,0.0339108397346939,1,88
275,20260931,0.119143859284736,0.280687804095827,0.00419520562963392,1,206
276,20260931,0.218093135692486,0.213909423828231,0.024328528191157,1,24
277,20260931,0.192653110742782,0.221135621744122,0.0162211404417009,1,122
278,20260931,0.145867363796258,0.202220288509917,-0.0202074191263984,1,244
279,20260931,0.197813214039418,0.242393817383763,0.0162326345914835,1,107
280,20260931,0.238780989345768,0.205150075824189,0.0190544946223888,1,11
281,20260931,0.224671276958178,0.215819859383604,0.0261174953818909,1,97
282,20260931,0.16864809655178,0.244704016682008,-0.00824310414679601,1,317
283,20260931,0.248986267782183,0.232745213190659,0.0130431293907579,1,246
284,20260931,0.200464853083909,0.233642609704165,0.0140024835033718,1,247
285,20260931,0.186695183670301,0.189061515028649,0.00852513931125663,1,253
286,20260931,0.213493261604193,0.278804492834579,0.0113662282509812,1,160
287,20260931,0.145584995968828,0.269403463031744,0.00178026163209114,1,266
288,20260931,0.185631670694799,0.23313533360776,0.0320657426852365,1,292
289,20260931,0.184276620133522,0.18928401816903,0.000995044550054268,1,51
290,20260931,0.187773471996424,0.283372526744143,0.0125212604033508,1,161
291,20260931,0.142935674774713,0.217357847781962,0.0240291457358991,1,126
292,20260931,0.176573524506788,0.22383773279494,0.0261144300876828,1,29
293,20260931,0.213968288482362,0.158315046884064,-0.00101063411180004,1,222
294,20260931,0.128652807800784,0.203794397304962,0.0414299850158776,1,223
295,20260931,0.171284175562543,0.256342113184269,-0.0290289574751939,1,86
296,20260931,0.215323602690679,0.260886449310115,0.0165469730468363,1,36
297,20260931,0.0929626418140843,0.208612712920616,0.0446643156024834,1,36
298,20260931,0.106437921502944,0.222000874762953,0.0137782660907506,1,91
299,20260931,0.168619667363351,0.244545276532852,-0.0175107097278162,1,260
300,20260931,0.187097294913105,0.202149628706422,0.00139643122329396,1,188
301,20260931,0.186335419481275,0.234142467491753,-0.00663104534188455,1,297
302,20260931,0.195832282270556,0.174195905883552,0.0185495922512445,1,267
303,20260931,0.205769587548631,0.240754607841962,0.0236759545144983,1,57
304,20260931,0.209893503467047,0.237144650861344,0.0112251576244927,1,264
305,20260931,0.149396463376177,0.291159076115684,-0.0220867794955918,1,255
306,20260931,0.234011309523876,0.278485866138322,0.008217903268716,1,165
307,20260931,0.20853956277034,0.185875264669219,0.0107654802025945,1,24
308,20260931,0.18133538698672,0.225300413885594,0.0293333647339885,1,56
309,20260931,0.162470736869463,0.305110396169734,-0.0274801811590348,1,2
310,20260931,0.176334924864928,0.235468774156532,-0.0139609404110162,1,8
311,20260931,0.156001816779713,0.247220582128246,0.0332031995237497,1,73
312,20260931,0.126260038512025,0.260740527074385,0.0182092288812766,1,29
313,20260931,0.192151247754376,0.242628324245259,0.0261431631609574,1,199
314,20260931,0.183959038038276,0.227913500226886,0.0064261040882296,1,229
315,20260931,0.209753443188388,0.226531936977715,0.0203563163399883,1,60
316,20260931,0.180771294114247,0.283974531130454,-0.0174233450711146,1,29
317,20260931,0.146756894712772,0.228850268994546,-0.00764691246788842,1,231
318,20260931,0.168333929857372,0.242468674374921,0.03616857311731,1,90
319,20260931,0.207684622711921,0.229765333832734,0.00798413915752585,1,38
320,20260931,0.167663189737555,0.229173346976217,-0.0135792754134858,1,175
321,20260931,0.181089996131568,0.231812245319274,0.0362861398243173,1,295
322,20260931,0.194424200890759,0.259018597081667,0.018861162829717,1,49
323,20260931,0.21320867575685,0.240924542043767,0.0458597680975927,1,21
324,20260931,0.220671994030153,0.235455127539806,0.031845933153863,1,54
325,20260931,0.172480703170679,0.254766205002613,0.0389853945343617,1,40
326,20260931,0.154420820916761,0.226450846888362,0.0114751232906509,1,277
327,20260931,0.220729941732238,0.212978455652665,0.00197661103693458,1,294
328,20260931,0.163290632908963,0.248347400191475,0.0207249458043948,1,74
329,20260931,0.175061968667992,0.219649705583944,-0.00197809908656765,1,229
330,20260931,0.193652098047735,0.264763750055636,-0.0100934783400589,1,14
331,20260931,0.250587680732865,0.240150063347029,0.0495898824314066,1,69
332,20260931,0.163801297816546,0.260954146442071,0.0330265517489999,1,19
333,20260931,0.215970184264393,0.220861518326065,0.0318388515487692,1,97
334,20260931,0.146918132820885,0.292029202598305,0.020051767898634,1,25
335,20260931,0.203682947290909,0.231691214519471,0.0162243311347116,1,189
336,20260931,0.16636029174778,0.22291901262249,-0.0020226424578192,1,263
337,20260931,0.215790528530927,0.25180171756477,0.0366686913218395,1,92
338,20260931,0.170026796941372,0.267302895816998,0.0176992703049208,1,171
339,20260931,0.254695179590923,0.201948758166234,0.0140204799722204,1,65
340,20260931,0.206333953045598,0.22981396562458,0.027369990147013,1,196
341,20260931,0.181233676518582,0.245815665441647,0.0484003577616572,1,272
342,20260931,0.19136370629215,0.253014315701478,-0.00399271920503081,1,192
343,20260931,0.160252455055032,0.264833734420729,0.00877424843372261,1,304
344,20260931,0.162149950484318,0.269736100238686,-0.000200865137726008,1,79
345,20260931,0.231853620778654,0.232933550504316,0.0410276471520622,1,255
346,20260931,0.181482718524597,0.23459602220954,0.0620752590829947,1,151
347,20260931,0.221722730853203,0.211019679699931,0.0332075213096101,1,53
348,20260931,0.134959978422649,0.218220287012793,0.0222713766606125,1,270
349,20260931,0.152656397406054,0.236490892796885,0.0546935198772215,1,124
350,20260931,0.1791153657511,0.231104701714045,0.0360369932446476,1,47
351,20260931,0.237329487232118,0.279699163735908,0.0573134430608225,1,111
352,20260931,0.153713223592433,0.152170806885922,0.06401040159103,1,60
353,20260931,0.179915352768481,0.251643202052078,0.018346243388826,1,142
354,20260931,0.230730857314348,0.210976314615214,0.0240320104013575,1,164
355,20260931,0.159664648297035,0.172137830343281,0.0577184746211738,1,188
356,20260931,0.172896506399534,0.274557520046543,0.0291818511472509,1,66
357,20260931,0.231971022309727,0.289767542717059,0.0216553456943034,1,274
358,20260931,0.131840249266208,0.180857816653872,0.0244276892198599,1,261
359,20260931,0.164484335718691,0.241553712761517,-0.0137699620624531,1,86
360,20260931,0.205173713470899,0.225383676286096,0.058426095409356,1,180
361,20260931,0.14349100477572,0.261324617026958,0.0365020161525179,1,256
362,20260931,0.122189470580817,0.294612265359303,0.0250041919373171,1,140
363,20260931,0.208987349299121,0.146759898861785,-0.00102739754924096,1,234
364,20260931,0.157609188980812,0.197274169491057,0.0158208638201389,1,163
365,20260931,0.189730649244795,0.226877690478812,-0.013121249770636,1,79
366,20260931,0.193285418414519,0.258785934762936,0.00534884987451012,1,201
367,20260931,0.20093368350629,0.218431741030658,0.0103851057244543,1,129
368,20260931,0.187323768502249,0.189861544279372,0.00738706548699935,1,185
369,20260931,0.214211705544512,0.168279626613729,0.034124237292487,1,220
370,20260931,0.210075958671084,0.212662893280724,0.034896803615979,1,1
371,20260931,0.124490419392165,0.264495951563244,0.00442867326464933,1,81
372,20260931,0.204224899681677,0.139420014875097,0.0682682308120091,1,218
373,20260931,0.181015315701572,0.251017980330378,-0.00238301470449634,1,225
374,20260931,0.164167471955168,0.237849535942456,0.0147340124199561,1,184
375,20260931,0.151037721940212,0.232251752317032,-0.00683225656547248,1,202
376,20260931,0.163137379708213,0.204736507397531,0.0273451470838759,1,173
377,20260931,0.223032627320984,0.24821259747737,0.011200439771865,1,277
378,20260931,0.22998808700117,0.166643453106524,0.0228811152021637,1,158
379,20260931,0.204418046691739,0.270688513044364,0.0148139502978466,1,273
380,20260931,0.204149208257633,0.281280967985249,0.0442628050698456,1,53
381,20260931,0.137628378411713,0.262780871678976,0.046807648810189,1,103
382,20260931,0.207112478592717,0.240188448184973,-0.0118688222572313,1,252
383,20260931,0.210154071841887,0.207045392405295,0.00685318459528638,1,178
384,20260931,0.0994643494986556,0.20324620376746,0.0277627422704025,1,174
385,20260931,0.215058068599575,0.215733344209757,0.0426536181592336,1,229
386,20260931,0.132449711025768,0.234493771384161,0.053128176025852,1,237
387,20260931,0.200506385322488,0.248226103941803,0.0325023735577304,1,23
388,20260931,0.207549597826259,0.262295282570966,0.0406743484183138,1,215
389,20260931,0.186303122712419,0.21133779054459,0.0340165713863019,1,7
390,20260931,0.210223002025925,0.201795897980823,0.0224174897696707,1,245
391,20260931,0.188169173390865,0.289559334322509,0.0168805218941657,1,305
392,20260931,0.193358531994,0.206359395820061,-0.0130778536022293,1,258
393,20260931,0.175283744483839,0.258092249139995,0.0138252284429318,1,290
394,20260931,0.180673289606728,0.175352399624609,0.0242526154270492,1,57
395,20260931,0.232773628425119,0.245991650805329,0.0156898770955883,1,172
396,20260931,0.173820161393092,0.202709777485851,0.0211572772295601,1,239
397,20260931,0.123071094275404,0.151957059545951,0.00805903657164119,1,252
398,20260931,0.124135975531203,0.226976349716626,-0.00688279740464318,1,70
399,20260931,0.128027121033791,0.247104798904953,-0.0156159989070295,1,217
400,20260931,0.191195041685289,0.222190313440254,0.0461582290247837,1,224
401,20260931,0.184365662253261,0.178501464284095,0.0339991441573935,1,121
402,20260931,0.226524720027694,0.197193197835288,0.0312692262493293,1,172
403,20260931,0.17340377593294,0.232684854739531,0.0197756399361904,1,23
404,20260931,0.185782370938848,0.219087816649643,0.00975855521792307,1,215
405,20260931,0.189638240507271,0.22506113397423,0.0296410912405018,1,77
406,20260931,0.26290611435704,0.250086673915075,-0.00718640548764525,1,212
407,20260931,0.223679852329723,0.27072921920552,0.0168476486753392,1,200
408,20260931,0.177458230209719,0.215739049363086,-0.0105781043817581,1,317
409,20260931,0.175475596023302,0.230065538871728,0.045911778474396,1,71
410,20260931,0.179094001498142,0.232178073880166,0.00376924512414874,1,67
411,20260931,0.133851134221384,0.186259397095084,-0.00408421101025876,1,227
412,20260931,0.234541995662791,0.285301637551521,-0.0114729171350319,1,24
413,20260931,0.171543592492368,0.208260409253794,0.0111347445412311,1,21
414,20260931,0.139506387300631,0.279666404070367,-0.00595167608130674,1,302
415,20260931,0.182924556527319,0.27108441931855,0.024336968067348,1,17
416,20260931,0.143456617649804,0.244192479462089,0.0199364056858045,1,231
417,20260931,0.123865321433338,0.231664997823434,0.014283563128501,1,200
418,20260931,0.207047919350015,0.233868445059085,-0.0222814131201545,1,193
419,20260931,0.133970561530614,0.197567828550328,0.0144176447030594,1,20
420,20260931,0.180858136052094,0.230106392719386,0.0570194038958518,1,158
421,20260931,0.168933246699841,0.177500957828138,0.0179119513048732,1,192
422,20260931,0.198359962436183,0.267713316126652,0.0502090815571669,1,3
423,20260931,0.168332988264403,0.161787553310403,0.0595950525208863,1,234
424,20260931,0.233334746140706,0.196916128528357,0.021218575930532,1,304
425,20260931,0.156911369305815,0.280888146729074,0.022759712585791,1,277
426,20260931,0.200060598488345,0.189081001888882,0.0386335764226535,1,92
427,20260931,0.176554702645052,0.233561400130357,0.0534595830431708,1,1
428,20260931,0.160821950913329,0.217262816659893,0.016245636187224,1,305
429,20260931,0.198407677376178,0.277380515961376,0.0344454041824409,1,245
430,20260931,0.136992664482255,0.25412156167891,0.00969355901358303,1,101
431,20260931,0.227921774348691,0.208649633555751,0.027406280274614,1,96
432,20260931,0.206096582850764,0.210387332465487,-0.0160549578716012,1,66
433,20260931,0.226749939184502,0.176772954382021,0.0146600928307446,1,251
434,20260931,0.187403257568006,0.246883214584802,0.0267845085206271,1,179
435,20260931,0.157504362252611,0.288616850862979,0.0148992663904257,1,74
436,20260931,0.188905291450385,0.27827465134996,0.00128437689562811,1,227
437,20260931,0.205024542027995,0.237185918541697,0.00450322212076243,1,4
438,20260931,0.208733021574306,0.167873304525781,0.0095095583985191,1,249
439,20260931,0.164579750494541,0.30756995636298,0.0075981566465817,1,118
440,20260931,0.118250540843657,0.244539122964832,-0.0247127934954378,1,2
441,20260931,0.163165049837607,0.230679069241167,0.00864897182205706,1,75
442,20260931,0.241892451930283,0.246764310589325,0.0482648883369321,1,188
443,20260931,0.248398137833308,0.255765152990923,0.0129904490603331,1,255
444,20260931,0.244453611470982,0.131693412880302,0.000586285620489131,1,124
445,20260931,0.169079829071893,0.295777783252215,0.0503363442557488,1,92
446,20260931,0.124504515720417,0.190693874789665,-0.00406317257219984,1,245
447,20260931,0.271213764890038,0.224408569133776,0.0284111779019376,1,261
448,20260931,0.179120631906426,0.238692388095893,0.0539695348357016,1,131
449,20260931,0.20403788984057,0.237481231523318,0.0318542615914218,1,293
450,20260931,0.164932716130079,0.24169489276651,0.0252724401941925,1,261
451,20260931,0.203536917521236,0.271346105592113,0.0294403902936548,1,213
452,20260931,0.227078092817077,0.221876223711517,0.0410005712579854,1,105
453,20260931,0.240166547256603,0.204593931751893,0.015006692647613,1,150
454,20260931,0.149183775927881,0.213617384031426,-1.30593462081255e-05,1,175
455,20260931,0.191028640243215,0.180952752516959,-0.0128281675722971,1,90
456,20260931,0.105287969822541,0.171705939394095,0.030150375449094,1,314
457,20260931,0.224119433965411,0.2170963288149,0.0141549964228955,1,288
458,20260931,0.13609892311191,0.255912473942936,0.0167490155787803,1,281
459,20260931,0.215041313063165,0.172804745961218,0.0106550078929804,1,192
460,20260931,0.176352058675989,0.232902906308166,0.0293679252951482,1,283
461,20260931,0.143257384756006,0.2367495205,0.0157393492409615,1,222
462,20260931,0.156518124006195,0.197402318523956,0.00883238231802699,1,194
463,20260931,0.192596069688981,0.260636787843988,0.0155045219340408,1,171
464,20260931,0.170950488553923,0.267858322890983,0.0284074110353314,1,297
465,20260931,0.174308510418482,0.278384859944845,0.0107045528589991,1,275
466,20260931,0.121619472229382,0.215159558266906,0.0174540850535126,1,123
467,20260931,0.159518888316798,0.27620598394915,0.010018883363903,1,273
468,20260931,0.174760758016664,0.166471406185593,0.0641856042473576,1,256
469,20260931,0.248378225686539,0.263708352700066,0.0698693289970769,1,312
470,20260931,0.210604278939592,0.242041449999606,0.0334860602965181,1,52
471,20260931,0.284086046035583,0.26820846160724,0.015329730804208,1,61
472,20260931,0.240498360331874,0.247073537260917,0.00276631189487134,1,114
473,20260931,0.159598232551539,0.27435872407461,0.0244108993324226,1,76
474,20260931,0.144173677869724,0.271312247757598,-0.00150294973202898,1,174
475,20260931,0.17647816905506,0.18477822481197,0.0505863611932322,1,287
476,20260931,0.23650205572869,0.2964236402404,0.0375747303017283,1,181
477,20260931,0.230663785024824,0.281345011753044,-0.00829265474314381,1,131
478,20260931,0.184898781473922,0.257233579797244,0.00499387900467215,1,190
479,20260931,0.164770374267351,0.231054742447281,0.0350917147236378,1,53
480,20260931,0.171938904498875,0.232346007440986,0.0321337776312554,1,227
481,20260931,0.239348577485269,0.241401988607546,0.0412695787864397,1,219
482,20260931,0.173016228864272,0.271508081125882,0.026507206309931,1,140
483,20260931,0.160970694186341,0.224040140691055,0.0131151956728446,1,57
484,20260931,0.186163876729179,0.173103552222049,0.0374087270490194,1,141
485,20260931,0.129755008936727,0.228781133832359,0.0261162528969965,1,195
486,20260931,0.192436671569071,0.195071706546605,0.0553769145712622,1,223
487,20260931,0.152544495036794,0.24710722659778,-0.0129379546949906,1,253
488,20260931,0.169563241975412,0.265884046407667,-0.0282155954846538,1,287
489,20260931,0.235562730755484,0.219147038966348,0.0310095778710966,1,88
490,20260931,0.163258419858316,0.24465697852976,-0.00986732315765395,1,227
491,20260931,0.166893064150232,0.268586612035526,-0.0197208130301002,1,249
492,20260931,0.227260288748602,0.275262260829053,-0.0112404812786063,1,87
493,20260931,0.142223385770525,0.181321947792563,0.0152533865033422,1,212
494,20260931,0.152693907211991,0.232566082739964,0.0792227636695101,1,43
495,20260931,0.187004846922904,0.177384117110466,0.0203685819800151,1,137
496,20260931,0.175711978921988,0.228859050670145,0.0374110579115701,1,8
497,20260931,0.179453246569194,0.250364437383197,0.00968940773493208,1,186
498,20260931,0.196572077430306,0.316002026991593,0.0339207735437502,1,312
499,20260931,0.14997960415279,0.221079796647807,-0.000108334689251412,1,198
500,20260931,0.11752878550475,0.256953160331689,-0.0208704562452359,1,99
501,20260931,0.0823222810236721,0.184967432452165,0.0114871092052048,1,9
502,20260931,0.231339388511968,0.255869844065082,-0.0252399716879431,1,198
503,20260931,0.190160155770128,0.219803238322712,0.0135098211154741,1,132
504,20260931,0.22489857981963,0.21192756560944,0.00873802568551705,1,200
505,20260931,0.226464796931457,0.256472374542566,0.00682039757756081,1,63
506,20260931,0.180438462916706,0.244994289357985,0.0318181412358921,1,228
507,20260931,0.208989467122673,0.252377448117664,0.0186379387879112,1,122
508,20260931,0.18359032496145,0.220269803460096,0.0429659476651222,1,308
509,20260931,0.159252960716487,0.187872404846362,0.0118130492288006,1,278
510,20260931,0.172432102441125,0.262890415456693,0.00999305562483407,1,71
511,20260931,0.110148853067786,0.187117420155516,0.00517558712382467,1,29
512,20260931,0.209110296213298,0.232352908758913,-0.0194645479931103,1,296
513,20260931,0.169440618780271,0.229437468992258,0.0245511652107353,1,191
514,20260931,0.178879920905193,0.204847390920504,0.0385121233683023,1,110
515,20260931,0.228315362705725,0.24685231203014,0.0405683085224207,1,257
516,20260931,0.195243170522324,0.244874992358066,0.0464848121680372,1,189
517,20260931,0.189623868442248,0.203797706370625,0.0390253967476879,1,209
518,20260931,0.201704454458616,0.194072965089384,-0.0121446086592175,1,4
519,20260931,0.204355698118805,0.265233895447327,0.0321867313120369,1,128
520,20260931,0.202131305113929,0.207825472216188,0.0336480989631015,1,95
521,20260931,0.174089865935405,0.194105344580505,0.0141286687951465,1,287
522,20260931,0.178915597321804,0.197704479425143,0.0585369679336016,1,90
523,20260931,0.163894004614962,0.235430835815208,0.00132755259968113,1,239
524,20260931,0.134044160212711,0.253330527002846,-0.0039630976856565,1,125
525,20260931,0.130724591178119,0.244392271544719,0.0153629060331507,1,95
526,20260931,0.222154929684758,0.267604525612355,0.00516627840215573,1,83
527,20260931,0.10280850576557,0.242685412666172,0.0154467582864509,1,88
528,20260931,0.183100902833123,0.288315119602013,0.0328322116441758,1,80
529,20260931,0.222515077273727,0.249135972401993,0.013134676319636,1,54
530,20260931,0.27334000065672,0.243846653629525,0.0142228231907029,1,164
531,20260931,0.208060788039215,0.246173940917873,-0.00213566054173905,1,253
532,20260931,0.181914842785931,0.129852236320074,0.00371930559374393,1,181
533,20260931,0.232731408074801,0.259892428900191,-0.00352421357795989,1,309
534,20260931,0.149928330065617,0.109538419035613,0.0421593108039107,1,86
535,20260931,0.205899838000765,0.242873918290266,0.0130618216474065,1,277
536,20260931,0.166818576284544,0.19942539774343,0.0396089485363171,1,232
537,20260931,0.190835123845491,0.218859758869884,0.00694101665481308,1,37
538,20260931,0.182085282303,0.22286090174096,0.0174192235363472,1,101
539,20260931,0.150608165203223,0.24012128924371,0.031164014829796,1,209
540,20260931,0.212703135422962,0.207245950702524,0.0182616432248856,1,281
541,20260931,0.216698229534629,0.177575531680907,0.0120598804122878,1,58
542,20260931,0.183037883633362,0.240737406046812,0.0286894426153687,1,25
543,20260931,0.210493890780206,0.228893877208489,0.0158096057739793,1,60
544,20260931,0.188918293868601,0.258927610652451,0.0186226905276474,1,117
545,20260931,0.187594103183007,0.233242069634075,0.0342094124120157,1,256
546,20260931,0.150842866591948,0.25512266675385,0.00510548226944317,1,211
547,20260931,0.147878298148512,0.252597106020499,0.0129095244131477,1,65
548,20260931,0.105406821505784,0.224267793778651,0.00165334029439963,1,15
549,20260931,0.0872169283692295,0.184108458041925,0.00258060845875926,1,257
550,20260931,0.23652936740384,0.200246440028188,0.0558169267980088,1,80
551,20260931,0.249793921072512,0.221514986056228,0.0128969949592501,1,207
552,20260931,0.189844732894386,0.219377569978413,0.0346643317943731,1,42
553,20260931,0.248375424258776,0.204890391375113,0.020235934258331,1,296
554,20260931,0.237628586024738,0.229451187503021,0.0130728161656079,1,32
555,20260931,0.139359983816622,0.236394712953906,-0.00541193728772516,1,277
556,20260931,0.152952734125589,0.252460634316706,0.0198909626876995,1,293
557,20260931,0.217340007953904,0.251429497218161,0.0228327969401184,1,185
558,20260931,0.194515655258183,0.28010654595763,0.0016257182375595,1,129
559,20260931,0.160121396921327,0.259189412860025,0.00321214761999721,1,96
560,20260931,0.164092108698355,0.235930025800129,0.0329422961624186,1,211
561,20260931,0.203494023711222,0.257534187458447,0.0412573438114069,1,21
562,20260931,0.178867386737534,0.235595159321371,0.0101515030762428,1,238
563,20260931,0.174368509612104,0.206032825634759,0.0343970380614267,1,268
564,20260931,0.182225469073186,0.277776477571215,0.0202406527520368,1,33
565,20260931,0.211515371119488,0.206264174699285,0.0114341843564357,1,238
566,20260931,0.178828548169289,0.190094157932554,0.0181941512909595,1,75
567,20260931,0.16194384533389,0.22906716392641,0.00545435918072373,1,121
568,20260931,0.219733414564188,0.253564702765401,0.0135947323951898,1,103
569,20260931,0.223779332599341,0.245054776512221,-0.0306446548736813,1,269
570,20260931,0.201679289209035,0.229554408342089,0.00472711967617233,1,78
571,20260931,0.11739280753004,0.241279260665765,0.0240283579578694,1,108
572,20260931,0.116368410087058,0.268414897933236,-0.00273977849994405,1,143
573,20260931,0.189619171106567,0.232288802189407,0.0139339382228379,1,34
574,20260931,0.21578320744699,0.245395424999306,-0.00087728471493624,1,167
575,20260931,0.222152034363708,0.254024780461265,0.0263773451481513,1,239
576,20260931,0.216018895383041,0.238627298062035,0.0148926289346669,1,142
577,20260931,0.172681989376678,0.268911144465102,0.0378881695959379,1,45
578,20260931,0.180906354296649,0.27083827917508,-0.00215037498304472,1,240
579,20260931,0.203532111815501,0.225874333313049,0.0515406290898042,1,239
580,20260931,0.17834577506919,0.260970006816085,0.0156891945503044,1,277
581,20260931,0.153188295768288,0.230111798329568,0.0635953785468143,1,226
582,20260931,0.14537205260009,0.209407916982324,0.024759300485059,1,316
583,20260931,0.167329225826144,0.213439186539896,0.0501016474069653,1,98
584,20260931,0.174544030542522,0.240468737105026,0.00197437222091722,1,156
585,20260931,0.202436773861162,0.229597164351676,0.022860044207011,1,75
586,20260931,0.234328632191164,0.23449227188022,0.02817692961567,1,61
587,20260931,0.0612571863907445,0.191616728467692,0.0306586501326364,1,278
588,20260931,0.144012746427092,0.227390356496747,0.0289037066524701,1,89
589,20260931,0.22273308284019,0.278867359705528,0.0314404983933586,1,95
590,20260931,0.206130213333865,0.232836696440918,0.013482336999143,1,32
591,20260931,0.231419939599346,0.259219837118445,0.0609386284442102,1,309
592,20260931,0.1896026934432,0.176203693582369,-0.0372592649719035,1,41
593,20260931,0.197534026941784,0.253015621789546,-0.00812543868588832,1,39
594,20260931,0.200343559585969,0.206674728870855,-0.0115037171416771,1,144
595,20260931,0.163978723192402,0.214305033338178,0.0590379233426578,1,203
596,20260931,0.183724045295681,0.174406586016423,0.00855305344555397,1,62
597,20260931,0.190100756162179,0.227319184815811,0.0224968891832593,1,254
598,20260931,0.197539906297555,0.260694592106504,0.0482110826212838,1,181
599,20260931,0.232536770923056,0.235211517538147,0.0108709337211879,1,127
600,20260931,0.244871360311742,0.231322482826722,0.0440225119826998,1,153
601,20260931,0.0613930248119395,0.252007283359139,0.0232079552446288,1,286
602,20260931,0.160476274006433,0.236772300417292,0.010109311470718,1,241
603,20260931,0.127193776947612,0.207465628304857,0.0713870625735344,1,189
604,20260931,0.179737683775845,0.233462519229825,0.0280805441604608,1,277
605,20260931,0.189342800501299,0.273541667402189,-0.00457366875782245,1,195
606,20260931,0.170496127399351,0.270455753839265,0.00389233511948286,1,164
607,20260931,0.148426693186301,0.251424557204634,-0.0125923272539235,1,259
608,20260931,0.115545216543847,0.256986520077864,0.0265999239815918,1,45
609,20260931,0.214122924998074,0.264044809177383,-0.0144055426817535,1,288
610,20260931,0.240871267908475,0.248571280441555,0.0108744763461475,1,273
611,20260931,0.118598147799588,0.238719690721421,0.0325285643080211,1,37
612,20260931,0.192105175137103,0.265076784270414,0.0222433775830801,1,234
613,20260931,0.184922316022505,0.242203811295307,0.0267604599826403,1,144
614,20260931,0.215748182767948,0.274095118475478,-0.000246412383292917,1,245
615,20260931,0.168110506547213,0.279409136697588,-0.0085052087025168,1,225
616,20260931,0.21033497208381,0.197147128618726,0.0369416233920409,1,244
617,20260931,0.218188890078415,0.242171023415955,0.0236986473074347,1,166
618,20260931,0.134611037974819,0.230007624211285,0.0382355350648627,1,316
619,20260931,0.170621860384346,0.190268090332028,-0.00507779968999325,1,19
620,20260931,0.206494009195551,0.215238910180293,0.012758433525762,1,260
621,20260931,0.18988543716431,0.23007494857368,-0.00890880875600192,1,107
622,20260931,0.218032644605485,0.211955644228764,-0.0318998646355989,1,221
623,20260931,0.101363618399144,0.219953218450984,0.00957851775467316,1,195
624,20260931,0.187673641290507,0.225013767273517,0.0369146689416027,1,138
625,20260931,0.187477420971743,0.233429669626366,0.0508073028186274,1,16
626,20260931,0.216127837898757,0.234786073629356,0.012510758420895,1,278
627,20260931,0.172614754846616,0.210631050887456,0.0179368924487695,1,127
628,20260931,0.2322487298246,0.283848584383102,0.0309471649943381,1,176
629,20260931,0.197592321845247,0.188616545088228,0.0355770693453382,1,64
630,20260931,0.148864813837432,0.197507703327864,0.0036195435168712,1,78
631,20260931,0.145814826424109,0.213661357605149,0.027137677518245,1,130
632,20260931,0.125652540173299,0.216929577538896,-0.0149734732250537,1,55
633,20260931,0.202008044738633,0.269467545985186,0.0119271071056151,1,58
634,20260931,0.197844281305917,0.137389545711114,0.0378557183764586,1,287
635,20260931,0.182395552582117,0.270703672949422,0.00704965641866324,1,252
636,20260931,0.188651434991627,0.220854849343492,0.00635104486804581,1,16
637,20260931,0.188624624314435,0.235166524935414,0.0537020013041578,1,318
638,20260931,0.206029283776497,0.219433038575547,0.051236666468743,1,254
639,20260931,0.194031545700374,0.253553669681308,0.0204215184633034,1,289
640,20260931,0.213203807620883,0.223068743123155,0.0383958702394624,1,91
641,20260931,0.198491683179938,0.147488773427739,0.0081265649361143,1,287
642,20260931,0.097888069026527,0.202891618282335,-0.0122971653152151,1,87
643,20260931,0.144656231917704,0.237708153713339,0.0523580942568683,1,41
644,20260931,0.170851636310063,0.244838171856569,0.0111400255233087,1,277
645,20260931,0.199948065693848,0.230151778330742,-0.000802858101531801,1,214
646,20260931,0.183387388294682,0.191142035914024,0.0380726200073638,1,209
647,20260931,0.187136726038759,0.263473754251999,0.0135578278137821,1,268
648,20260931,0.188693712072632,0.207850073082028,0.00581473777651665,1,95
649,20260931,0.128748256048702,0.186906479080574,0.00415469845846246,1,45
650,20260931,0.128212315047034,0.22338110850874,-0.0182785266708918,1,236
651,20260931,0.202359331170662,0.247565368944388,0.0171955105455468,1,152
652,20260931,0.172122808043723,0.239658282079082,0.0132499464286359,1,8
653,20260931,0.134706675022947,0.274259110277161,0.00636059856331321,1,19
654,20260931,0.0865847056044539,0.231816871382506,-0.00114949353199706,1,206
655,20260931,0.181802575599998,0.265841206002083,0.0140932540218875,1,261
656,20260931,0.178961148362576,0.202152542806901,0.0137313941767602,1,121
657,20260931,0.172682314932118,0.243669384596764,-0.0339703280085116,1,135
658,20260931,0.207273507219417,0.243700919725445,0.0381368833540925,1,49
659,20260931,0.178479494517536,0.220673349963622,0.0159278738072762,1,302
660,20260931,0.0961780280821634,0.20952320574626,-0.0133805521741225,1,85
661,20260931,0.144050467264235,0.187951737152365,0.0106285448297853,1,35
662,20260931,0.154389686568578,0.225562373747314,-0.0214958409716433,1,124
663,20260931,0.1573204336476,0.196800904125204,-0.00566216360989204,1,239
664,20260931,0.213305656916799,0.236496731325473,-0.0154122043074844,1,237
665,20260931,0.182329555452059,0.264590846800477,-0.0225925616504103,1,136
666,20260931,0.201527985124922,0.193468259463335,0.00775474832883557,1,45
667,20260931,0.215756611127282,0.22712044739268,0.0213051846733678,1,219
668,20260931,0.130624844157856,0.181866513159168,0.0399080596886432,1,168
669,20260931,0.196155488366187,0.243120625752799,-0.00635521326936986,1,204
670,20260931,0.139007113326368,0.254828334561991,-0.00512547198327633,1,73
671,20260931,0.155404337425152,0.242578423037775,0.00976723470704349,1,95
672,20260931,0.203511657852444,0.242882077397296,0.0241893276178265,1,86
673,20260931,0.221236043475038,0.260882051000901,0.0343299791582229,1,143
674,20260931,0.178464844412591,0.252522391083341,0.0171986829630608,1,137
675,20260931,0.19748790113987,0.219242611883387,0.00602068113923754,1,295
676,20260931,0.198984129723667,0.237921430346924,0.00943159165536493,1,235
677,20260931,0.177726947403457,0.237773163986152,-0.000568540426552357,1,3
678,20260931,0.20319239307672,0.262804723525304,0.0458615239341645,1,2
679,20260931,0.194023111984525,0.270808730291878,0.00453996920324241,1,89
680,20260931,0.162494473475879,0.154312613201527,-0.00434664084307487,1,151
681,20260931,0.209435417501379,0.25281917813686,0.02927202625794,1,224
682,20260931,0.216332306696389,0.256764510061155,0.00987397818796354,1,106
683,20260931,0.204282342800489,0.214212560629849,-0.000686253831131711,1,3
684,20260931,0.192935130311364,0.25792306506254,-0.0103347155759243,1,70
685,20260931,0.18824672810882,0.205615140255282,0.00421453101042142,1,141
686,20260931,0.138061216374066,0.225401937110543,-0.00238562852295293,1,219
687,20260931,0.166505095792241,0.321911921127808,0.00824970949867364,1,10
688,20260931,0.160018037604709,0.228043619675781,0.0244423057356764,1,77
689,20260931,0.16221103817052,0.198900711875402,0.0423308584688688,1,80
690,20260931,0.276385308934514,0.224946108114413,0.00283412446452476,1,164
691,20260931,0.165873212815185,0.241947666205716,0.0341889360895538,1,109
692,20260931,0.235159238138915,0.222670669209609,-0.0226014533585384,1,317
693,20260931,0.0862225434852138,0.241313534731406,0.00171256616740825,1,280
694,20260931,0.205466852127607,0.217257047341449,0.00492704468449886,1,219
695,20260931,0.205521776619348,0.175359512611017,0.0255040473985212,1,258
696,20260931,0.199919220224314,0.249730162287282,0.0180578212108184,1,228
697,20260931,0.0938255441558707,0.245884715985106,0.00682933257133886,1,176
698,20260931,0.223436770617958,0.230176816804303,0.0450889864339186,1,127
699,20260931,0.242929833107463,0.242787735675618,0.0460041998955467,1,200
700,20260931,0.191395314375447,0.160608903124101,0.0384845632372751,1,26
701,20260931,0.180272636603494,0.209284217076346,0.0455938021665241,1,235
702,20260931,0.167743267122306,0.209669356667893,0.0205996666270438,1,2
703,20260931,0.191055415574284,0.241669521156173,0.0323760261754313,1,153
704,20260931,0.181035782625637,0.226420929614721,0.013614308605513,1,301
705,20260931,0.135772959496925,0.256700581302352,0.00795037664120024,1,23
706,20260931,0.175771195343071,0.269056036757833,0.017289422260567,1,64
707,20260931,0.187116146454495,0.298075975023812,0.0196648176397986,1,145
708,20260931,0.211134495762549,0.266403705576904,0.00242867812435609,1,119
709,20260931,0.21861518110392,0.196061215430908,0.0247761587962585,1,38
710,20260931,0.135015027148003,0.239036924982102,0.0157388439265787,1,176
711,20260931,0.191928342686723,0.267057128510649,-0.0204420817160084,1,224
712,20260931,0.232351449124185,0.233142338556671,0.0548234358984563,1,104
713,20260931,0.237601995365587,0.193943683870402,0.0271613893565671,1,14
714,20260931,0.27175594897079,0.269291229144713,-0.0014307440863808,1,48
715,20260931,0.196917376637756,0.198490600911402,0.0143839839760211,1,183
716,20260931,0.226960840857331,0.201122328839876,0.0322504718444408,1,304
717,20260931,0.143704615959756,0.211385992672044,0.0330281624076165,1,4
718,20260931,0.179817422348261,0.231354747900924,0.0449754618120748,1,287
719,20260931,0.152854761491794,0.258293256551047,0.00919843375229771,1,128
720,20260931,0.18289859361822,0.146814411738929,0.0543965927031028,1,132
721,20260931,0.220689492612903,0.225327475118247,0.014572952836198,1,101
722,20260931,0.114156432215488,0.278757703596995,0.018386178674371,1,138
723,20260931,0.228043546188643,0.244408094612662,0.0230445019506804,1,232
724,20260931,0.222238356608806,0.18145642873088,0.0229727509758771,1,98
725,20260931,0.175263811795232,0.26622559146972,0.035790225012675,1,159
726,20260931,0.17546454541005,0.224665102206714,-0.00654609542546581,1,43
727,20260931,0.164577543662829,0.206957439524991,0.0346918527067532,1,237
728,20260931,0.199421637813627,0.209717472423281,0.028310119936153,1,183
729,20260931,0.216488786866284,0.242529762388242,-0.000818381131568218,1,222
730,20260931,0.208778321279784,0.242474728307823,-0.0226302998807021,1,288
731,20260931,0.178480375734929,0.212431896484703,0.0144857808890844,1,299
732,20260931,0.135628051048468,0.283265980702724,0.0330849259418303,1,76
733,20260931,0.208177855718815,0.217387372713628,0.0328968422010636,1,71
734,20260931,0.15368191749837,0.219887138145009,0.0164703837245749,1,316
735,20260931,0.184409937412931,0.196017774612103,-0.00588319059029999,1,199
736,20260931,0.199524902810859,0.216072631263452,0.0235307683459964,1,276
737,20260931,0.189238200824229,0.252202359121647,-0.0275822411618076,1,172
738,20260931,0.207714158850834,0.276925948010094,0.0278938232194327,1,35
739,20260931,0.150106786637867,0.215928718601976,0.0103116537016255,1,36
740,20260931,0.243264813295179,0.251741480709401,0.0174649046724396,1,312
741,20260931,0.100264108143947,0.225749703876546,0.0548397338034145,1,156
742,20260931,0.218839250261645,0.256131872786829,0.0344409308239565,1,6
743,20260931,0.164089953709668,0.245513743935659,0.00494633167409949,1,310
744,20260931,0.146325278580059,0.219844657229823,0.0178860320303879,1,132
745,20260931,0.174697410659166,0.275009818539996,0.0162293560904941,1,91
746,20260931,0.149085327306047,0.191548543595428,0.0441825739327295,1,120
747,20260931,0.2195732826252,0.305399340382326,0.0246849519964469,1,38
748,20260931,0.168219712319231,0.184124593129807,0.0274429292041175,1,96
749,20260931,0.145022223988529,0.26752639027809,-0.00313856990619773,1,308
750,20260931,0.216764561376062,0.223414800549855,0.0123993197789722,1,173
751,20260931,0.210290703874008,0.238867765255747,0.00491081810521777,1,191
752,20260931,0.178530307419449,0.22849671064833,0.00745791199267018,1,29
753,20260931,0.19857956268412,0.259690284207484,0.00714676706595617,1,90
754,20260931,0.207740014209503,0.268178613148542,0.00132964286715776,1,293
755,20260931,0.194675099855966,0.237587161425385,0.0195429935088623,1,296
756,20260931,0.163447239898378,0.246703459290901,0.0362872249632372,1,135
757,20260931,0.191152922695647,0.231495133525754,0.0164706153267728,1,251
758,20260931,0.254374430848245,0.263223708202718,-0.00593654564081656,1,241
759,20260931,0.14799299809519,0.213006165512487,0.044625200267091,1,239
760,20260931,0.196508171144907,0.239480107562854,0.043996752709865,1,167
761,20260931,0.14970079518951,0.243145153340597,0.0425636500267351,1,248
762,20260931,0.18756145882897,0.190973895507968,0.0292897010394877,1,235
763,20260931,0.220478033353565,0.203906728070869,0.0274098500728673,1,66
764,20260931,0.188187801263451,0.216974187803593,0.0357643999743404,1,216
765,20260931,0.184102436731398,0.230239794475152,0.022397028310859,1,295
766,20260931,0.171149216806161,0.30278275553762,-0.0231490891573458,1,299
767,20260931,0.161551051746125,0.19494184507768,0.0118876002433356,1,85
768,20260931,0.227591584578043,0.271536107447929,0.0218866115865668,1,181
769,20260931,0.155068950458872,0.221187703035442,0.00306216717094077,1,153
770,20260931,0.209223185635313,0.239966149510539,0.0353548638909526,1,284
771,20260931,0.196478042660516,0.241437400988321,0.0337508509129108,1,148
772,20260931,0.155223935950226,0.214529416876811,0.0227207664399998,1,80
773,20260931,0.143235340730149,0.209145086977393,0.0138504679196718,1,22
774,20260931,0.146700939773066,0.231703783195813,0.0238760982314756,1,66
775,20260931,0.218246391236798,0.138502376426255,0.0220242276837606,1,139
776,20260931,0.198445637166254,0.244591312010104,0.0241511736975492,1,212
777,20260931,0.140047334247237,0.259979415129123,0.046507734091394,1,220
778,20260931,0.222376545629227,0.205872555103936,-0.0150626558802954,1,315
779,20260931,0.222072447019937,0.176971233621378,0.0250005012521872,1,135
780,20260931,0.235226442632269,0.262563410981713,0.0164780881037896,1,107
781,20260931,0.176024015591853,0.267050655297694,0.0223048744207878,1,181
782,20260931,0.153571805019491,0.283963297855789,0.0329379576431703,1,94
783,20260931,0.148207926480852,0.170625433002159,-0.0050713611570522,1,70
784,20260931,0.196309248815173,0.267562666962564,0.00605639882071482,1,256
785,20260931,0.199997907087534,0.286690270835711,0.0313565232859151,1,121
786,20260931,0.158182477558858,0.289979648460491,0.0450149548642434,1,271
787,20260931,0.148821982758372,0.197677328530049,0.00188335453586709,1,91
788,20260931,0.238767461316888,0.198343106543924,0.0072870624943318,1,176
789,20260931,0.197635733705241,0.253331909579667,0.0413278626087199,1,196
790,20260931,0.192740898545682,0.244301842804986,0.00626494615074226,1,208
791,20260931,0.160718308288,0.20390655881184,0.00321673575870079,1,42
792,20260931,0.224793821254532,0.245824698970782,0.00295831833430041,1,265
793,20260931,0.175663494099783,0.315687904166078,0.00441791819479171,1,265
794,20260931,0.237283670451721,0.309277167961922,0.0250522184981552,1,237
795,20260931,0.170667384644191,0.255580916301278,0.0439749762656067,1,310
796,20260931,0.159911619009075,0.248002378435951,0.0443506076087771,1,38
797,20260931,0.139001244954804,0.266065816662898,0.00980954566810351,1,198
798,20260931,0.233205869198155,0.206270329499134,-0.00159665296853645,1,226
799,20260931,0.1407459595204,0.237009670150962,0.0301160531551894,1,294
800,20260931,0.232694197583889,0.232347992763293,0.0384852978520718,1,31
801,20260931,0.21929435131298,0.241353669705231,0.0545529866632839,1,274
802,20260931,0.192984653254674,0.208552566681438,0.0142509168084764,1,306
803,20260931,0.234537896604421,0.225513583960335,0.026707695911353,1,56
804,20260931,0.191056882306924,0.23418407808089,-0.0136419460691539,1,277
805,20260931,0.177797575633306,0.266041205311404,0.0303655674361517,1,205
806,20260931,0.185312831595049,0.216757929331383,-0.0203536515140048,1,271
807,20260931,0.141159617263592,0.266091946696535,-0.00598188634340039,1,45
808,20260931,0.244820995461765,0.295729475073695,0.0477234185117685,1,176
809,20260931,0.157036868044117,0.183508082677687,0.00309682737681597,1,90
810,20260931,0.227660473782302,0.267877022837255,0.0436265788222455,1,10
811,20260931,0.166917193167201,0.218678577261061,0.00812629813023866,1,29
812,20260931,0.187735582462499,0.244978865897877,0.0153966582843609,1,32
813,20260931,0.188490616799108,0.258363377907134,-0.0385875083419865,1,51
814,20260931,0.183936235953668,0.189744902516462,0.0212313806882255,1,276
815,20260931,0.19647254329063,0.222716431880581,0.0223836727581183,1,17
816,20260931,0.141268741006042,0.240084822159998,0.0255653056353533,1,159
817,20260931,0.180736693827766,0.176400503827026,0.0165921941057137,1,233
818,20260931,0.207784584853935,0.217151227946624,0.0334240151696151,1,131
819,20260931,0.175909252322151,0.248966678215457,0.0100919798419888,1,245
820,20260931,0.139989605209454,0.221006793505838,-0.0159332403327711,1,13
821,20260931,0.224262076620066,0.230755988887182,0.0328896994875855,1,183
822,20260931,0.183685301749107,0.211860415861394,-0.00716006734065965,1,93
823,20260931,0.229535119757691,0.227056297365162,-0.00830139551949322,1,201
824,20260931,0.214403496490619,0.227345002040239,0.0176250044722462,1,261
825,20260931,0.225336339146562,0.160658645280062,0.0356585531541508,1,210
826,20260931,0.159575169046844,0.197201286451896,-0.00851456286634701,1,133
827,20260931,0.241085213957184,0.22658572424105,-0.00404044477762781,1,55
828,20260931,0.163602036864673,0.222719322812455,0.0289158933348677,1,236
829,20260931,0.167225916409715,0.301578144458748,0.0315858593656907,1,202
830,20260931,0.264264670717494,0.178096048533802,0.011862225654663,1,213
831,20260931,0.157566533638195,0.192412909981163,0.0441434107243536,1,103
832,20260931,0.155689182163283,0.218298968985764,0.0411036027630076,1,175
833,20260931,0.203576563562537,0.255568020813273,0.038207936715481,1,240
834,20260931,0.18788536486294,0.283268689207035,0.0368833617542039,1,167
835,20260931,0.167104344979673,0.172418636851353,0.00145579490117307,1,43
836,20260931,0.172877087230525,0.221345080246351,-0.0142023673088237,1,244
837,20260931,0.194292664607719,0.223993490025294,0.0305748085019199,1,157
838,20260931,0.203217635477527,0.226889277856601,0.0244647367946756,1,1
839,20260931,0.175472119780116,0.203905251412676,0.02683490157154,1,15
840,20260931,0.209262105341796,0.283679003855277,0.035731159671859,1,143
841,20260931,0.135111399244619,0.242557306391567,0.0233987826272626,1,282
842,20260931,0.174747118432248,0.219997830716209,0.00684654061191604,1,78
843,20260931,0.182890661137471,0.235101203503289,0.0161210446412281,1,280
844,20260931,0.225388402388107,0.258067553477161,-0.0345361121224536,1,114
845,20260931,0.19781762664213,0.243892141691302,0.0232120310325518,1,303
846,20260931,0.203906554251622,0.205076407924721,0.0237130564246897,1,282
847,20260931,0.178008119082339,0.266504879932585,0.026932903701045,1,197
848,20260931,0.189162868428963,0.257045910398776,0.00946999750801854,1,234
849,20260931,0.201588761528675,0.200671344248167,-0.0147130021791328,1,98
850,20260931,0.215669503067166,0.16742516918194,0.0368980089957212,1,291
851,20260931,0.184087377203897,0.26319827119729,0.0130638813922598,1,123
852,20260931,0.173789679580404,0.189647165931726,-0.00388559021177134,1,235
853,20260931,0.183445864002785,0.244496725972559,0.0212762750170222,1,167
854,20260931,0.173783476109197,0.201488752619251,-0.00572272752550458,1,23
855,20260931,0.188940484777825,0.206971160443299,0.00753701739537096,1,72
856,20260931,0.209697335007425,0.268240473325108,-0.0181985525379463,1,302
857,20260931,0.242546578945988,0.181160691140242,0.0301805985375355,1,237
858,20260931,0.151566896917442,0.274907373391201,0.0369646323399406,1,32
859,20260931,0.181562213132825,0.192985220361095,0.0268411553486264,1,221
860,20260931,0.132068503741939,0.230500906741951,0.00169798844056495,1,112
861,20260931,0.188814223645672,0.261431674657902,-0.0161386768436487,1,114
862,20260931,0.170544714629704,0.231014723352992,0.0298374199517508,1,146
863,20260931,0.153462958693974,0.24359618480274,0.0245110669506092,1,243
864,20260931,0.198578915148443,0.164409304406582,-0.020087862941743,1,248
865,20260931,0.178680962802597,0.237322335583493,0.00305942346904278,1,93
866,20260931,0.214825305814388,0.275653931162117,0.0295856751165847,1,176
867,20260931,0.196162237714135,0.279864269387604,-0.0159737654383795,1,258
868,20260931,0.202765194294703,0.242302814009095,0.0506464259001532,1,95
869,20260931,0.160225020492676,0.246991548117158,0.0497986034033341,1,15
870,20260931,0.245373883002033,0.270221241335546,-0.0029701869557407,1,169
871,20260931,0.234580988422326,0.22036602883276,0.0336103687551485,1,104
872,20260931,0.176515584174201,0.239419518640327,-0.00183201119387217,1,98
873,20260931,0.194286525703685,0.250704117284549,0.0125237332662912,1,273
874,20260931,0.203196111498525,0.266188716663725,0.0395476494450039,1,69
875,20260931,0.164863942961717,0.266813074461243,0.00260041995576262,1,66
876,20260931,0.226050016066079,0.233284705752638,0.025590989519504,1,232
877,20260931,0.197292721222638,0.217700818614855,0.0542846707429643,1,212
878,20260931,0.216279680792923,0.217711452103555,0.00657311282344158,1,260
879,20260931,0.204119329847541,0.224983132688247,0.0385898906988007,1,197
880,20260931,0.157369090351731,0.211863093695505,0.0176109220026298,1,246
881,20260931,0.163006764286942,0.231010044464512,0.0361553058898785,1,73
882,20260931,0.131637841630539,0.272712028246242,0.0503617410953377,1,74
883,20260931,0.159259420579709,0.195947469130292,0.017520788001301,1,67
884,20260931,0.156408868352896,0.206730168967156,0.0571098968076284,1,284
885,20260931,0.125130781120194,0.211412682284121,0.0111083057558654,1,52
886,20260931,0.209991936726682,0.216400012915989,0.05656314509884,1,182
887,20260931,0.20911134202294,0.243587657365702,0.0256696876968777,1,93
888,20260931,0.168767030166293,0.274746246306619,0.00799021524479799,1,179
889,20260931,0.221553830027185,0.216936611891887,0.0155469713937872,1,79
890,20260931,0.152309349655342,0.232002770422135,0.0220864577146426,1,129
891,20260931,0.152705508639622,0.224154105750037,0.0242281263167119,1,252
892,20260931,0.209257812070754,0.239565913145017,0.0156833430060757,1,290
893,20260931,0.197625369850282,0.183403597378305,0.032956217533979,1,299
894,20260931,0.245364959556218,0.219477449754029,0.009158460637706,1,85
895,20260931,0.219769260061438,0.233579600015753,0.0346569524837097,1,163
896,20260931,0.163740981740161,0.184147659111334,0.0275986717097639,1,58
897,20260931,0.197294090415761,0.241996175143538,0.0308662994990899,1,65
898,20260931,0.133849970909667,0.169973188523748,0.0161832377779226,1,60
899,20260931,0.177491467051482,0.249802729016111,-0.00339433646655655,1,260
900,20260931,0.199863813521645,0.260496812919212,0.0469395242337522,1,286
901,20260931,0.209825704779142,0.281962593610613,0.059672773470455,1,317
902,20260931,0.162800821936037,0.261401764052315,-0.00231054727788429,1,49
903,20260931,0.182226479004332,0.198168650714037,0.0186227951836877,1,224
904,20260931,0.208685778071808,0.315730298427991,0.0361698371531731,1,113
905,20260931,0.158745304280975,0.196812225932176,0.0172269370304904,1,317
906,20260931,0.221360297966509,0.230854545201796,0.0411494499688112,1,218
907,20260931,0.162945187089428,0.215812805961067,0.0494326109507999,1,237
908,20260931,0.21931823382291,0.252129490709735,0.00301019054045077,1,172
909,20260931,0.232165976445467,0.210066520958751,0.0290851871848394,1,262
910,20260931,0.208497145827444,0.187765735472324,0.0248956218529259,1,164
911,20260931,0.246147170525468,0.193076520849955,-0.0114211056748481,1,152
912,20260931,0.241572264866711,0.224032553786372,0.00445558860776671,1,67
913,20260931,0.193602577452152,0.276800576469427,0.0542689918717447,1,199
914,20260931,0.181009929386724,0.227456081106373,-0.0181212759076088,1,41
915,20260931,0.185582959073106,0.244325688043847,-0.000929961263534217,1,204
916,20260931,0.246664367972511,0.147685777380006,0.0172560358047017,1,127
917,20260931,0.224277593490394,0.205529808945337,0.00535350635887103,1,163
918,20260931,0.218106696497547,0.212899373419257,0.0199019048408688,1,20
919,20260931,0.183338527926299,0.240263703703246,0.0398117636912023,1,154
920,20260931,0.222572260388677,0.176760491119653,-0.0139178481574552,1,208
921,20260931,0.211552775441095,0.216289296992321,0.0320829059352408,1,15
922,20260931,0.218667227951462,0.186020379888931,-0.0146950684799098,1,93
923,20260931,0.112874811702365,0.207938446846633,0.00263869789197639,1,239
924,20260931,0.201598971790375,0.186431558741886,0.0192243817676499,1,236
925,20260931,0.151369661049953,0.228598935769054,0.0251170257867216,1,211
926,20260931,0.193036160168576,0.215642924701459,-0.000287203957626084,1,159
927,20260931,0.209227166728353,0.22836114203434,-0.00609718599493617,1,316
928,20260931,0.231129183002563,0.243462854376681,0.0407792400707519,1,62
929,20260931,0.183835344314584,0.188607679841437,-0.00477669463675373,1,264
930,20260931,0.161595125974008,0.199008023870228,0.0235219358913812,1,288
931,20260931,0.236413423693149,0.162091785914079,0.00290984264551031,1,93
932,20260931,0.204328482589392,0.22639367669769,0.00214159282479739,1,307
933,20260931,0.226378730363887,0.204636370711087,0.0357002099324266,1,250
934,20260931,0.147489494173042,0.238637856874696,0.00799393571788315,1,27
935,20260931,0.144398684460342,0.250746078502834,0.0262615658878385,1,316
936,20260931,0.253403413440489,0.255585380988994,0.00686708457989846,1,271
937,20260931,0.189363167635479,0.24354023394852,0.0193296715038939,1,233
938,20260931,0.212039830722507,0.244878081038349,0.0404812092245403,1,251
939,20260931,0.213645465137369,0.280293093210555,0.0185973965866334,1,5
940,20260931,0.177021015203624,0.274350157630869,0.0248475226265116,1,265
941,20260931,0.219019273617648,0.281291597673475,0.0369459389077698,1,197
942,20260931,0.211426368250834,0.274649174162916,0.00442140754105051,1,106
943,20260931,0.219279922909909,0.187414446187507,-0.00323944381226311,1,3
944,20260931,0.182258016740492,0.196902477939074,0.0287766089093063,1,265
945,20260931,0.159874552812044,0.228580878374237,0.0263959153412199,1,46
946,20260931,0.188167437506478,0.160062552212673,0.0154059408079589,1,280
947,20260931,0.16060094267817,0.224338607530025,0.0347524651680367,1,15
948,20260931,0.0959217695634373,0.244187973693831,0.0453457504611843,1,46
949,20260931,0.199926965192987,0.252808567407823,0.0379183072898833,1,253
950,20260931,0.198493315467292,0.262102271813814,0.0388084668054217,1,279
951,20260931,0.138978309478733,0.262247123550762,0.0313524232341933,1,254
952,20260931,0.215071094874165,0.17443585887606,0.0208867054231181,1,290
953,20260931,0.202573352996343,0.230424024556781,0.00725922976960249,1,60
954,20260931,0.113022389778527,0.160949595039788,0.00554822368077721,1,183
955,20260931,0.118803668973866,0.201826938023898,0.0324525723749526,1,140
956,20260931,0.213443507760543,0.240182632382314,0.0267245471075432,1,67
957,20260931,0.244951341607259,0.204677573149749,0.0534677518603506,1,39
958,20260931,0.229368751031379,0.231394488990139,-0.0141716912524447,1,241
959,20260931,0.155569552667652,0.228871149365438,0.0405359095906921,1,136
960,20260931,0.18664620198763,0.236949600756294,0.0142717469468459,1,266
961,20260931,0.249341079692036,0.233759381749561,0.0262770821397538,1,97
962,20260931,0.247891732110698,0.288140649174167,0.0198358726633522,1,61
963,20260931,0.182285840639324,0.215800457724347,-0.0325417943426125,1,39
964,20260931,0.161795080620184,0.255812548340296,0.032330284123205,1,299
965,20260931,0.146065605572957,0.178075354002934,-0.00386740006421369,1,245
966,20260931,0.196102045138625,0.199193111207489,0.00678224789868832,1,179
967,20260931,0.165476514613571,0.212378459821299,0.0228089107761457,1,36
968,20260931,0.168573786493905,0.213546289910317,0.0570064944497998,1,229
969,20260931,0.126669687781918,0.228769195669854,0.0150953153798975,1,145
970,20260931,0.167630741780572,0.238270738632965,0.0157687866689703,1,85
971,20260931,0.194835287592651,0.217871545179805,0.0099113331015545,1,184
972,20260931,0.175544026730887,0.25075604876099,0.01277324939861,1,90
973,20260931,0.19912528029671,0.305460496171981,0.0126514639132868,1,184
974,20260931,0.18580300499091,0.216847798076095,0.0160436573109508,1,109
975,20260931,0.207599177822184,0.273167569915173,-0.0154509732585867,1,282
976,20260931,0.167647253275694,0.171521268140802,0.0228055775210085,1,95
977,20260931,0.189828616105629,0.237523786249458,0.0277661473407592,1,153
978,20260931,0.196356916601427,0.184777267748326,0.0520953528550742,1,29
979,20260931,0.0921277180313475,0.167173122783961,0.00163983430465158,1,84
980,20260931,0.238094204254054,0.188248462177964,0.0379144508468672,1,251
981,20260931,0.182638081005836,0.195419358553386,-0.00658357144204305,1,283
982,20260931,0.182624283042787,0.18648083169697,-0.00299177445551838,1,241
983,20260931,0.227296847403772,0.280782755325989,0.0180896487889047,1,264
984,20260931,0.153705532749288,0.172387022638921,0.0293065229242078,1,173
985,20260931,0.128120542146945,0.208202248869439,0.0308059859493073,1,270
986,20260931,0.138278214490808,0.208881247443891,0.00255670067719684,1,284
987,20260931,0.133969931969224,0.286904448089558,-0.00359110028721216,1,268
988,20260931,0.192018106672133,0.218753846750948,-0.0200415021392227,1,298
989,20260931,0.207690393498506,0.241748046948002,0.0165837860740207,1,47
990,20260931,0.213595636577708,0.245911371645514,0.0490212251142234,1,170
991,20260931,0.166004558503419,0.203228108046888,0.0311305438068095,1,264
992,20260931,0.185801933952844,0.203463287802206,-0.00017135618666887,1,136
993,20260931,0.209410144785988,0.226704911445842,0.0181910479800752,1,51
994,20260931,0.181635334631348,0.289380385476297,0.00413506756624085,1,18
995,20260931,0.190341724418461,0.175548043161652,0.00102561828915905,1,231
996,20260931,0.206786783186458,0.108534900126331,0.0489002382840763,1,202
997,20260931,0.215020405048678,0.219624285791951,0.0277186874945319,1,86
998,20260931,0.218219454006132,0.268300589137917,0.0577913475003662,1,261
999,20260931,0.191251542617032,0.222847542024385,-0.0121699967369412,1,132
1000,20260931,0.180947824221395,0.232724517039522,0.00576462353090768,1,188
