code,trait,source,family,selection,varId,rsid,gene,bx,sx,sx_nAF,by,sy,p_exposure,p_outcome,steiger_z,terc_tert_region,palindromic,palindromic_ambiguous,panel_status
S_mvpEU,SBP,MVP European,primary,selected_r2_0.1,3:169489946:A:G,rs3821383,MYNN,-0.0824307,0.00225088,0.0020745370007455347,-0.03152,0.0028240214563910616,1.3e-293,6.3e-29,17.24730710881131,True,False,False,matched
S_mvpEU,SBP,MVP European,primary,selected_r2_0.1,14:20812951:G:A,rs3093888,PARP2,-0.028973,0.00452459,0.004532396944313365,0.001114,0.005552937916116748,1.5e-10,0.841,4.2827232084084,False,False,False,matched
S_mvpEU,SBP,MVP European,primary,selected_r2_0.1,20:62377158:C:G,rs41278200,SLC2A4RG,0.047429,0.0046946,0.004561552707539816,0.001523,0.006368756493870259,5.3999999999999994e-24,0.811,6.812703147811149,False,True,False,matched
S_mvpEU,SBP,MVP European,primary,selected_r2_0.1,3:169614795:C:T,rs117955747,SAMD7,-0.0731927,0.00746996,0.006100317264344866,-0.02071,0.01033577244369166,1.1e-22,0.0451,5.327338153380114,True,False,False,matched
S_mvpEU,SBP,MVP European,primary,selected_r2_0.1,5:1219258:G:C,rs62331283,SLC6A18,0.0513177,0.00774813,0.007944050946417914,-0.01614,0.011046802467766752,3.5e-11,0.144,3.5241254170645524,True,True,False,matched
S_mvpEU,SBP,MVP European,primary,selected_r2_0.1,10:101271789:A:C,rs11190126,NKX2-3,-0.0223309,0.00207069,0.0021289289086494204,0.005818,0.002656215520624461,4.1e-27,0.0285,5.874230758204139,False,False,False,matched
S_mvpEU,SBP,MVP European,primary,selected_r2_0.1,3:169453439:A:G,rs9681784,ACTRT3,0.0327649,0.00367616,0.003879333804024435,0.008825,0.005208506540996115,5e-19,0.0902,4.938631433648543,True,False,False,matched
S_mvpEU,SBP,MVP European,primary,selected_r2_0.1,17:7772242:G:A,rs16957013,LSMD1,-0.054521,0.00312373,0.003547619108191318,-0.005122,0.00396123227769939,3.2e-68,0.196,11.133145156733912,False,False,False,matched
S_mvpEU,SBP,MVP European,primary,selected_r2_0.1,20:62321128:G:A,rs35640778,RTEL1,-0.209011,0.00702087,0.007330527418663302,-0.04185,0.011268141400130915,9.600000000000001e-195,0.000204,17.89507659728295,False,False,False,matched
S_mvpEU,SBP,MVP European,primary,selected_r2_0.1,10:105676465:C:A,rs9420907,OBFC1,-0.0808691,0.00293529,0.0030823077320103437,-0.0289,0.003746468336227923,4.4e-167,1.22e-14,13.472374157616537,False,False,False,matched
S_mvpEU,SBP,MVP European,primary,selected_r2_0.1,4:164034530:A:T,rs6811980,NAF1,0.0535463,0.00240422,0.0024336018877621204,0.001015,0.003108148938829673,6.9e-110,0.744,15.161349026758284,False,True,False,matched
S_mvpEU,SBP,MVP European,primary,selected_r2_0.1,16:82203758:C:T,rs2303262,MPHOSPH6,-0.0469485,0.00239917,0.002513062825948035,-0.009043,0.0029946384566615263,2.9e-85,0.00253,11.347533629763399,False,False,False,matched
S_mvpEU,SBP,MVP European,primary,selected_r2_0.1,5:1294086:C:T,rs2736098,TERT,0.0404508,0.00224031,0.002319904263244618,-0.001914,0.0028576678359524803,7.100000000000001e-73,0.503,11.999565939613857,True,False,False,matched
S_mvpEU,SBP,MVP European,primary,selected_r2_0.1,18:658423:A:G,rs3891167,C18orf56,-0.0425685,0.00239551,0.0023427313370668976,-0.02243,0.003288060247642655,1.1999999999999999e-70,9e-12,7.3579130952295255,False,False,False,matched
S_mvpEU,SBP,MVP European,primary,selected_r2_0.1,11:108141701:G:T,rs651030,AP001925.1,-0.0367753,0.0020357,0.0021005872174509285,0.001219,0.0026220450805690683,6e-73,0.642,12.15399211004969,False,False,False,matched
S_mvpEU,SBP,MVP European,primary,selected_r2_0.1,20:35525640:A:C,rs1291143,TLDC2,0.0493145,0.0027991,0.0028883795723076114,-0.0008785,0.003615122682955275,1.7999999999999998e-69,0.808,12.005178830410397,False,False,False,matched
S_mvpEU,SBP,MVP European,primary,selected_r2_0.1,2:54479005:C:T,rs79336391,TSPYL6,-0.101691,0.00648468,0.005659693477164994,-0.02833,0.008454016606390469,2e-55,0.000805,8.421438292888938,False,False,False,matched
S_mvpEU,SBP,MVP European,primary,selected_r2_0.1,1:226577306:C:T,rs932002,PARP1,-0.0402052,0.00279667,0.0028729651484838046,-0.01029,0.003469675950629883,7.299999999999999e-47,0.00302,7.797266035302059,False,False,False,matched
S_mvpEU,SBP,MVP European,primary,selected_r2_0.1,19:22215441:A:G,rs8105767,ZNF257,0.0328384,0.00220117,0.002317059719430592,0.01641,0.0028223676132302197,2.5e-50,6.09e-09,6.114499800434472,False,False,False,matched
S_mvpEU,SBP,MVP European,primary,selected_r2_0.1,7:128576086:T:C,rs3757387,IRF5,-0.0202729,0.00201498,0.002083256973227291,-0.01291,0.0025160124584074394,8.199999999999999e-24,2.88e-07,3.249790770645526,False,False,False,matched
S_mvpEU,SBP,MVP European,primary,selected_r2_0.1,3:169553070:C:A,rs146546514,LRRIQ4,0.0803539,0.00826114,0.006309442446716767,0.02281,0.010661665374100404,2.3000000000000003e-22,0.0324,5.179831004456809,True,False,False,matched
S_mvpEU,SBP,MVP European,primary,selected_r2_0.1,10:105768158:A:T,rs805664,COL17A1,-0.0867148,0.00934002,0.006376684891176462,0.01691,0.004983023444296422,1.6e-20,0.00069,3.9679223119333153,False,True,False,matched
S_mvpEU,SBP,MVP European,primary,selected_r2_0.1,1:114443899:G:A,rs17464525,AP4B1,-0.0324422,0.00259325,0.002658079629733029,0.0005268,0.0031941049948442752,6.6e-36,0.869,8.530671406249395,False,False,False,matched
S_mvpEU,SBP,MVP European,primary,selected_r2_0.1,19:56733425:C:A,rs34187696,ZSCAN5A,-0.0126852,0.0022271,0.00229806112377677,0.001053,0.002771588955621543,1.2e-08,0.704,3.663918753373583,False,False,False,matched
S_mvpEU,SBP,MVP European,primary,selected_r2_0.1,19:45411941:T:C,rs429358,APOE,0.0173498,0.00277091,0.002893854811492099,-0.0139,0.00360426050550924,3.8e-10,0.000115,1.5434232472240026,False,False,False,matched
S_mvpEU,SBP,MVP European,primary,selected_r2_0.1,5:1268066:C:T,rs190110587,TERT,-0.0631113,0.0114925,0.00956571107403805,-0.02775,0.018708536228990432,4e-08,0.138,2.7255679240657362,True,False,False,matched
S_mvpEU,SBP,MVP European,primary,selected_r2_0.1,17:29161503:A:G,rs11080134,ATAD5,0.012408,0.00209502,0.002162162601374258,0.005799,0.002608361972032257,3.2e-09,0.0262,2.489089642373364,False,False,False,matched
S_mvpEU,SBP,MVP European,primary,selected_r2_0.1,14:96997233:C:A,rs59323239,PAPOLA,0.0165425,0.00302438,0.002987572562617748,0.01245,0.003933455824054904,4.5e-08,0.00155,1.4954864333053237,False,False,False,matched
S_mvpEU,SBP,MVP European,primary,selected_r2_0.1,12:123042642:A:T,rs7955203,KNTC1,-0.016723,0.00227201,0.0023380433535098244,-0.008245,0.0029492545774307327,1.8e-13,0.00518,3.069739648637091,False,True,False,matched
S_mvpEU,SBP,MVP European,primary,selected_r2_0.1,16:3644120:G:A,rs58407102,NLRC3,-0.0337887,0.0040892,0.004219648231023728,-0.01266,0.005124884803293473,1.4e-16,0.0135,3.928733578028443,False,False,False,matched
S_mvpEU,SBP,MVP European,primary,selected_r2_0.1,1:92842367:A:C,rs139795227,GLMN,0.0599379,0.00873247,0.00856165839506209,-0.01139,0.010697589239400286,6.7e-12,0.287,3.976769022318,False,False,False,matched
S_mvpEU,SBP,MVP European,primary,selected_r2_0.1,16:70352401:A:C,rs35567919,DDX19B,-0.0208778,0.00207309,0.002118560303505921,0.009471,0.0026055149354504417,7.4e-24,0.000278,4.337363956622927,False,False,False,matched
S_mvpEU,SBP,MVP European,primary,selected_r2_0.1,9:34107505:C:T,rs11557154,DCAF12,-0.0343719,0.00298538,0.003113079883295896,-0.006268,0.0037348621784700333,1.1000000000000001e-30,0.0933,6.748267385622168,False,False,False,matched
S_mvpEU,SBP,MVP European,primary,selected_r2_0.1,20:62322290:G:A,rs190887884,RTEL1,-0.0818697,0.00795026,0.008184146293747937,-0.007082,0.012467179508738551,7.2e-25,0.57,6.709808151494904,False,False,False,matched
S_mvpEU,SBP,MVP European,primary,selected_r2_0.1,22:50971266:T:C,rs140522,ODF3B,-0.0213475,0.00212419,0.002223442137086219,0.0004072,0.0026526812796733544,9.199999999999999e-24,0.878,6.837802856592543,False,False,False,matched
S_mvpEU,SBP,MVP European,primary,selected_r2_0.1,18:51817587:T:A,rs1903141,POLI,0.0232245,0.00204317,0.002123831504042175,0.006205,0.0025927120439666294,6.1000000000000005e-30,0.0167,6.130445407183915,False,True,True,matched
S_mvpEU,SBP,MVP European,primary,selected_r2_0.1,8:48885436:T:A,rs762679,MCM4,0.0310104,0.00285024,0.002923510766890151,0.01827,0.0034986588381251326,1.4e-27,1.77e-07,3.7502716332747354,False,True,False,matched
S_mvpEU,SBP,MVP European,primary,selected_r2_0.1,17:76183233:C:T,rs144204502,TK1,-0.100574,0.00913369,0.009188607323321026,-0.01583,0.012242543333850322,3.4000000000000005e-28,0.196,6.6794235816786305,False,False,False,matched
S_mvpEU,SBP,MVP European,primary,selected_r2_0.1,16:69402831:A:G,rs13330072,TERF2,0.023816,0.00220422,0.0024068060769312947,0.009174,0.0029571266490484227,3.3e-27,0.00192,5.229530242309347,False,False,False,matched
S_mvpEU,SBP,MVP European,primary,selected_r2_0.1,14:73422259:C:G,rs3815460,DCAF4,0.0455859,0.00331569,0.003418412567939524,0.02162,0.004064221181621481,5.199999999999999e-43,1.04e-07,5.662972713219623,False,True,False,matched
S_mvpEU,SBP,MVP European,primary,selected_r2_0.1,20:62325833:C:A,rs115610405,TNFRSF6B,-0.10951,0.00733009,0.007378411528753501,-0.03206,0.011041791282137536,1.8e-50,0.00369,8.231864634798395,False,False,False,matched
S_mvpEU,SBP,MVP European,primary,selected_r2_0.1,15:50353277:T:G,rs12903325,ATP8B4,-0.0332716,0.00235955,0.0024816410802577077,0.004768,0.003025165774192868,3.8e-45,0.115,8.610818084011171,False,False,False,matched
S_mvpEU,SBP,MVP European,primary,selected_r2_0.1,17:8136816:A:G,rs11655447,CTC1,-0.0224592,0.00222503,0.00261247039917715,-0.01682,0.0028116246525927047,5.8999999999999995e-24,2.2e-09,2.6575868977364747,False,False,False,matched
S_mvpEU,SBP,MVP European,primary,selected_r2_0.1,5:1215883:G:A,rs4416632,SLC6A18,-0.0412887,0.00487413,0.005074034235056814,-0.01306,0.006706757232973385,2.4e-17,0.0515,4.450427010833669,True,False,False,matched
S_mvpEU,SBP,MVP European,primary,selected_r2_0.1,1:32279629:G:A,rs6669563,SPOCD1,0.0182358,0.00202476,0.0020877196046030088,0.002275,0.0025166170632736806,2.1e-19,0.366,5.574304512100293,False,False,False,matched
S_mvpEU,SBP,MVP European,primary,selected_r2_0.1,14:65544367:C:A,rs762810,MAX,-0.0202965,0.00210014,0.002167689907823596,-0.01493,0.0027305983766500795,4.3e-22,4.56e-08,2.7323857885581533,False,False,False,matched
S_mvpEU,SBP,MVP European,primary,selected_r2_0.1,16:14652220:T:C,rs182059586,PARN,-0.0571159,0.00680853,0.008047277712567039,-0.004342,0.013296140583643784,4.9e-17,0.744,5.564490313092709,False,False,False,matched
S_mvpEU,SBP,MVP European,primary,selected_r2_0.1,17:41448228:A:G,rs12941945,ARL4D,-0.0261033,0.00269093,0.0027081524782431193,-0.005916,0.0034840145556514304,3e-22,0.0895,5.4805495295513,False,False,False,matched
S_mvpEU,SBP,MVP European,primary,selected_r2_0.1,5:1431392:G:C,rs144782362,SLC6A3,0.0771198,0.00836235,0.00885978759008771,0.01758,0.011550316292041975,2.9e-20,0.128,5.277066956565848,True,True,False,matched
S_mvpEU,SBP,MVP European,primary,selected_r2_0.1,7:99778227:G:T,rs11531577,STAG3,-0.0227237,0.00243651,0.002510985851734529,-0.005355,0.0029795945095257726,1.1e-20,0.0723,5.150218911863642,False,False,False,matched
S_mvpEU,SBP,MVP European,primary,selected_r2_0.1,8:56687597:C:T,rs7013442,TMEM68,-0.0296127,0.00316956,0.0033111712152968545,-0.003368,0.003976428339701422,9.4e-21,0.397,5.848096332087412,False,False,False,matched
S_mvpEU,SBP,MVP European,primary,selected_r2_0.1,5:1354281:C:A,rs114719295,CLPTM1L,-0.0678962,0.00918067,0.008047277712567039,-0.004101,0.011440645555948687,1.4e-13,0.72,4.85465886201224,True,False,False,matched
S_mvpEU,SBP,MVP European,primary,selected_r2_0.1,12:120976371:T:C,rs4102203,RNF10,0.0285566,0.00327644,0.0033639442946206896,0.01048,0.004291297268883079,2.9e-18,0.0146,4.262154758051599,False,False,False,matched
S_mvpEU,SBP,MVP European,primary,selected_r2_0.1,22:17450515:G:A,rs2041607,GAB4,-0.0206145,0.00207273,0.002154180569300521,0.001279,0.0026706271065097633,2.6e-23,0.632,6.53072605444727,False,False,False,matched
S_mvpEU,SBP,MVP European,primary,selected_r2_0.1,3:72891547:A:C,rs78491606,SHQ1,-0.0756311,0.00741168,0.007554899600852604,-0.01298,0.010767077134547495,1.8999999999999998e-24,0.228,6.184693651119978,False,False,False,matched
S_mvpEU,SBP,MVP European,primary,selected_r2_0.1,5:139011509:T:C,rs356463,CXXC5,0.0366525,0.00433162,0.004103562145141128,0.02913,0.00558164818871221,2.6e-17,1.8e-07,2.080529927061322,False,False,False,matched
S_mvpEU,SBP,MVP European,primary,selected_r2_0.1,3:169389753:G:A,rs79127610,MECOM,0.0579976,0.00678851,0.006934320996284358,0.04718,0.010952613712822938,1.3e-17,1.65e-05,2.79541919815493,True,False,False,matched
S_mvpEU,SBP,MVP European,primary,selected_r2_0.1,11:202253:G:A,rs939916,BET1L,0.0241795,0.00216724,0.0022328184124431826,0.006422,0.002820663354135523,6.599999999999999e-29,0.0228,6.069349429789076,False,False,False,matched
S_mvpEU,SBP,MVP European,primary,selected_r2_0.1,3:160160452:G:C,rs17826221,TRIM59,-0.0166362,0.0020072,0.0020926258259205033,-0.01105,0.0025465502531270734,1.1e-16,1.43e-05,2.596154138975758,False,True,True,matched
S_mvpEU,SBP,MVP European,primary,selected_r2_0.1,5:1270883:C:T,rs139770696,TERT,-0.0658894,0.010784,0.00782324296916286,-0.02012,0.01428528040090413,1e-09,0.159,3.2072143281793006,True,False,False,matched
S_mvpEU,SBP,MVP European,primary,selected_r2_0.1,3:49959148:A:G,rs35275715,MON1A,-0.0151625,0.00203021,0.0021005872174509285,0.009225,0.0025391304422582566,8.1e-14,0.00028,2.5393857686461914,False,False,False,matched
S_mvpEU,SBP,MVP European,primary,selected_r2_0.1,16:74655652:C:T,rs11859900,GLG1,0.0344367,0.00286091,0.002999254174635679,0.001257,0.003628165707746511,2.3000000000000002e-33,0.729,8.07233784781854,False,False,False,matched
S_mvpEU,SBP,MVP European,primary,selected_r2_0.1,2:210676294:A:T,rs12694188,UNC80,-0.0269227,0.00203728,0.00210859272627175,0.005928,0.0025882305010106335,7.2e-40,0.022,7.482459068922404,False,True,False,matched
S_mvpEU,SBP,MVP European,primary,selected_r2_0.1,16:88092092:T:C,rs11117354,BANP,0.0232506,0.00219601,0.002174849130275771,0.005863,0.0027762493055626903,3.4e-26,0.0347,5.7949948043015045,False,False,False,matched
S_mvpEU,SBP,MVP European,primary,selected_r2_0.1,8:21846586:G:C,rs2306646,XPO7,-0.0209417,0.00201898,0.0020880058600756717,-0.006982,0.0025857444871726356,3.3e-25,0.00693,5.22115398153195,False,True,False,matched
S_mvpEU,SBP,MVP European,primary,selected_r2_0.1,15:74336633:T:C,rs5742915,PML,0.0193377,0.00202886,0.0020812075549395347,0.002059,0.0025151910113869348,1.6e-21,0.413,5.998894953732451,False,False,False,matched
S_mvpEU,SBP,MVP European,primary,selected_r2_0.1,10:103937244:C:T,rs6584485,NOLC1,-0.0216653,0.00274828,0.0026946566956145544,-0.009665,0.003449424548878016,3.2e-15,0.00508,3.4266486365251008,False,False,False,matched
S_mvpEU,SBP,MVP European,primary,selected_r2_0.1,15:42032383:C:G,rs17677991,MGA,0.0222664,0.00210806,0.002174992703471312,-0.008189,0.0026007581356176195,4.4e-26,0.00164,5.0285731918332575,False,True,False,matched
S_mvpEU,SBP,MVP European,primary,selected_r2_0.1,4:7041377:A:G,rs10004764,TADA2B,-0.0178427,0.00202821,0.0021070521158520496,-0.002117,0.0025750025166728814,1.4e-18,0.411,5.48884222590676,False,False,False,matched
S_mvpEU,SBP,MVP European,primary,selected_r2_0.1,13:73340177:G:A,rs35017269,DIS3,0.0673908,0.00816803,0.008370339779921613,0.05156,0.010159118389325018,1.6e-16,3.87e-07,2.038371824248684,False,False,False,matched
S_mvpEU,SBP,MVP European,primary,selected_r2_0.1,13:41721305:C:T,rs1819481,KBTBD6,0.0256624,0.00275466,0.0027810606055826068,0.01399,0.00350979509683867,1.2e-20,6.72e-05,3.5618921098399516,False,False,False,matched
S_mvpEU,SBP,MVP European,primary,selected_r2_0.1,1:20916238:G:A,rs66731853,CDA,-0.0177791,0.00215421,0.002285231853367507,-0.004802,0.0026868364103308064,1.5e-16,0.0739,4.415466196466837,False,False,False,matched
S_mvpEU,SBP,MVP European,primary,selected_r2_0.1,9:826585:C:G,rs4742448,DMRT1,0.0154567,0.00206109,0.0020784842153221414,-0.0009035,0.002733493801577815,6.4e-14,0.741,4.946551893856546,False,True,True,matched
S_mvpEU,SBP,MVP European,primary,selected_r2_0.1,10:5811954:C:T,rs10795541,GDI2,-0.0182018,0.00204667,0.002145113187627548,-0.0005374,0.0026121319377977337,5.9e-19,0.837,6.000590458185438,False,False,False,matched
S_mvpEU,SBP,MVP European,primary,selected_r2_0.1,14:91957385:G:C,rs11625774,SMEK1,0.0190722,0.00200242,0.002077114262894075,0.001972,0.0025481889003449616,1.7e-21,0.439,6.026559267325437,False,True,True,matched
S_mvpEU,SBP,MVP European,primary,selected_r2_0.1,14:96180695:G:T,rs2887399,TCL1A,0.0186161,0.0024692,0.0025093306184335216,-0.003807,0.00337982065186245,4.7e-14,0.26,4.39929367471936,False,False,False,matched
S_mvpEU,SBP,MVP European,primary,selected_r2_0.1,5:1639658:A:G,rs11954077,LPCAT1,0.02081,0.0028357,0.0031236005588674803,0.007377,0.0036417823533691942,2.2e-13,0.0428,3.6108515263409418,True,False,False,matched
S_mvpEU,SBP,MVP European,primary,selected_r2_0.1,3:24347800:T:C,rs869785,THRB,-0.0147303,0.00212801,0.0022009296231464757,-0.003191,0.0029110182011971224,4.4e-12,0.273,3.994358816888924,False,False,False,matched
S_mvpEU,SBP,MVP European,primary,selected_r2_0.1,11:5247141:G:A,rs1609812,HBB,0.046609,0.00273479,0.0027613895857197847,0.0122,0.003670498126427554,3.9e-65,0.000888,9.382121159030183,False,False,False,matched
S_mvpEU,SBP,MVP European,primary,selected_r2_0.1,19:33750118:C:T,rs11668482,SLC7A10,0.022644,0.00337073,0.0034824644263488744,0.001742,0.004458370665462447,1.8e-11,0.696,4.362753922272329,False,False,False,matched
S_mvpEU,SBP,MVP European,primary,selected_r2_0.1,12:133047900:C:G,rs61951146,MUC8,0.0122403,0.0022285,0.0021852026240128247,0.004276,0.00286082785075673,4e-08,0.135,2.7180971529769486,False,True,False,matched
S_mvpEU,SBP,MVP European,primary,selected_r2_0.1,14:21974672:G:A,rs113058369,METTL3,0.023742,0.0033811,0.0033244161417612834,0.005869,0.004297097742775842,2.2e-12,0.172,3.8686325874692367,False,False,False,matched
S_mvpEU,SBP,MVP European,primary,selected_r2_0.1,3:101267385:T:C,rs13062095,TRMT10C,0.0138552,0.00214113,0.002179210574857616,-0.002603,0.0026611452621928947,9.7e-11,0.328,3.7677063238425563,False,False,False,matched
S_mvpEU,SBP,MVP European,primary,selected_r2_0.1,5:1376174:C:T,rs78559769,SLC6A3,0.0593103,0.00852356,0.00856165839506209,0.006921,0.013019079010993796,3.4e-12,0.595,4.427311447089453,True,False,False,matched
S_mvpEU,SBP,MVP European,primary,selected_r2_0.1,16:9076936:A:G,rs11075084,USP7,-0.0149171,0.00200509,0.0020811406981117715,-0.01059,0.002496739843950505,1e-13,2.22e-05,2.079949081631196,False,False,False,matched
S_mvpEU,SBP,MVP European,primary,selected_r2_0.1,18:74691225:A:G,rs6565924,MBP,0.0131327,0.00208399,0.00216176601952545,0.008176,0.002688821962490198,2.9e-10,0.00236,2.160634216255429,False,False,False,matched
S_mvpEU,SBP,MVP European,primary,selected_r2_0.1,5:1412971:G:A,rs28363089,SLC6A3,0.0471937,0.00670144,0.009192121547485053,-0.01189,0.009484945608031196,1.9e-12,0.21,3.9637848838080805,True,False,False,matched
S_mvpEU,SBP,MVP European,primary,selected_r2_0.1,7:23821866:C:T,rs6944575,STK31,-0.0165378,0.00230444,0.00238444495749293,0.005301,0.0029162179322335282,7.2e-13,0.0691,3.6489682338791343,False,False,False,matched
S_mvpEU,SBP,MVP European,primary,selected_r2_0.1,7:159086389:A:G,rs4909125,VIPR2,-0.0296511,0.00296416,0.0030335070124566034,0.01563,0.0041586791122811455,1.5e-23,0.000171,4.201426982036319,False,False,False,matched
S_mvpEU,SBP,MVP European,primary,selected_r2_0.1,12:111904371:T:A,rs4766578,ATXN2,0.0161968,0.0020345,0.0020767162456961246,-0.008983,0.002506755940972852,1.7e-15,0.000339,2.915842171339598,False,True,True,matched
S_mvpEU,SBP,MVP European,primary,selected_r2_0.1,19:57370055:G:A,rs8102497,ZIM2,-0.0149654,0.0020233,0.0020801787740414583,3.129e-05,0.0027739198307200437,1.4e-13,0.991,5.10613683712939,False,False,False,matched
S_mvpEU,SBP,MVP European,primary,selected_r2_0.1,9:109639896:A:C,rs4743036,ZNF462,0.0142005,0.00249241,0.002639290075668421,0.000454,0.0032236220114294574,1.2e-08,0.888,3.837789639081938,False,False,False,matched
S_mvpEU,SBP,MVP European,primary,selected_r2_0.1,3:128215821:G:A,rs6776756,GATA2,-0.0174439,0.00203747,0.0020874834732666214,0.008946,0.0026296465622557574,1.1e-17,0.000669,3.4621604947007305,False,False,False,matched
S_mvpEU,SBP,MVP European,primary,selected_r2_0.1,7:123420442:C:A,rs688242,WASL,0.0129482,0.00205306,0.0021279269812959577,0.01332,0.0026526541711504744,2.8e-10,5.13e-07,0.7333168133803875,False,False,False,matched
S_mvpEU,SBP,MVP European,primary,selected_r2_0.1,3:169529562:G:C,rs13090787,LRRC34,-0.0431491,0.00775836,0.008047277712567032,-0.07947,0.01686753603114196,2.7e-08,2.46e-06,0.442013516964888,True,True,False,matched
S_mvpEU,SBP,MVP European,primary,selected_r2_0.1,2:216220870:G:T,rs35671754,ATIC,0.0124744,0.00219884,0.0023119501232659536,0.008881,0.002763412549004263,1.4e-08,0.00131,1.6010370458088727,False,False,False,matched
S_mvpEU,SBP,MVP European,primary,selected_r2_0.1,4:122750079:C:T,rs13145213,BBS7,-0.014397,0.00205588,0.0021637595881212656,-3.26e-05,0.0026010355695213943,2.5e-12,0.99,4.83302680621176,False,False,False,matched
S_mvpEU,SBP,MVP European,primary,selected_r2_0.1,5:1289277:G:A,rs115451758,TERT,-0.0836644,0.0100171,0.00856165839506209,-0.0267,0.01441544668223784,6.7e-17,0.064,4.4369754044317045,True,False,False,matched
S_mvpEU,SBP,MVP European,primary,selected_r2_0.1,8:95512202:G:A,rs2381885,RAD54B,-0.0181276,0.00235937,0.0022445748406887582,0.003552,0.0029591150814906424,1.6e-14,0.23,4.44536182839379,False,False,False,matched
S_mvpEU,SBP,MVP European,primary,selected_r2_0.1,6:203722:T:G,rs80014302,DUSP22,0.0396242,0.00466224,0.004569036511496029,-0.003623,0.005956112286098849,1.9e-17,0.543,5.437085434414054,False,False,False,matched
S_mvpEU,SBP,MVP European,primary,selected_r2_0.1,1:146722222:G:A,rs57078845,CHD1L,0.0264634,0.00357823,0.0032725619785444536,-0.008686,0.004475805801967132,1.4e-13,0.0523,3.711730974571998,False,False,False,matched
S_mvpEU,SBP,MVP European,primary,selected_r2_0.1,12:11757743:G:A,rs10845387,ETV6,-0.0141214,0.00209396,0.0022162076556308937,-0.01175,0.0034848669202210344,1.5e-11,0.000747,2.2272517710850384,False,False,False,matched
S_mvpEU,SBP,MVP European,primary,selected_r2_0.1,5:78925710:G:A,rs62365173,PAPD4,-0.0241868,0.00335179,0.0035145082038975876,0.004904,0.004362870138935599,5.4e-13,0.261,4.177505305723215,False,False,False,matched
S_mvpEU,SBP,MVP European,primary,selected_r2_0.1,4:2255063:A:G,rs2282764,MXD4,-0.0224234,0.00289392,0.0022635054375959697,0.008522,0.0037095250337471557,9.3e-15,0.0216,3.697986416792843,False,False,False,matched
S_mvpEU,SBP,MVP European,primary,selected_r2_0.1,22:45790132:T:C,rs6007020,SMC1B,0.0144904,0.00209637,0.0021351603022402004,0.01204,0.0026773055556084187,4.8e-12,6.89e-06,1.5306481574437025,False,False,False,matched
S_mvpEU,SBP,MVP European,primary,selected_r2_0.1,3:197842892:T:C,rs112394943,LMLN,-0.0198961,0.00281641,0.0026553577707203635,-0.00173,0.0036989618174675673,1.6e-12,0.64,4.546735666079229,False,False,False,matched
S_mvpEU,SBP,MVP European,primary,selected_r2_0.1,13:71236607:T:A,rs670179,KLHL1,-0.0115445,0.00203061,0.002081478399379949,-0.003519,0.002618614518495466,1.3e-08,0.179,2.9602436025448844,False,True,True,matched
S_mvpEU,SBP,MVP European,primary,selected_r2_0.1,5:1282319:C:A,rs7726159,TERT,0.0707719,0.0021282,0.002174849130275771,0.02041,0.002643658501248109,1.7999999999999999e-242,1.16e-14,17.407675968143845,True,False,False,matched
S_mvpEU,SBP,MVP European,primary,selected_r2_0.1,6:109590004:A:G,rs9487023,CD164,-0.0135527,0.00201952,0.002098600046878521,-0.003869,0.0025219660959777163,1.9e-11,0.125,3.5319221030597254,False,False,False,matched
S_mvpEU,SBP,MVP European,primary,selected_r2_0.1,3:169923523:G:A,rs77426195,PRKCI,0.0241861,0.00362288,0.0035818546655234343,0.02351,0.005553219334402102,2.5e-11,2.3e-05,1.5576659384541471,True,False,False,matched
S_mvpEU,SBP,MVP European,primary,selected_r2_0.1,3:138244400:C:T,rs9878436,CEP70,-0.0143407,0.00201819,0.002093761228643085,-0.002234,0.0025554291196526577,1.2e-12,0.382,4.281668507147098,False,False,False,matched
S_mvpEU,SBP,MVP European,primary,selected_r2_0.1,1:151374025:T:C,rs4603,PSMB4,0.0174898,0.00265232,0.0027549636249075337,0.01955,0.003307111551136949,4.3e-11,3.39e-09,0.2890003602519645,False,False,False,matched
S_mvpEU,SBP,MVP European,primary,selected_r2_0.1,2:58985331:G:A,rs62144560,FANCL,0.0174803,0.00288881,0.0029121457416431446,-0.001135,0.0036219230695972424,1.4e-09,0.754,3.957597622794233,False,False,False,matched
S_mvpEU,SBP,MVP European,primary,selected_r2_0.1,2:29075031:C:T,rs11690571,TRMT61B,0.0140466,0.00201452,0.002077523468200362,0.007566,0.002539606073496067,3.1e-12,0.00289,2.669011598630078,False,False,False,matched
S_mvpEU,SBP,MVP European,primary,selected_r2_0.1,2:43582103:A:T,rs11124929,ZFP36L2,-0.0146879,0.00268139,0.002920245417609782,-0.007541,0.0034098753212271522,4.3e-08,0.027,2.189936653417156,False,True,False,matched
S_mvpEU,SBP,MVP European,primary,selected_r2_0.1,20:62345183:A:G,rs143155137,ZGPAT,-0.0963686,0.0169222,0.00956571107403805,0.00263,0.02092926795566814,1.2e-08,0.9,3.8468886434410345,False,False,False,matched
S_mvpEU,SBP,MVP European,primary,selected_r2_0.1,1:45246333:T:C,rs112502872,RPS8,0.0152599,0.00254885,0.002747968898298568,0.008265,0.00317422260859879,2.1e-09,0.00922,2.258673404822749,False,False,False,matched
S_mvpEU,SBP,MVP European,primary,selected_r2_0.1,2:17889705:A:G,rs9306855,SMC6,-0.0138867,0.00203254,0.002090462432064823,-0.001434,0.0025575035597800635,8.4e-12,0.575,4.3190292043089915,False,False,False,matched
S_mvpEU,SBP,MVP European,primary,selected_r2_0.1,1:40035928:G:T,rs3768321,PABPC4,-0.0155758,0.00255692,0.0026553577707203635,0.007011,0.003457764418186567,1.1e-09,0.0426,2.7472687721670783,False,False,False,matched
S_mvpEU,SBP,MVP European,primary,selected_r2_0.1,3:169950482:C:T,rs76515783,PRKCI,-0.053179,0.00904508,0.00885978759008771,-0.01253,0.011646741834548639,4.1e-09,0.282,3.2880539954354693,True,False,False,matched
S_mvpEU,SBP,MVP European,primary,selected_r2_0.1,7:50258206:G:A,rs1870026,IKZF1,-0.0270298,0.00428239,0.004314265160091545,-0.00478,0.005703685179272655,2.8e-10,0.402,3.758889201469437,False,False,False,matched
S_mvpEU,SBP,MVP European,primary,selected_r2_0.1,17:2584946:G:A,rs62068249,PAFAH1B1,-0.016024,0.0029099,0.0030269096544627287,0.005255,0.003946455427434876,3.7e-08,0.183,2.8456704275198295,False,False,False,matched
S_mvpEU,SBP,MVP European,primary,selected_r2_0.1,8:70970809:C:G,rs7016464,PRDM14,0.0170424,0.00296156,0.003075292940292153,0.007045,0.0036668805500302596,8.7e-09,0.0547,2.5910285467149143,False,True,False,matched
S_mvpEU,SBP,MVP European,primary,selected_r2_0.1,15:65116390:C:A,rs75683534,PIF1,0.0447257,0.00761929,0.007006437163290439,0.01025,0.013016177268480235,4.4e-09,0.431,3.48995865839921,False,False,False,matched
S_mvpEU,SBP,MVP European,primary,selected_r2_0.1,17:65706748:C:G,rs4496196,NOL11,0.0115162,0.00201947,0.002080811534777142,0.00371,0.0025645774652887517,1.2e-08,0.148,2.8979803807025015,False,True,True,matched
S_mvpEU,SBP,MVP European,primary,selected_r2_0.1,12:88861682:G:A,rs7313826,KITLG,0.0143766,0.00246358,0.002575004622755441,0.003019,0.003196968740746904,5.4e-09,0.345,3.352857046713827,False,False,False,matched
S_mvpEU,SBP,MVP European,primary,selected_r2_0.1,12:24762109:T:C,rs12369950,BCAT1,-0.0178308,0.00290205,0.0027810606055826068,-0.004061,0.0037904495053354345,8e-10,0.284,3.4744221088517264,False,False,False,matched
S_mvpEU,SBP,MVP European,primary,selected_r2_0.1,11:9642200:G:C,rs57701122,WEE1,-0.0137314,0.00210155,0.002148664144505424,0.009212,0.002644916757640281,6.4e-11,0.000496,2.001777058020268,False,True,False,matched
S_mvpEU,SBP,MVP European,primary,selected_r2_0.1,1:28219658:C:G,rs17185038,RPA2,-0.0257788,0.00405796,0.004314265160091545,-0.009045,0.0060514938985254015,2.1e-10,0.135,3.3127500313448226,False,True,False,matched
S_mvpEU,SBP,MVP European,primary,selected_r2_0.1,16:90143727:C:T,rs35986951,PRDM7,-0.014367,0.00213872,0.002289448235407564,0.008712,0.002712670220212653,1.8e-11,0.00132,2.3247406925896965,False,False,False,matched
S_mvpEU,SBP,MVP European,primary,selected_r2_0.1,5:1203499:T:C,rs71593392,SLC6A19,-0.0124651,0.00227275,0.0023119501232659536,-0.00213,0.002961505721131528,4.1e-08,0.472,3.2727371602616344,True,False,False,matched
S_mvpEU,SBP,MVP European,primary,selected_r2_0.1,11:47440758:G:A,rs2293579,PSMC3,-0.012915,0.00205481,0.0021265416721896534,0.01924,0.002601290154537589,3.3e-10,1.4e-13,-0.997186623754209,False,False,False,matched
S_mvpEU,SBP,MVP European,primary,selected_r2_0.1,12:57082058:G:A,rs17445108,PTGES3,-0.0168922,0.00300983,0.003158194239807332,0.006293,0.004650546996370939,2e-08,0.176,2.903099480994761,False,False,False,matched
S_mvpEU,SBP,MVP European,primary,selected_r2_0.1,7:159048318:T:G,rs117685560,VIPR2,0.0491464,0.00695639,0.006309442446716767,0.01658,0.012908692743005951,1.6e-12,0.199,3.9571359845483567,False,False,False,matched
S_mvpEU,SBP,MVP European,primary,selected_r2_0.1,10:105989765:T:G,rs111716290,WDR96,0.0398126,0.00663788,0.007617345416145675,0.02484,0.008713134332435786,2e-09,0.00436,2.087656630257272,False,False,False,matched
S_mvpEU,SBP,MVP European,primary,selected_r2_0.1,7:129663496:C:T,rs11556924,ZC3HC1,0.012812,0.00207631,0.0021306560696827716,-0.005354,0.002566925037018959,6.8e-10,0.037,2.759836964512423,False,False,False,matched
S_mvpEU,SBP,MVP European,primary,selected_r2_0.1,20:62125432:C:T,rs13039831,EEF1A2,-0.015453,0.00226725,0.0024336018877621204,-0.006338,0.002837390209908617,9.4e-12,0.0255,3.099032246146489,False,False,False,matched
S_mvpEU,SBP,MVP European,primary,selected_r2_0.1,20:62194238:C:T,rs34996572,HELZ2,-0.0684315,0.0068933,0.006121263506510739,-0.004017,0.008338750483729172,3.2000000000000003e-23,0.63,6.516020179569549,False,False,False,matched
S_mvpEU,SBP,MVP European,primary,selected_r2_0.1,3:128334852:C:T,rs35604103,RPN1,-0.0138446,0.0022424,0.002375237374810463,0.0002619,0.0028585477168403413,6.7e-10,0.927,4.202819171205156,False,False,False,matched
S_mvpEU,SBP,MVP European,primary,selected_r2_0.1,15:56030756:T:C,rs4774222,PRTG,-0.0110933,0.00202384,0.002075560462877919,0.002404,0.0024935389765148044,4.2e-08,0.335,3.093579120376059,False,False,False,matched
S_mvpEU,SBP,MVP European,primary,selected_r2_0.1,19:13220703:C:G,rs35601737,LYL1,-0.0140576,0.00220765,0.0022443742762907025,0.005693,0.0027664160898632118,1.9e-10,0.0396,2.916258369798868,False,True,False,matched
S_mvpEU,SBP,MVP European,primary,selected_r2_0.1,14:65049474:A:G,rs10782452,PPP1R36,-0.0134595,0.00201454,0.0020861570896805637,-0.003024,0.0026232200043105366,2.4e-11,0.249,3.786889170696662,False,False,False,matched
S_mvpEU,SBP,MVP European,primary,selected_r2_0.1,20:62324404:C:T,rs117238689,RTEL1,-0.0581779,0.0058513,0.0054327099959938,-0.019,0.007879884335243165,2.7e-23,0.0159,5.132844796667635,False,False,False,matched
S_mvpEU,SBP,MVP European,primary,selected_r2_0.1,17:1782952:A:G,rs5030755,RPA1,0.0303514,0.00315286,0.003236764683622493,0.007833,0.0039542189153851616,6.2e-22,0.0476,5.225133233770779,False,False,False,matched
S_mvpEU,SBP,MVP European,primary,selected_r2_0.1,16:73071381:C:T,rs34003787,ZFHX3,-0.0240518,0.00358352,0.0036336215852576055,-0.006128,0.0048456434218365355,1.9e-11,0.206,3.7272397852503647,False,False,False,matched
S_mvpEU,SBP,MVP European,primary,selected_r2_0.1,1:41239511:A:G,rs4660456,KCNQ4,0.0141182,0.00237603,0.0024930830562897247,-0.004297,0.002984998999152626,2.8e-09,0.15,3.0685994216527543,False,False,False,matched
S_mvpEU,SBP,MVP European,primary,selected_r2_0.1,14:73372069:T:G,rs17182055,DPF3,-0.0153637,0.00223645,0.0022875669583040078,-0.01102,0.0030214047088217544,6.4e-12,0.000265,2.1151522107714813,False,False,False,matched
S_mvpEU,SBP,MVP European,primary,selected_r2_0.1,4:164044410:A:G,rs11736512,NAF1,0.0189527,0.0034005,0.0034066816629521428,0.0103,0.004434662159424542,2.5e-08,0.0202,2.1759101343205813,False,False,False,matched
S_mvpEU,SBP,MVP European,primary,selected_r2_0.1,12:123895906:G:C,rs28577594,SETD8,0.0187657,0.00224024,0.002452568175009974,0.00195,0.002824822648057541,5.4e-17,0.49,5.293259550735225,False,True,False,matched
S_mvpEU,SBP,MVP European,primary,selected_r2_0.1,10:101368199:G:C,rs11190184,SLC25A28,-0.017217,0.00222795,0.0022995203169488996,0.002418,0.0029099107497048355,1.1e-14,0.406,4.742989782327808,False,True,False,matched
S_mvpEU,SBP,MVP European,primary,selected_r2_0.1,1:28768043:G:C,rs76374777,PHACTR4,0.0487474,0.00799278,0.006934320996284358,-0.006692,0.012124844162229875,1.1e-09,0.581,3.8183749224669894,False,True,False,matched
S_mvpEU,SBP,MVP European,primary,selected_r2_0.1,10:105710933:A:G,rs7099351,SLK,-0.025767,0.00213423,0.002183685461697974,-0.01513,0.0028033206745070754,1.5e-33,6.77e-08,4.4487164718834515,False,False,False,matched
S_mvpEU,SBP,MVP European,primary,selected_r2_0.1,17:1786461:T:G,rs11656311,RPA1,-0.0160108,0.00232892,0.002416780680348374,0.001163,0.003094004931377448,6.2e-12,0.707,4.481986029076411,False,False,False,matched
S_mvpEU,SBP,MVP European,primary,selected_r2_0.1,20:62316834:G:T,rs75451331,RTEL1,0.0552524,0.00363915,0.003742453070193766,0.004668,0.004742769955949526,4.6e-52,0.325,9.786349564260577,False,False,False,matched
S_mvpEU,SBP,MVP European,primary,selected_r2_0.1,15:56521620:C:T,rs2713923,RFX7,0.011748,0.00205011,0.0021055495800764595,0.005718,0.002671116133310929,1e-08,0.0323,2.415841278121361,False,False,False,matched
S_mvpEU,SBP,MVP European,primary,selected_r2_0.1,2:54475507:C:T,rs62139200,TSPYL6,0.0449072,0.00286885,0.0032725619785444536,0.01796,0.0036730419542212295,3.0999999999999996e-55,1.01e-06,7.290347281616026,False,False,False,matched
S_mvpEU,SBP,MVP European,primary,selected_r2_0.1,19:33751852:G:C,rs12151289,SLC7A10,-0.0338983,0.00602901,0.00591146456107426,-0.002784,0.008097834580138638,1.9e-08,0.731,3.639334071616286,False,True,False,matched
S_mvpEU,SBP,MVP European,primary,selected_r2_0.1,10:96114835:G:A,rs12572897,NOC3L,-0.0321488,0.0029776,0.003158194239807332,0.002924,0.0037866170619902948,3.6e-27,0.44,6.907429079884688,False,False,False,matched
S_mvpEU,SBP,MVP European,primary,selected_r2_0.1,18:704826:G:A,rs12457335,ENOSF1,0.0357005,0.00350659,0.0037293544381598685,0.004207,0.0044642462405672986,2.4e-24,0.346,6.358661198467951,False,False,False,matched
S_mvpEU,SBP,MVP European,primary,selected_r2_0.1,17:73993546:C:T,rs12945114,CDK3,-0.0146207,0.00230705,0.002324612126266943,-0.0001758,0.002860813774993527,2.3e-10,0.951,4.337586540888517,False,False,False,matched
S_mvpEU,SBP,MVP European,primary,selected_r2_0.1,22:51072289:C:A,rs1003322,ARSA,0.0141734,0.00247546,0.002489106072730063,-0.006265,0.0032929583638635607,1e-08,0.0571,2.584510079368107,False,False,False,matched
S_mvpEU,SBP,MVP European,primary,selected_r2_0.1,18:729871:C:T,rs139669835,ENOSF1,-0.0612563,0.0105346,0.009192121547485053,0.007433,0.013538966271271035,6.1e-09,0.583,3.6240069962789283,False,False,False,matched
S_mvpEU,SBP,MVP European,primary,selected_r2_0.1,18:41995504:A:G,rs75957619,SETBP1,0.0322138,0.00300523,0.0028431187519971203,-0.02191,0.003961541421437491,8.300000000000001e-27,3.19e-08,3.4161986512114657,False,False,False,matched
S_mvpEU,SBP,MVP European,primary,selected_r2_0.1,1:110865634:A:C,rs12734821,RBM15,0.0147545,0.00201051,0.002074865727014479,-0.0001374,0.002548284707361939,2.2e-13,0.957,5.035338911643992,False,False,False,matched
S_mvpEU,SBP,MVP European,primary,selected_r2_0.1,16:74671866:G:A,rs77132945,RFWD3,0.0588101,0.00857221,0.007870884980698573,0.01931,0.010971303884609943,6.9e-12,0.0784,3.4722171153338683,False,False,False,matched
S_mvpEU,SBP,MVP European,primary,selected_r2_0.1,18:42161643:G:T,rs1849209,SETBP1,0.0256261,0.00236178,0.0025052170432105967,0.01932,0.0029874974681838753,2e-27,1e-10,2.830476980322819,False,False,False,matched
S_mvpEU,SBP,MVP European,primary,selected_r2_0.1,17:76166689:C:A,rs4583318,SYNGR2,0.0154757,0.00206784,0.0021337779381543323,0.01202,0.0026637745389460664,7.2e-14,6.41e-06,1.914960867120403,False,False,False,matched
S_mvpEU,SBP,MVP European,primary,selected_r2_0.1,4:9946095:G:A,rs4697701,SLC2A9,0.0162475,0.00224259,0.002304434016219619,-0.003162,0.0028546148138031964,4.3e-13,0.268,4.20929001121766,False,False,False,matched
S_mvpEU,SBP,MVP European,primary,selected_r2_0.1,7:23493613:T:A,rs112316332,IGF2BP3,0.0210275,0.00362811,0.0035145082038975876,-0.006604,0.004666367265490354,6.8e-09,0.157,2.9850575535775077,False,True,False,matched
S_mvpEU,SBP,MVP European,primary,selected_r2_0.1,4:164081668:A:C,rs17609340,NAF1,0.036005,0.00471713,0.006100317264344866,-0.005403,0.00892660337136335,2.3e-14,0.545,4.840403359459938,False,False,False,matched
S_mvpEU,SBP,MVP European,primary,selected_r2_0.1,3:48357600:G:A,rs74735576,SPINK8,0.0554726,0.00814666,0.006003563776040081,0.02527,0.011266409502883601,9.8e-12,0.0249,3.087885203018095,False,False,False,matched
S_mvpEU,SBP,MVP European,primary,selected_r2_0.1,18:650816:G:A,rs11081234,TYMS,-0.0141983,0.00225647,0.0027830608284734855,-0.01334,0.0028564476993124246,3.1e-10,3.01e-06,0.9770189238312221,False,False,False,matched
S_mvpEU,SBP,MVP European,primary,selected_r2_0.1,20:62269839:T:C,rs2738775,GMEB2,0.0381594,0.00566569,0.006202126339962071,-0.01032,0.007999095193764844,1.6e-11,0.197,3.724988551561407,False,False,False,matched
