"outcome","rho","exposure","exposure_row","qhet_estimate","bootstrap_B","boot_se","pct_lo","pct_hi"
"D_mvpEU",0,"LTL","Exposure 1",0.111030891512653,1000,0.030640071164339,0.0495888470354759,0.173825477275725
"D_mvpEU",0,"BMI","Exposure 2",0.0394305287736698,1000,0.0516360507940206,-0.04819017564143,0.148915091403936
"D_mvpEU",0,"LYM","Exposure 3",0.0519081704050026,1000,0.0207813320634636,0.00895433072759823,0.0924891124225788
"D_mvpEU",0.1,"LTL","Exposure 1",0.111271640193376,NA,NA,NA,NA
"D_mvpEU",0.1,"BMI","Exposure 2",0.040275787049932,NA,NA,NA,NA
"D_mvpEU",0.1,"LYM","Exposure 3",0.0521617628584473,NA,NA,NA,NA
"D_mvpEU",0.2,"LTL","Exposure 1",0.111492504387193,NA,NA,NA,NA
"D_mvpEU",0.2,"BMI","Exposure 2",0.0410737484682197,NA,NA,NA,NA
"D_mvpEU",0.2,"LYM","Exposure 3",0.0523750854088243,NA,NA,NA,NA
"D_mvpEU",0.3,"LTL","Exposure 1",0.111710470697251,NA,NA,NA,NA
"D_mvpEU",0.3,"BMI","Exposure 2",0.0418519099812785,NA,NA,NA,NA
"D_mvpEU",0.3,"LYM","Exposure 3",0.0526309344087455,NA,NA,NA,NA
"H_mvpEU",0,"LTL","Exposure 1",0.149601832082687,1000,0.0485953917413834,0.0522377017820491,0.241147683108101
"H_mvpEU",0,"BMI","Exposure 2",0.677270212820792,1000,0.081484058929242,0.526806251085441,0.837196659776313
"H_mvpEU",0,"LYM","Exposure 3",0.0457209486752147,1000,0.0377573816357304,-0.0264142770590205,0.121650265355234
"H_mvpEU",0.1,"LTL","Exposure 1",0.151541579981165,NA,NA,NA,NA
"H_mvpEU",0.1,"BMI","Exposure 2",0.678310518300811,NA,NA,NA,NA
"H_mvpEU",0.1,"LYM","Exposure 3",0.046943297627568,NA,NA,NA,NA
"H_mvpEU",0.2,"LTL","Exposure 1",0.153295788395736,NA,NA,NA,NA
"H_mvpEU",0.2,"BMI","Exposure 2",0.679299476635869,NA,NA,NA,NA
"H_mvpEU",0.2,"LYM","Exposure 3",0.0479751973089277,NA,NA,NA,NA
"H_mvpEU",0.3,"LTL","Exposure 1",0.155007991773789,NA,NA,NA,NA
"H_mvpEU",0.3,"BMI","Exposure 2",0.680563512221936,NA,NA,NA,NA
"H_mvpEU",0.3,"LYM","Exposure 3",0.049062585804023,NA,NA,NA,NA
"S_mvpEU",0,"LTL","Exposure 1",0.1857607449079,1000,0.0363488649530732,0.104961232911845,0.246553272052981
"S_mvpEU",0,"BMI","Exposure 2",0.234134268211727,1000,0.0345639523794619,0.157608378671538,0.293181079746368
"S_mvpEU",0,"LYM","Exposure 3",0.0177405134981866,1000,0.0196472504540909,-0.0189736556640492,0.0565178056754307
"S_mvpEU",0.1,"LTL","Exposure 1",0.186382881623772,NA,NA,NA,NA
"S_mvpEU",0.1,"BMI","Exposure 2",0.234979439955026,NA,NA,NA,NA
"S_mvpEU",0.1,"LYM","Exposure 3",0.0182698589914442,NA,NA,NA,NA
"S_mvpEU",0.2,"LTL","Exposure 1",0.186975623789051,NA,NA,NA,NA
"S_mvpEU",0.2,"BMI","Exposure 2",0.235838106755944,NA,NA,NA,NA
"S_mvpEU",0.2,"LYM","Exposure 3",0.0188591048893135,NA,NA,NA,NA
"S_mvpEU",0.3,"LTL","Exposure 1",0.187572133570441,NA,NA,NA,NA
"S_mvpEU",0.3,"BMI","Exposure 2",0.236704274395806,NA,NA,NA,NA
"S_mvpEU",0.3,"LYM","Exposure 3",0.0193688457298894,NA,NA,NA,NA
