locus,trait,p12,nsnps_50kb,nsnps_100kb,PP4_50kb,PP4_100kb,abs_diff_PP4
TERC,DBP,1e-06,107.0,257.0,0.0357161483755534,0.0355924806245613,0.00012366775099209582
TERC,DBP,5e-06,107.0,257.0,0.156257130453679,0.155783516020485,0.00047361443319399177
TERC,DBP,1e-05,107.0,257.0,0.270280937238209,0.269572136755972,0.000708800482236982
TERC,DBP,5e-05,107.0,257.0,0.649362964057779,0.648543574813038,0.0008193892447410089
TERC,FG_HYPERTENSION,1e-06,312.0,674.0,0.19407567991907,0.18654232232127,0.0075333575977999945
TERC,FG_HYPERTENSION,5e-06,312.0,674.0,0.546291118538713,0.534147300224354,0.012143818314359067
TERC,FG_HYPERTENSION,1e-05,312.0,674.0,0.706582495351848,0.6963442169422,0.010238278409648083
TERC,FG_HYPERTENSION,5e-05,312.0,674.0,0.92331620480359,0.919781888656006,0.003534316147584038
TERC,HYPERTENSION,1e-06,107.0,257.0,0.770657233831417,0.770640208410792,1.7025420625094156e-05
TERC,HYPERTENSION,5e-06,107.0,257.0,0.94382473406189,0.943819626715848,5.107346042088068e-06
TERC,HYPERTENSION,1e-05,107.0,257.0,0.971100652773003,0.971097949361163,2.7034118399438256e-06
TERC,HYPERTENSION,5e-05,107.0,257.0,0.994083340476191,0.994082773897447,5.665787439212977e-07
TERC,SBP,1e-06,107.0,257.0,0.853310646214483,0.853310646214095,3.880229471064922e-13
TERC,SBP,5e-06,107.0,257.0,0.966761547554903,0.966761547554793,1.099120794378905e-13
TERC,SBP,1e-05,107.0,257.0,0.983099907313965,0.983099907313854,1.1102230246251565e-13
TERC,SBP,5e-05,107.0,257.0,0.996573657052029,0.996573657052029,0.0
TERT,DBP,1e-06,158.0,498.0,0.0002008379355699,0.000200834945573,2.989996900000817e-09
TERT,DBP,5e-06,158.0,498.0,0.0010033836078804,0.0010033686818867,1.4925993699907783e-08
TERT,DBP,1e-05,158.0,498.0,0.0020047556767771,0.0020047258846052,2.979217190004005e-08
TERT,DBP,5e-05,158.0,498.0,0.0099440369259748,0.0099438903257066,1.466002682009443e-07
TERT,FG_HYPERTENSION,1e-06,431.0,1078.0,0.966071305342824,0.965982604457105,8.870088571899526e-05
TERT,FG_HYPERTENSION,5e-06,431.0,1078.0,0.993024937249111,0.993006191984565,1.874526454603842e-05
TERT,FG_HYPERTENSION,1e-05,431.0,1078.0,0.996500263182603,0.996490824743198,9.438439405040633e-06
TERT,FG_HYPERTENSION,5e-05,431.0,1078.0,0.999298087429062,0.999296189111993,1.898317068982358e-06
TERT,HYPERTENSION,1e-06,158.0,492.0,0.0104759995474312,0.0104519315878345,2.406795959670159e-05
TERT,HYPERTENSION,5e-06,158.0,492.0,0.0502733436364252,0.0501624787543131,0.00011086488211210083
TERT,HYPERTENSION,1e-05,158.0,492.0,0.0957338276574118,0.0955327956752264,0.00020103198218539287
TERT,HYPERTENSION,5e-05,158.0,492.0,0.346125472831479,0.345599596011365,0.0005258768201140129
TERT,SBP,1e-06,158.0,498.0,7.98400939548217e-07,7.98400939548035e-07,1.81900325422861e-19
TERT,SBP,5e-06,158.0,498.0,3.99199194890026e-06,3.99199194889936e-06,8.99548989984067e-19
TERT,SBP,1e-05,158.0,498.0,7.98395202592919e-06,7.98395202592737e-06,1.819426770702237e-18
TERT,SBP,5e-05,158.0,498.0,3.99184853005585e-05,3.99184853005494e-05,9.100521985300203e-18
