"analysis","method","b","se","lo","hi","p","nsnp","direction","code","trait","source","family","Q","Q_p","I2","intercept","intercept_se","intercept_p","I2GX"
"r2<0.001 (primary)","IVW (MRE, t)",0.0288677528292365,0.0150194273013968,-0.000683323818777642,0.0584188294772506,0.0555041129050925,316,"reverse","SBP->L_src","SBP","LTL (Codd 2021 source statistics)","primary",2600.17765189839,0,87.8854431438552,NA,NA,NA,NA
"r2<0.001 (primary)","MR-Egger (t)",0.0443207877365097,0.0435320342083432,-0.0413305659630937,0.129972141436113,0.30940525231211,316,"reverse","SBP->L_src","SBP","LTL (Codd 2021 source statistics)","primary",NA,NA,NA,-0.00041066156027119,0.00108561928195656,0.705482655837652,0.849797199286201
"r2<0.001 (primary)","Weighted median",0.00393201321237478,0.00900699006189879,-0.013721362918057,0.0215853893428066,0.662436788231905,316,"reverse","SBP->L_src","SBP","LTL (Codd 2021 source statistics)","primary",NA,NA,NA,NA,NA,NA,NA
"r2<0.001 (primary)","Weighted mode (MBE)",0.0375519247761427,0.0240746587697816,-0.00963353935272065,0.084737388905006,0.118804480479581,316,"reverse","SBP->L_src","SBP","LTL (Codd 2021 source statistics)","primary",NA,NA,NA,NA,NA,NA,NA
"r2<0.001, Steiger-filtered","IVW (MRE, t)",0.00305127850669512,0.00766663838804209,-0.0120337612070373,0.0181363182204275,0.69090743598274,312,"reverse","SBP->L_src","SBP","LTL (Codd 2021 source statistics)","primary",659.12710358639,3.81797732893963e-27,52.8163842288063,NA,NA,NA,NA
"PLINK 1.9 clumping","IVW (MRE, t)",0.0312291715667542,0.0171079399235372,-0.00244892098298928,0.0649072641164977,0.0690144191753202,278,"reverse","SBP->L_src","SBP","LTL (Codd 2021 source statistics)","secondary",2744.88091228014,0,89.908487513584,NA,NA,NA,NA
"PLINK 1.9 clumping","MR-Egger (t)",0.0404017374932103,0.0488888612916501,-0.055840696124018,0.136644171110438,0.40929124933108,278,"reverse","SBP->L_src","SBP","LTL (Codd 2021 source statistics)","secondary",NA,NA,NA,-0.00024973320852396,0.00124659318661385,0.841368031247758,0.950631320900361
"PLINK 1.9 clumping","Weighted median",0.00449171227494552,0.00897319370783968,-0.0130954242187217,0.0220788487686127,0.616673725227083,278,"reverse","SBP->L_src","SBP","LTL (Codd 2021 source statistics)","secondary",NA,NA,NA,NA,NA,NA,NA
"PLINK 1.9 clumping","Weighted mode (MBE)",0.039829679668525,0.0229350333444549,-0.00512215967083178,0.0847815190078818,0.0824524027911272,278,"reverse","SBP->L_src","SBP","LTL (Codd 2021 source statistics)","secondary",NA,NA,NA,NA,NA,NA,NA
"r2<0.001 (primary)","IVW (MRE, t)",0.0117145582189204,0.0111515637373183,-0.0102397912461555,0.0336689076839964,0.294427279076599,273,"reverse","DBP->L_src","DBP","LTL (Codd 2021 source statistics)","primary",1030.87453675431,9.85907009102508e-89,73.6146358938706,NA,NA,NA,NA
"r2<0.001 (primary)","MR-Egger (t)",-0.0137110731078687,0.034087183965209,-0.0808204317598284,0.0533982855440911,0.687827841288764,273,"reverse","DBP->L_src","DBP","LTL (Codd 2021 source statistics)","primary",NA,NA,NA,0.000660488917135927,0.000836696996206016,0.430568149194625,0.955347797976709
"r2<0.001 (primary)","Weighted median",-0.00304932589445137,0.00973899210491458,-0.0221373996658039,0.0160387478769011,0.75420098634613,273,"reverse","DBP->L_src","DBP","LTL (Codd 2021 source statistics)","primary",NA,NA,NA,NA,NA,NA,NA
"r2<0.001 (primary)","Weighted mode (MBE)",-0.0142381584402078,0.0194791323808116,-0.0524165563566864,0.0239402394762708,0.464813249117879,273,"reverse","DBP->L_src","DBP","LTL (Codd 2021 source statistics)","primary",NA,NA,NA,NA,NA,NA,NA
"r2<0.001, Steiger-filtered","IVW (MRE, t)",0.00178056301917275,0.009272589651388,-0.0164755152433336,0.0200366412816791,0.84786800565791,270,"reverse","DBP->L_src","DBP","LTL (Codd 2021 source statistics)","primary",698.477365607409,6.40960163662329e-40,61.4876568310739,NA,NA,NA,NA
"PLINK 1.9 clumping","IVW (MRE, t)",0.00815263480123173,0.0112976698012598,-0.0141026182221472,0.0304078878246107,0.471230008620769,241,"reverse","DBP->L_src","DBP","LTL (Codd 2021 source statistics)","secondary",862.238890347197,4.76275596711411e-71,72.1654865389615,NA,NA,NA,NA
"PLINK 1.9 clumping","MR-Egger (t)",0.00578535566879483,0.0346628066272484,-0.0624982730259012,0.0740689843634909,0.867586831999727,241,"reverse","DBP->L_src","DBP","LTL (Codd 2021 source statistics)","secondary",NA,NA,NA,6.27676829336302e-05,0.000868671558977923,0.942457740237742,0.960145232976185
"PLINK 1.9 clumping","Weighted median",-0.000666692560468509,0.00991985355017942,-0.020109248250732,0.018775863129795,0.946416193243052,241,"reverse","DBP->L_src","DBP","LTL (Codd 2021 source statistics)","secondary",NA,NA,NA,NA,NA,NA,NA
"PLINK 1.9 clumping","Weighted mode (MBE)",-0.0118071650077471,0.0203753838595763,-0.0517421835436955,0.0281278535282012,0.562264094027744,241,"reverse","DBP->L_src","DBP","LTL (Codd 2021 source statistics)","secondary",NA,NA,NA,NA,NA,NA,NA
"r2<0.001 (primary)","IVW (MRE, t)",-0.00996279146303431,0.00726821907471138,-0.0243035987899364,0.00437801586386779,0.172146127671344,183,"reverse","Hypertension->L_src","Hypertension","LTL (Codd 2021 source statistics)","primary",586.872792051052,4.21375989460431e-44,68.9881687368857,NA,NA,NA,NA
"r2<0.001 (primary)","MR-Egger (t)",0.000678863545691695,0.0250153269330279,-0.048680304954126,0.0500380320455094,0.978379640242682,183,"reverse","Hypertension->L_src","Hypertension","LTL (Codd 2021 source statistics)","primary",NA,NA,NA,-0.000469978240576019,0.00105690102780124,0.657085374473491,0.721420545198473
"r2<0.001 (primary)","Weighted median",-0.00698853431284328,0.00651707047454966,-0.01976175772767,0.00578468910198342,0.283566040419232,183,"reverse","Hypertension->L_src","Hypertension","LTL (Codd 2021 source statistics)","primary",NA,NA,NA,NA,NA,NA,NA
"r2<0.001 (primary)","Weighted mode (MBE)",0.00663639967172308,0.0137771246947136,-0.020366268540433,0.0336390678838792,0.630021205589875,183,"reverse","Hypertension->L_src","Hypertension","LTL (Codd 2021 source statistics)","primary",NA,NA,NA,NA,NA,NA,NA
"PLINK 1.9 clumping","IVW (MRE, t)",-0.00719108240910707,0.00773817355035494,-0.0224644675626588,0.00808230274444464,0.354028631660762,174,"reverse","Hypertension->L_src","Hypertension","LTL (Codd 2021 source statistics)","secondary",618.687235341181,2.04097217929124e-51,72.0375675918709,NA,NA,NA,NA
"PLINK 1.9 clumping","MR-Egger (t)",-0.00637870959563386,0.0264055872069561,-0.0584994351908605,0.0457420159995928,0.809403706621715,174,"reverse","Hypertension->L_src","Hypertension","LTL (Codd 2021 source statistics)","secondary",NA,NA,NA,-3.65554839028937e-05,0.00113573339056225,0.974360500182382,0.724026879978845
"PLINK 1.9 clumping","Weighted median",-0.00154771117618842,0.00683261153977504,-0.0149393837145003,0.0118439613621234,0.820798370357991,174,"reverse","Hypertension->L_src","Hypertension","LTL (Codd 2021 source statistics)","secondary",NA,NA,NA,NA,NA,NA,NA
"PLINK 1.9 clumping","Weighted mode (MBE)",0.0062080951102742,0.0141959451858938,-0.0216154461805825,0.0340316364011309,0.661883156431127,174,"reverse","Hypertension->L_src","Hypertension","LTL (Codd 2021 source statistics)","secondary",NA,NA,NA,NA,NA,NA,NA
"PLINK 1.9 clumping","IVW (MRE, t)",0.190753664795415,0.0274046950500253,0.13643280494912,0.245074524641709,2.74744779416452e-10,109,"forward","S_mvpEU","SBP","MVP European","secondary",682.998006817872,2.51509408443962e-84,84.1873623463151,NA,NA,NA,NA
"PLINK 1.9 clumping","MR-Egger (t)",0.254121310820538,0.0483663093634616,0.158240743461639,0.350001878179437,7.64094465033338e-07,109,"forward","S_mvpEU","SBP","MVP European","secondary",NA,NA,NA,-0.00219825395480796,0.00138703368058978,0.115949328406592,0.96795265886559
"PLINK 1.9 clumping","Weighted median",0.253708537374211,0.0231505269256177,0.208334338376876,0.299082736371547,6.01055441861845e-28,109,"forward","S_mvpEU","SBP","MVP European","secondary",NA,NA,NA,NA,NA,NA,NA
"PLINK 1.9 clumping","Weighted mode (MBE)",0.27992096434001,0.0257031439952543,0.229543727819864,0.330298200860155,1.27888137381554e-27,109,"forward","S_mvpEU","SBP","MVP European","secondary",NA,NA,NA,NA,NA,NA,NA
"PLINK 1.9 clumping","IVW (MRE, t)",0.0922483000059904,0.0281871095250824,0.0363765589342813,0.148120041077699,0.00143097658642232,109,"forward","D_mvpEU","DBP","MVP European","secondary",759.702466745659,1.53584833373924e-98,85.7839082104551,NA,NA,NA,NA
"PLINK 1.9 clumping","MR-Egger (t)",0.130901217991054,0.0501243600270502,0.0315355202327308,0.230266915749378,0.0103079755213149,109,"forward","D_mvpEU","DBP","MVP European","secondary",NA,NA,NA,-0.00134186020959487,0.00143849335296816,0.353011339606477,0.967997071219068
"PLINK 1.9 clumping","Weighted median",0.102559649810341,0.0227152336145598,0.0580386100253903,0.147080689595292,6.33118988261734e-06,109,"forward","D_mvpEU","DBP","MVP European","secondary",NA,NA,NA,NA,NA,NA,NA
"PLINK 1.9 clumping","Weighted mode (MBE)",0.119589057213769,0.020369111075664,0.0796663331083719,0.159511781319167,4.32916981366339e-09,109,"forward","D_mvpEU","DBP","MVP European","secondary",NA,NA,NA,NA,NA,NA,NA
"PLINK 1.9 clumping","IVW (MRE, t)",0.153577090559803,0.0491441311353474,0.0561648969631199,0.250989284156487,0.00228358947321224,109,"forward","H_mvpEU","Hypertension","MVP European","secondary",430.438906851494,4.62481283936161e-40,74.9093313171941,NA,NA,NA,NA
"PLINK 1.9 clumping","MR-Egger (t)",0.322720705123003,0.0831787096317763,0.157828614396297,0.487612795849709,0.000180944627731439,109,"forward","H_mvpEU","Hypertension","MVP European","secondary",NA,NA,NA,-0.00611581478125917,0.00245618318579288,0.0143140059063556,0.971385020459209
"PLINK 1.9 clumping","Weighted median",0.205228719819363,0.0456851587503329,0.115687454040715,0.29476998559801,7.04777733633599e-06,109,"forward","H_mvpEU","Hypertension","MVP European","secondary",NA,NA,NA,NA,NA,NA,NA
"PLINK 1.9 clumping","Weighted mode (MBE)",0.284066402225272,0.0415633225800135,0.202603786890625,0.365529017559919,8.22656593043161e-12,109,"forward","H_mvpEU","Hypertension","MVP European","secondary",NA,NA,NA,NA,NA,NA,NA
"PLINK 1.9 clumping","IVW (MRE, t)",0.15949113807439,0.0370496687223796,0.0860522671675534,0.232930008981226,3.6896448805039e-05,109,"forward","H_fg12","Hypertension","FinnGen R12","secondary",353.720776963688,6.87446485400791e-28,69.4674423914072,NA,NA,NA,NA
"PLINK 1.9 clumping","MR-Egger (t)",0.218995125237926,0.0645756686146346,0.0909813936582977,0.347008856817553,0.000975603100797473,109,"forward","H_fg12","Hypertension","FinnGen R12","secondary",NA,NA,NA,-0.00214689193018346,0.00190939849853665,0.263367392039825,0.972149139957858
"PLINK 1.9 clumping","Weighted median",0.178421675675575,0.0367326634912222,0.10642697817655,0.2504163731746,1.18995445021569e-06,109,"forward","H_fg12","Hypertension","FinnGen R12","secondary",NA,NA,NA,NA,NA,NA,NA
"PLINK 1.9 clumping","Weighted mode (MBE)",0.18561489385304,0.0416145395990466,0.104051895005693,0.267177892700387,8.18306638159016e-06,109,"forward","H_fg12","Hypertension","FinnGen R12","secondary",NA,NA,NA,NA,NA,NA,NA
"r2<0.001, excluding ambiguous palindromic","IVW (MRE, t)",0.151778873346752,0.0382504674075715,0.0759598111273373,0.227597935566167,0.000130746108113351,109,"forward","H_fg12","Hypertension","FinnGen R12","secondary",378.772352501932,9.13123600148544e-32,71.4868312624668,NA,NA,NA,NA
