"locus","window_kb","pair","trait","L","n_variants","n_credible_sets","converged","niter"
"TERT",100,"SBP","LTL",20,491,19,TRUE,29
"TERT",100,"SBP","SBP",20,491,2,TRUE,8
"TERT",100,"DBP","LTL",20,491,19,TRUE,29
"TERT",100,"DBP","DBP",20,491,1,TRUE,10
"TERT",100,"HYPERTENSION","LTL",20,485,19,TRUE,29
"TERT",100,"HYPERTENSION","HYPERTENSION",20,485,0,TRUE,8
"TERT",100,"FG_HYPERTENSION","LTL",20,842,20,TRUE,20
"TERT",100,"FG_HYPERTENSION","FG_HYPERTENSION",20,842,1,TRUE,10
"TERT",250,"SBP","LTL",20,1306,19,TRUE,57
"TERT",250,"SBP","SBP",20,1306,2,TRUE,9
"TERT",250,"DBP","LTL",20,1308,19,TRUE,58
"TERT",250,"DBP","DBP",20,1308,2,TRUE,8
"TERT",250,"HYPERTENSION","LTL",20,1286,19,TRUE,57
"TERT",250,"HYPERTENSION","HYPERTENSION",20,1286,0,TRUE,8
"TERT",250,"FG_HYPERTENSION","LTL",20,2183,19,TRUE,21
"TERT",250,"FG_HYPERTENSION","FG_HYPERTENSION",20,2183,1,TRUE,9
