source,portal_dataset_id,phenotype_code,ancestry,N,scale,role,UK_Biobank_overlap,accessed
"Codd et al. 2021 (source summary statistics, figshare)",—,LTL,European (UK Biobank),"464,716","BOLT-LMM, z-standardised log T/S",MR exposure; reverse-MR primary outcome; colocalization,is UK Biobank,2026-09-29
Codd et al. 2021 via Knowledge Portal,Codd2021_LTL_Mixed,LTL,European,"472,174 (portal record)",as source,MVMR exposure (LTL column); source check,is UK Biobank,2026-09-29
"MVP, Verma et al. 2024",Verma2024_MVPTraits_EU,SBP,European,"425,740",rank-based inverse-normal (SD),Primary outcome; colocalization,none,2026-09-29
"MVP, Verma et al. 2024",Verma2024_MVPTraits_EU,DBP,European,"425,743",rank-based inverse-normal (SD),Primary outcome; colocalization,none,2026-09-29
"MVP, Verma et al. 2024",Verma2024_MVPTraits_EU,HYPERTENSION,European,"318,398 (effective N in record)",log odds ratio,Primary outcome (hypertension); colocalization,none,2026-09-29
FinnGen R12,finngen_R12_I9_HYPTENS (not portal),I9_HYPTENS,Finnish,"154,630 cases; 345,634 controls",log odds ratio,Secondary outcome; colocalization,none,2026-09-29
"MVP, Verma et al. 2024",Verma2024_MVPTraits_AA,SBP; DBP; HYPERTENSION,African American,"52,787–119,332 across AA and HS records",inverse-normal (SD); log OR,Transportability,none,2026-09-29
"MVP, Verma et al. 2024",Verma2024_MVPTraits_HS,SBP; DBP; HYPERTENSION,Hispanic,"52,787–119,332 across AA and HS records",inverse-normal (SD); log OR,Transportability,none,2026-09-29
Biobank Japan,GWAS_BBJ_ea,SBP; DBP,East Asian,"136,597; 136,615",portal record scale (implied SD: Supplementary Table S2),Transportability,none,2026-09-29
"Genes & Health, Huang et al.",Huang2021_Cardiometabolic_SA,SBP; DBP,British Pakistani/Bangladeshi,"18,536 (portal record)",portal record scale,Transportability,none,2026-09-29
Nakao et al. 2026,Nakao2026_LTL_SA,LTL,South Asian,"11,277",SD,Exploratory reverse-MR outcome,not established,2026-09-29
Pulit et al. 2019 (GIANT + UK Biobank),GWAS_UKBiobankGIANT_eu,BMI,European,"484,680–806,810 per analysed variant",SD,MVMR exposure,includes UK Biobank,2026-09-29
Chen et al. 2020 (Blood Cell Consortium),Chen2020_BCX_eu,LymphoCount,European,"114,815–524,923 per analysed variant",SD,MVMR exposure,includes UK Biobank,2026-09-29
Knowledge Portal ancestry meta-analyses,bottom-line ancestry-specific,SBP; DBP; HYPERTENSION,6 groups,"per record (up to 4.9 million, summed across studies)",mixed; SE derived from P,Descriptive variant look-up; comparison colocalization (Fig. S2b),may include UK Biobank,2026-09-29
1000 Genomes phase 3,release 20130502,phased genotypes,EUR (503 individuals),503,—,"LD for clumping, GLS and SuSiE",none (public reference genotypes),2026-09-29
GTEx v8,portal eQTL API,cis-eQTL,mostly European,73–670 per tissue,NES,Annotation only,none,2026-09-29
