"set","outcome","exposure","method","b","se","lo","hi","p","nsnp","Q","Q_p","egger_intercept","egger_intercept_p"
"primary (318; fallback SEs excluded)","S_mvpEU","LTL","MV-IVW (random, t)",0.192500043746383,0.031985545187878,0.129567730915281,0.255432356577486,4.89381338400394e-09,318,2380.14970172032,3.75505313276346e-313,NA,NA
"primary (318; fallback SEs excluded)","S_mvpEU","LTL","MV-Egger (t)",0.220933086013537,0.0372819269803218,0.147579116403214,0.294287055623859,8.13720407912662e-09,318,NA,NA,-0.00081867584749286,0.140730698514772
"primary (318; fallback SEs excluded)","S_mvpEU","BMI","MV-IVW (random, t)",0.245867314451372,0.0375119759098749,0.172061619128483,0.319673009774261,2.28206570358516e-10,318,2380.14970172032,3.75505313276346e-313,NA,NA
"primary (318; fallback SEs excluded)","S_mvpEU","BMI","MV-Egger (t)",0.23287916607424,0.0384609159589539,0.157205479412942,0.308552852735539,3.99377013689121e-09,318,NA,NA,-0.00081867584749286,0.140730698514772
"primary (318; fallback SEs excluded)","S_mvpEU","LYM","MV-IVW (random, t)",-0.00263643225086725,0.0213165277515479,-0.044577202215973,0.0393043377142386,0.901647375370567,318,2380.14970172032,3.75505313276346e-313,NA,NA
"primary (318; fallback SEs excluded)","S_mvpEU","LYM","MV-Egger (t)",-0.00379026800216537,0.0212910233925374,-0.0456813720680362,0.0381008360637055,0.858820221269016,318,NA,NA,-0.00081867584749286,0.140730698514772
"primary (318; fallback SEs excluded)","S_mvpEU","LTL","IVW univariable, same variants",0.18390650508301,0.0339256103394436,0.117158692556429,0.250654317609591,1.17695984307666e-07,318,NA,NA,NA,NA
"primary (318; fallback SEs excluded)","D_mvpEU","LTL","MV-IVW (random, t)",0.0985099370268021,0.0332372244596211,0.0331149157744157,0.163904958279188,0.00326988605539621,318,2701.81036316039,0,NA,NA
"primary (318; fallback SEs excluded)","D_mvpEU","LTL","MV-Egger (t)",0.0911936405394808,0.0388676925843466,0.0147196014652561,0.167667679613706,0.0195824965603466,318,NA,NA,0.000210657124524301,0.715744068213976
"primary (318; fallback SEs excluded)","D_mvpEU","BMI","MV-IVW (random, t)",0.0692544147087436,0.0389815326117256,-0.00744266800619031,0.145951497423677,0.0765998947095542,318,2701.81036316039,0,NA,NA
"primary (318; fallback SEs excluded)","D_mvpEU","BMI","MV-Egger (t)",0.0725965366578823,0.040097822810749,-0.00629784231164589,0.15149091562741,0.0711731962246088,318,NA,NA,0.000210657124524301,0.715744068213976
"primary (318; fallback SEs excluded)","D_mvpEU","LYM","MV-IVW (random, t)",0.0264654223694092,0.0221528720314356,-0.0171208746469704,0.0700517193857889,0.233113841959567,318,2701.81036316039,0,NA,NA
"primary (318; fallback SEs excluded)","D_mvpEU","LYM","MV-Egger (t)",0.0267620189916636,0.022198347512067,-0.016914288557005,0.0704383265403322,0.228881943714309,318,NA,NA,0.000210657124524301,0.715744068213976
"primary (318; fallback SEs excluded)","D_mvpEU","LTL","IVW univariable, same variants",0.0942273326975293,0.0333029818254062,0.0287045266163108,0.159750138778748,0.00496090799224215,318,NA,NA,NA,NA
"primary (318; fallback SEs excluded)","H_mvpEU","LTL","MV-IVW (random, t)",0.184928324655761,0.0529327352161492,0.0807819225212406,0.289074726790281,0.000544685435323478,318,1306.17265568586,1.14505030784162e-120,NA,NA
"primary (318; fallback SEs excluded)","H_mvpEU","LTL","MV-Egger (t)",0.21401440969745,0.0615358274970828,0.0929397339557807,0.33508908543912,0.000576473299153813,318,NA,NA,-0.000883708247648253,0.354404198319605
"primary (318; fallback SEs excluded)","H_mvpEU","BMI","MV-IVW (random, t)",0.717970409158718,0.0565797094328231,0.606648499433423,0.829292318884014,4.39016605996874e-30,318,1306.17265568586,1.14505030784162e-120,NA,NA
"primary (318; fallback SEs excluded)","H_mvpEU","BMI","MV-Egger (t)",0.703425275653,0.0587251294248086,0.587880782433447,0.818969768872554,1.68991655690227e-27,318,NA,NA,-0.000883708247648253,0.354404198319605
"primary (318; fallback SEs excluded)","H_mvpEU","LYM","MV-IVW (random, t)",0.0452780752017824,0.0372814399050006,-0.0280740351066146,0.11863018551018,0.225468896120579,318,1306.17265568586,1.14505030784162e-120,NA,NA
"primary (318; fallback SEs excluded)","H_mvpEU","LYM","MV-Egger (t)",0.0449292395689583,0.0372916148500441,-0.0284437913871358,0.118302270525052,0.229181784162585,318,NA,NA,-0.000883708247648253,0.354404198319605
"primary (318; fallback SEs excluded)","H_mvpEU","LTL","IVW univariable, same variants",0.144618167550047,0.064771478182795,0.0171818608909392,0.272054474209154,0.0262637447770811,318,NA,NA,NA,NA
"all 330 variants","S_mvpEU","LTL","MV-IVW (random, t)",0.19134640065005,0.0315328702332837,0.129313516009832,0.253379285290267,3.57938024828725e-09,330,2437.86511944716,9.17341565946359e-319,NA,NA
"all 330 variants","S_mvpEU","LTL","MV-Egger (t)",0.222264299784571,0.0367341792104605,0.149998342066962,0.29453025750218,3.94807238649057e-09,330,NA,NA,-0.000875765119392231,0.104206972908099
"all 330 variants","S_mvpEU","BMI","MV-IVW (random, t)",0.24561522470907,0.0368871975570911,0.173049065845908,0.318181383572232,1.16999323374724e-10,330,2437.86511944716,9.17341565946359e-319,NA,NA
"all 330 variants","S_mvpEU","BMI","MV-Egger (t)",0.231821267334404,0.0377556451152675,0.157545812917172,0.306096721751635,2.38992885226132e-09,330,NA,NA,-0.000875765119392231,0.104206972908099
"all 330 variants","S_mvpEU","LYM","MV-IVW (random, t)",0.0108986782309824,0.019561554189994,-0.0275836935123429,0.0493810499743078,0.577807547318272,330,2437.86511944716,9.17341565946359e-319,NA,NA
"all 330 variants","S_mvpEU","LYM","MV-Egger (t)",0.00890235986374065,0.0195506787911656,-0.0295590555602523,0.0473637752877336,0.649161188164388,330,NA,NA,-0.000875765119392231,0.104206972908099
"all 330 variants","S_mvpEU","LTL","IVW univariable, same variants",0.182348595527729,0.0334142090382025,0.116616140673948,0.24808105038151,9.53325992222826e-08,330,NA,NA,NA,NA
"all 330 variants","D_mvpEU","LTL","MV-IVW (random, t)",0.090302297411148,0.0335474215090192,0.0243062966332312,0.156298298189065,0.00747284444104565,330,2900.77260077498,0,NA,NA
"all 330 variants","D_mvpEU","LTL","MV-Egger (t)",0.0911883103108089,0.039255116362918,0.0139629948075122,0.168413625814106,0.0207941151634558,330,NA,NA,-2.50931752287892e-05,0.965213217606176
"all 330 variants","D_mvpEU","BMI","MV-IVW (random, t)",0.0663966291929006,0.0392529163257348,-0.0108234783397225,0.143616736725524,0.0916925005098832,330,2900.77260077498,0,NA,NA
"all 330 variants","D_mvpEU","BMI","MV-Egger (t)",0.0659992972594022,0.0403532240023741,-0.0133862897389418,0.145384884257746,0.102898128162838,330,NA,NA,-2.50931752287892e-05,0.965213217606176
"all 330 variants","D_mvpEU","LYM","MV-IVW (random, t)",0.0506655874922723,0.0210780797271625,0.009199838308037,0.0921313366765075,0.0167858062801092,330,2900.77260077498,0,NA,NA
"all 330 variants","D_mvpEU","LYM","MV-Egger (t)",0.0506145364395012,0.0211427005750822,0.00902118826527907,0.0922078846137233,0.0172311096746118,330,NA,NA,-2.50931752287892e-05,0.965213217606176
"all 330 variants","D_mvpEU","LTL","IVW univariable, same variants",0.0831863764454485,0.0337801454337325,0.0167340512643159,0.149638701626581,0.0143059965184376,330,NA,NA,NA,NA
"all 330 variants","H_mvpEU","LTL","MV-IVW (random, t)",0.173904761912893,0.0546867789955913,0.0663224635784445,0.281487060247342,0.00161365596269122,330,1483.64390098423,1.46598943499692e-146,NA,NA
"all 330 variants","H_mvpEU","LTL","MV-Egger (t)",0.209178651250514,0.0632954932962691,0.0846594829833526,0.333697819517675,0.00105590613921944,330,NA,NA,-0.00103012406319749,0.269664809353544
"all 330 variants","H_mvpEU","BMI","MV-IVW (random, t)",0.682555772586105,0.057924957140809,0.568603184143567,0.796508361028644,5.94976862937602e-27,330,1483.64390098423,1.46598943499692e-146,NA,NA
"all 330 variants","H_mvpEU","BMI","MV-Egger (t)",0.665886147598546,0.0598356272520172,0.54817346143161,0.783598833765481,1.30770566393603e-24,330,NA,NA,-0.00103012406319749,0.269664809353544
"all 330 variants","H_mvpEU","LYM","MV-IVW (random, t)",0.0992715276558859,0.035417963081614,0.0295957131239701,0.168947342187802,0.00536741103194339,330,1483.64390098423,1.46598943499692e-146,NA,NA
"all 330 variants","H_mvpEU","LYM","MV-Egger (t)",0.0960413922560241,0.0355262282835931,0.0261517971653249,0.165930987346723,0.0072222599617023,330,NA,NA,-0.00103012406319749,0.269664809353544
"all 330 variants","H_mvpEU","LTL","IVW univariable, same variants",0.129532863153339,0.0651763583851807,0.00131788639930017,0.257747839907378,0.0477045613496137,330,NA,NA,NA,NA
