a,b,dist,r,r2,ld_status
1:20916238:G:A,1:28219658:C:G,7303420,0.027357228100299835,0.00074841792229563,computed (both variants usable)
1:20916238:G:A,1:28768043:G:C,7851805,-0.03920966759324074,0.0015373980859294534,computed (both variants usable)
1:28219658:C:G,1:28768043:G:C,548385,-0.011545711196959019,0.00013330344518180937,computed (both variants usable)
1:28219658:C:G,1:32279629:G:A,4059971,0.015687977895140648,0.00024611264234408736,computed (both variants usable)
1:28768043:G:C,1:32279629:G:A,3511586,0.026013843715190887,0.0006767200538888574,computed (both variants usable)
1:32279629:G:A,1:40035928:G:T,7756299,-0.013666493818163872,0.0001867730461526662,computed (both variants usable)
1:32279629:G:A,1:41239511:A:G,8959882,-0.02394872158765793,0.0005735412705689669,computed (both variants usable)
1:40035928:G:T,1:41239511:A:G,1203583,0.042307134717702866,0.0017898936057463288,computed (both variants usable)
1:40035928:G:T,1:45246333:T:C,5210405,0.00460790004581213,2.123274316545576e-05,computed (both variants usable)
1:41239511:A:G,1:45246333:T:C,4006822,0.06751108169555664,0.00455774599686265,computed (both variants usable)
1:110865634:A:C,1:114443899:G:A,3578265,-0.03678751736879349,0.001353321480564773,computed (both variants usable)
1:146722222:G:A,1:151374025:T:C,4651803,-0.005842240061610937,3.413176818867214e-05,computed (both variants usable)
10:96114835:G:A,10:101271789:A:C,5156954,0.004398524761199951,1.9347020497662015e-05,computed (both variants usable)
10:96114835:G:A,10:101368199:G:C,5253364,0.02238568104803562,0.0005011187167838216,computed (both variants usable)
10:96114835:G:A,10:103937244:C:T,7822409,-0.007344053126871586,5.39351167390123e-05,computed (both variants usable)
10:96114835:G:A,10:105676465:C:A,9561630,0.053262751549482346,0.0028369207866489887,computed (both variants usable)
10:96114835:G:A,10:105710933:A:G,9596098,0.00025486716185696423,6.495726978528182e-08,computed (both variants usable)
10:96114835:G:A,10:105768158:A:T,9653323,0.017200956121087074,0.00029587288736365736,computed (both variants usable)
10:96114835:G:A,10:105989765:T:G,9874930,0.015565196052193642,0.00024227533140219748,computed (both variants usable)
10:101271789:A:C,10:101368199:G:C,96410,-0.035617563873529434,0.0012686108238995075,computed (both variants usable)
10:101271789:A:C,10:103937244:C:T,2665455,-0.012949750758707523,0.00016769603826105595,computed (both variants usable)
10:101271789:A:C,10:105676465:C:A,4404676,0.02900976873934269,0.0008415667107328773,computed (both variants usable)
10:101271789:A:C,10:105710933:A:G,4439144,0.01659940369427204,0.0002755401947069913,computed (both variants usable)
10:101271789:A:C,10:105768158:A:T,4496369,0.023181943222880363,0.0005374025204218924,computed (both variants usable)
10:101271789:A:C,10:105989765:T:G,4717976,-0.035458456724882126,0.0012573021231219172,computed (both variants usable)
10:101368199:G:C,10:103937244:C:T,2569045,-0.024378105998039246,0.0005942920688539743,computed (both variants usable)
10:101368199:G:C,10:105676465:C:A,4308266,-0.031151767820119858,0.0009704326512292027,computed (both variants usable)
10:101368199:G:C,10:105710933:A:G,4342734,-0.010975361801683903,0.00012045856419717893,computed (both variants usable)
10:101368199:G:C,10:105768158:A:T,4399959,-0.028387470170855522,0.0008058484527282417,computed (both variants usable)
10:101368199:G:C,10:105989765:T:G,4621566,-0.006501341704279184,4.2267445678589866e-05,computed (both variants usable)
10:103937244:C:T,10:105676465:C:A,1739221,0.017649168148636818,0.00031149314600043,computed (both variants usable)
10:103937244:C:T,10:105710933:A:G,1773689,0.02498663403093815,0.0006243318784981966,computed (both variants usable)
10:103937244:C:T,10:105768158:A:T,1830914,0.01175694353878498,0.00013822571781929582,computed (both variants usable)
10:103937244:C:T,10:105989765:T:G,2052521,-0.029642803594470024,0.0008786958060227334,computed (both variants usable)
10:105676465:C:A,10:105710933:A:G,34468,0.06252572685480118,0.0039094663225114346,computed (both variants usable)
10:105676465:C:A,10:105768158:A:T,91693,-0.015125141479074955,0.0002287699026055634,computed (both variants usable)
10:105676465:C:A,10:105989765:T:G,313300,-0.09820245206356049,0.009643721394240856,computed (both variants usable)
10:105710933:A:G,10:105768158:A:T,57225,-0.043061837553977966,0.0018543218029662967,computed (both variants usable)
10:105710933:A:G,10:105989765:T:G,278832,-0.008221087977290154,6.758629024261609e-05,computed (both variants usable)
10:105768158:A:T,10:105989765:T:G,221607,0.014222955331206322,0.00020229246001690626,computed (both variants usable)
11:202253:G:A,11:5247141:G:A,5044888,-0.005034109577536583,2.5342258595628664e-05,computed (both variants usable)
11:202253:G:A,11:9642200:G:C,9439947,0.009843016043305397,9.688496356830001e-05,computed (both variants usable)
11:5247141:G:A,11:9642200:G:C,4395059,0.0012751156464219093,1.625919935577258e-06,computed (both variants usable)
12:111904371:T:A,12:120976371:T:C,9072000,0.013257019221782684,0.00017574855883140117,computed (both variants usable)
12:120976371:T:C,12:123042642:A:T,2066271,-0.008546531200408936,7.304319296963513e-05,computed (both variants usable)
12:120976371:T:C,12:123895906:G:C,2919535,0.0348622165620327,0.0012153740972280502,computed (both variants usable)
12:123042642:A:T,12:123895906:G:C,853264,-0.06832917779684067,0.004668876528739929,computed (both variants usable)
12:123895906:G:C,12:133047900:C:G,9151994,0.048296745866537094,0.0023325756192207336,computed (both variants usable)
13:71236607:T:A,13:73340177:G:A,2103570,0.00515245646238327,2.654780837474391e-05,computed (both variants usable)
14:20812951:G:A,14:21974672:G:A,1161721,-0.0013911488931626081,1.9352951312612277e-06,computed (both variants usable)
14:65049474:A:G,14:65544367:C:A,494893,0.10866156965494156,0.01180733647197485,computed (both variants usable)
14:65049474:A:G,14:73372069:T:G,8322595,-0.02719997800886631,0.0007398388115689158,computed (both variants usable)
14:65049474:A:G,14:73422259:C:G,8372785,0.015532390214502811,0.00024125514028128237,computed (both variants usable)
14:65544367:C:A,14:73372069:T:G,7827702,0.0064506796188652515,4.161126707913354e-05,computed (both variants usable)
14:65544367:C:A,14:73422259:C:G,7877892,-0.023508982732892036,0.0005526722525246441,computed (both variants usable)
14:73372069:T:G,14:73422259:C:G,50190,-0.067253477871418,0.004523030482232571,computed (both variants usable)
14:91957385:G:C,14:96180695:G:T,4223310,0.007065344136208296,4.991908645024523e-05,computed (both variants usable)
14:91957385:G:C,14:96997233:C:A,5039848,2.275481710967142e-05,5.177817063994894e-10,computed (both variants usable)
14:96180695:G:T,14:96997233:C:A,816538,0.0011430456070229411,1.3065532584732864e-06,computed (both variants usable)
15:42032383:C:G,15:50353277:T:G,8320894,-0.01566428691148758,0.00024536988348700106,computed (both variants usable)
15:50353277:T:G,15:56030756:T:C,5677479,-0.0404265932738781,0.0016343094175681472,computed (both variants usable)
15:50353277:T:G,15:56521620:C:T,6168343,-0.014937292784452438,0.00022312271175906062,computed (both variants usable)
15:56030756:T:C,15:56521620:C:T,490864,0.002017769031226635,4.071391686011339e-06,computed (both variants usable)
15:56030756:T:C,15:65116390:C:A,9085634,0.016971107572317123,0.00028801849111914635,computed (both variants usable)
15:56521620:C:T,15:65116390:C:A,8594770,0.03783966228365898,0.001431840006262064,computed (both variants usable)
15:65116390:C:A,15:74336633:T:C,9220243,-0.002346248598769307,5.504882665263722e-06,computed (both variants usable)
16:3644120:G:A,16:9076936:A:G,5432816,-0.008797990158200264,7.740462751826271e-05,computed (both variants usable)
16:9076936:A:G,16:14652220:T:C,5575284,0.012750954367220402,0.0001625868317205459,computed (both variants usable)
16:69402831:A:G,16:70352401:A:C,949570,0.024237172678112984,0.0005874405615031719,computed (both variants usable)
16:69402831:A:G,16:73071381:C:T,3668550,-0.001510240021161735,2.280824901390588e-06,computed (both variants usable)
16:69402831:A:G,16:74655652:C:T,5252821,-0.011462494730949402,0.00013138879148755223,computed (both variants usable)
16:69402831:A:G,16:74671866:G:A,5269035,0.014479286968708038,0.00020964974828530103,computed (both variants usable)
16:70352401:A:C,16:73071381:C:T,2718980,-0.04178985208272934,0.0017463917611166835,computed (both variants usable)
16:70352401:A:C,16:74655652:C:T,4303251,0.030068762600421906,0.0009041304583661258,computed (both variants usable)
16:70352401:A:C,16:74671866:G:A,4319465,-0.027980368584394455,0.0007829010137356818,computed (both variants usable)
16:73071381:C:T,16:74655652:C:T,1584271,-0.04930464178323746,0.002430947730317712,computed (both variants usable)
16:73071381:C:T,16:74671866:G:A,1600485,0.06698927283287048,0.004487562458962202,computed (both variants usable)
16:73071381:C:T,16:82203758:C:T,9132377,-0.031178927049040794,0.0009721255046315491,computed (both variants usable)
16:74655652:C:T,16:74671866:G:A,16214,-0.05380330607295036,0.0028947957325726748,computed (both variants usable)
16:74655652:C:T,16:82203758:C:T,7548106,-0.01286671869456768,0.00016555245383642614,computed (both variants usable)
16:74671866:G:A,16:82203758:C:T,7531892,-0.006571831181645393,4.318896390032023e-05,computed (both variants usable)
16:82203758:C:T,16:88092092:T:C,5888334,0.02244212105870247,0.0005036487709730864,computed (both variants usable)
16:82203758:C:T,16:90143727:C:T,7939969,-0.010662880726158619,0.00011369702406227589,computed (both variants usable)
16:88092092:T:C,16:90143727:C:T,2051635,0.0229902695864439,0.000528552511241287,computed (both variants usable)
17:1782952:A:G,17:1786461:T:G,3509,-0.04648217186331749,0.0021605922374874353,computed (both variants usable)
17:1782952:A:G,17:2584946:G:A,801994,-0.03681390359997749,0.00135526352096349,computed (both variants usable)
17:1782952:A:G,17:7772242:G:A,5989290,-0.019360529258847237,0.0003748300950974226,computed (both variants usable)
17:1782952:A:G,17:8136816:A:G,6353864,-0.0470573827624321,0.0022143973037600517,computed (both variants usable)
17:1786461:T:G,17:2584946:G:A,798485,0.017640983685851097,0.00031120431958697736,computed (both variants usable)
17:1786461:T:G,17:7772242:G:A,5985781,0.04643886908888817,0.002156568458303809,computed (both variants usable)
17:1786461:T:G,17:8136816:A:G,6350355,-0.016083497554063797,0.00025867889053188264,computed (both variants usable)
17:2584946:G:A,17:7772242:G:A,5187296,0.010995757766067982,0.00012090669042663649,computed (both variants usable)
17:2584946:G:A,17:8136816:A:G,5551870,-0.00573428301140666,3.28820024151355e-05,computed (both variants usable)
17:7772242:G:A,17:8136816:A:G,364574,0.021079881116747856,0.0004443613870535046,computed (both variants usable)
17:65706748:C:G,17:73993546:C:T,8286798,0.007596717216074467,5.771011274191551e-05,computed (both variants usable)
17:73993546:C:T,17:76166689:C:A,2173143,0.024497464299201965,0.0006001257570460439,computed (both variants usable)
17:73993546:C:T,17:76183233:C:T,2189687,0.0470389649271965,0.0022126641124486923,computed (both variants usable)
17:76166689:C:A,17:76183233:C:T,16544,-0.08834352344274521,0.007804578170180321,computed (both variants usable)
18:650816:G:A,18:658423:A:G,7607,0.08885123580694199,0.007894542068243027,computed (both variants usable)
18:650816:G:A,18:704826:G:A,54010,-0.09873569756746292,0.009748738259077072,computed (both variants usable)
18:650816:G:A,18:729871:C:T,79055,-0.05612810328602791,0.0031503639183938503,computed (both variants usable)
18:658423:A:G,18:704826:G:A,46403,-0.10464205592870712,0.010949959978461266,computed (both variants usable)
18:658423:A:G,18:729871:C:T,71448,-0.044007979333400726,0.0019367022905498743,computed (both variants usable)
18:704826:G:A,18:729871:C:T,25045,-0.0347597636282444,0.0012082412140443921,computed (both variants usable)
18:41995504:A:G,18:42161643:G:T,166139,0.09167696535587311,0.008404665626585484,computed (both variants usable)
18:41995504:A:G,18:51817587:T:A,9822083,0.07092386484146118,0.005030194763094187,computed (both variants usable)
18:42161643:G:T,18:51817587:T:A,9655944,-0.04035211727023125,0.0016282934229820967,computed (both variants usable)
19:13220703:C:G,19:22215441:A:G,8994738,0.10981425642967224,0.012059170752763748,computed (both variants usable)
19:33750118:C:T,19:33751852:G:C,1734,-0.05988391116261482,0.0035860827192664146,computed (both variants usable)
19:56733425:C:A,19:57370055:G:A,636630,-0.0004054775054100901,1.6441200045846927e-07,computed (both variants usable)
2:54475507:C:T,2:54479005:C:T,3498,-0.06787285208702087,0.004606724251061678,computed (both variants usable)
2:54475507:C:T,2:58985331:G:A,4509824,0.03523362800478935,0.001241408521309495,computed (both variants usable)
2:54479005:C:T,2:58985331:G:A,4506326,0.011898514814674854,0.00014157465193420649,computed (both variants usable)
2:210676294:A:T,2:216220870:G:T,5544576,0.0286476518958807,0.000820687972009182,computed (both variants usable)
20:62125432:C:T,20:62194238:C:T,68806,-0.06819455325603485,0.004650496877729893,computed (both variants usable)
20:62125432:C:T,20:62269839:T:C,144407,0.02674183063209057,0.0007151255267672241,computed (both variants usable)
20:62125432:C:T,20:62316834:G:T,191402,-0.057735592126846313,0.0033333986066281796,computed (both variants usable)
20:62125432:C:T,20:62321128:G:A,195696,0.0673959031701088,0.004542207811027765,computed (both variants usable)
20:62125432:C:T,20:62322290:G:A,196858,0.08497187495231628,0.0072202193550765514,computed (both variants usable)
20:62125432:C:T,20:62324404:C:T,198972,0.04641001671552658,0.0021538897417485714,computed (both variants usable)
20:62125432:C:T,20:62325833:C:A,200401,0.008062083274126053,6.49971843813546e-05,computed (both variants usable)
20:62125432:C:T,20:62345183:A:G,219751,0.002947029657661915,8.684984095452819e-06,computed (both variants usable)
20:62125432:C:T,20:62377158:C:G,251726,-0.011503234505653381,0.00013232440687716007,computed (both variants usable)
20:62194238:C:T,20:62269839:T:C,75601,0.005465651396661997,2.987334482895676e-05,computed (both variants usable)
20:62194238:C:T,20:62316834:G:T,122596,-0.028230365365743637,0.0007969535072334111,computed (both variants usable)
20:62194238:C:T,20:62321128:G:A,126890,-0.022647731006145477,0.000512919737957418,computed (both variants usable)
20:62194238:C:T,20:62322290:G:A,128052,-0.02065369486808777,0.00042657510493882,computed (both variants usable)
20:62194238:C:T,20:62324404:C:T,130166,-0.017889218404889107,0.00032002414809539914,computed (both variants usable)
20:62194238:C:T,20:62325833:C:A,131595,-0.03423105180263519,0.0011717649176716805,computed (both variants usable)
20:62194238:C:T,20:62345183:A:G,150945,-0.022647740319371223,0.0005129201454110444,computed (both variants usable)
20:62194238:C:T,20:62377158:C:G,182920,-0.04957007244229317,0.0024571921676397324,computed (both variants usable)
20:62269839:T:C,20:62316834:G:T,46995,0.05334247648715973,0.002845419803634286,computed (both variants usable)
20:62269839:T:C,20:62321128:G:A,51289,-0.09051559120416641,0.00819307193160057,computed (both variants usable)
20:62269839:T:C,20:62322290:G:A,52451,0.017263280227780342,0.00029802083736285567,computed (both variants usable)
20:62269839:T:C,20:62324404:C:T,54565,0.03596147149801254,0.001293227425776422,computed (both variants usable)
20:62269839:T:C,20:62325833:C:A,55994,0.028611663728952408,0.0008186273043975234,computed (both variants usable)
20:62269839:T:C,20:62345183:A:G,75344,0.018929971382021904,0.0003583438228815794,computed (both variants usable)
20:62269839:T:C,20:62377158:C:G,107319,0.04143271595239639,0.0017166699981316924,computed (both variants usable)
20:62316834:G:T,20:62321128:G:A,4294,-0.03401874005794525,0.0011572747025638819,computed (both variants usable)
20:62316834:G:T,20:62322290:G:A,5456,-0.03102337196469307,0.0009624495869502425,computed (both variants usable)
20:62316834:G:T,20:62324404:C:T,7570,-0.06462574005126953,0.004176486283540726,computed (both variants usable)
20:62316834:G:T,20:62325833:C:A,8999,-0.0514175109565258,0.0026437605265527964,computed (both variants usable)
20:62316834:G:T,20:62345183:A:G,28349,-0.034018710255622864,0.001157272607088089,computed (both variants usable)
20:62316834:G:T,20:62377158:C:G,60324,-0.05898180603981018,0.0034788534976541996,computed (both variants usable)
20:62321128:G:A,20:62322290:G:A,1162,-0.01100944634526968,0.00012120790779590607,computed (both variants usable)
20:62321128:G:A,20:62324404:C:T,3276,-0.022934243083000183,0.0005259794997982681,computed (both variants usable)
20:62321128:G:A,20:62325833:C:A,4705,-0.018246905878186226,0.000332949566654861,computed (both variants usable)
20:62321128:G:A,20:62345183:A:G,24055,-0.012072487734258175,0.0001457449543522671,computed (both variants usable)
20:62321128:G:A,20:62377158:C:G,56030,-0.02642328105866909,0.0006981897749938071,computed (both variants usable)
20:62322290:G:A,20:62324404:C:T,2114,-0.02091485634446144,0.0004374312120489776,computed (both variants usable)
20:62322290:G:A,20:62325833:C:A,3543,-0.016640253365039825,0.0002768980339169502,computed (both variants usable)
20:62322290:G:A,20:62345183:A:G,22893,-0.01100950874388218,0.00012120928295189515,computed (both variants usable)
20:62322290:G:A,20:62377158:C:G,54868,-0.024096867069602013,0.0005806590197607875,computed (both variants usable)
20:62324404:C:T,20:62325833:C:A,1429,-0.034663859754800797,0.001201583188958466,computed (both variants usable)
20:62324404:C:T,20:62345183:A:G,20779,-0.022934187203645706,0.0005259769386611879,computed (both variants usable)
20:62324404:C:T,20:62377158:C:G,52754,-0.02833637222647667,0.0008029500022530556,computed (both variants usable)
20:62325833:C:A,20:62345183:A:G,19350,-0.018246853724122047,0.0003329476749058813,computed (both variants usable)
20:62325833:C:A,20:62377158:C:G,51325,0.014173190109431744,0.00020087932352907956,computed (both variants usable)
20:62345183:A:G,20:62377158:C:G,31975,-0.026423312723636627,0.0006981914630159736,computed (both variants usable)
22:45790132:T:C,22:50971266:T:C,5181134,0.021538253873586655,0.000463896372821182,computed (both variants usable)
22:45790132:T:C,22:51072289:C:A,5282157,-0.014165181666612625,0.00020065237185917795,computed (both variants usable)
22:50971266:T:C,22:51072289:C:A,101023,-0.09195301681756973,0.008455357514321804,computed (both variants usable)
3:48357600:G:A,3:49959148:A:G,1601548,-0.08230382949113846,0.006773920264095068,computed (both variants usable)
3:128215821:G:A,3:128334852:C:T,119031,0.05377217009663582,0.00289144623093307,computed (both variants usable)
3:128334852:C:T,3:138244400:C:T,9909548,-0.003039392177015543,9.237905032932758e-06,computed (both variants usable)
3:160160452:G:C,3:169389753:G:A,9229301,0.00012003708980046213,1.4408902515583577e-08,computed (both variants usable)
3:160160452:G:C,3:169453439:A:G,9292987,0.045871198177337646,0.0021041668951511383,computed (both variants usable)
3:160160452:G:C,3:169489946:A:G,9329494,-0.027173688635230064,0.0007384093478322029,computed (both variants usable)
3:160160452:G:C,3:169529562:G:C,9369110,0.005985291209071875,3.582371209631674e-05,computed (both variants usable)
3:160160452:G:C,3:169553070:C:A,9392618,-0.014178870245814323,0.00020104035502299666,computed (both variants usable)
3:160160452:G:C,3:169614795:C:T,9454343,0.011414960958063602,0.00013030132686253637,computed (both variants usable)
3:160160452:G:C,3:169923523:G:A,9763071,-0.02353017032146454,0.0005536689423024654,computed (both variants usable)
3:160160452:G:C,3:169950482:C:T,9790030,-0.0013954128371551633,1.9471769974188646e-06,computed (both variants usable)
3:169389753:G:A,3:169453439:A:G,63686,-0.04434670880436897,0.0019666305743157864,computed (both variants usable)
3:169389753:G:A,3:169489946:A:G,100193,-0.09194310009479523,0.008453533984720707,computed (both variants usable)
3:169389753:G:A,3:169529562:G:C,139809,0.02005455084145069,0.00040218501817435026,computed (both variants usable)
3:169389753:G:A,3:169553070:C:A,163317,-0.02588198520243168,0.0006698771612718701,computed (both variants usable)
3:169389753:G:A,3:169614795:C:T,225042,-0.026817839592695236,0.0007191965123638511,computed (both variants usable)
3:169389753:G:A,3:169923523:G:A,533770,-0.025858981534838676,0.0006686869310215116,computed (both variants usable)
3:169389753:G:A,3:169950482:C:T,560729,-0.018171729519963264,0.0003302117402199656,computed (both variants usable)
3:169453439:A:G,3:169489946:A:G,36507,-0.0732499286532402,0.005365551915019751,computed (both variants usable)
3:169453439:A:G,3:169529562:G:C,76123,0.038010209798812866,0.001444776076823473,computed (both variants usable)
3:169453439:A:G,3:169553070:C:A,99631,-0.026459207758307457,0.0007000896730460227,computed (both variants usable)
3:169453439:A:G,3:169614795:C:T,161356,-0.05082856863737106,0.0025835433043539524,computed (both variants usable)
3:169453439:A:G,3:169923523:G:A,470084,0.03579249978065491,0.0012811030028387904,computed (both variants usable)
3:169453439:A:G,3:169950482:C:T,497043,-0.034441426396369934,0.0011862118262797594,computed (both variants usable)
3:169489946:A:G,3:169529562:G:C,39616,0.07880605012178421,0.006210393738001585,computed (both variants usable)
3:169489946:A:G,3:169553070:C:A,63124,-0.10170494765043259,0.010343896225094795,computed (both variants usable)
3:169489946:A:G,3:169614795:C:T,124849,0.09314674139022827,0.008676315657794476,computed (both variants usable)
3:169489946:A:G,3:169923523:G:A,433577,-0.05971306189894676,0.0035656497348099947,computed (both variants usable)
3:169489946:A:G,3:169950482:C:T,460536,0.08233419060707092,0.0067789191380143166,computed (both variants usable)
3:169529562:G:C,3:169553070:C:A,23508,0.02218378148972988,0.000492120161652565,computed (both variants usable)
3:169529562:G:C,3:169614795:C:T,85233,0.02298598922789097,0.0005283557111397386,computed (both variants usable)
3:169529562:G:C,3:169923523:G:A,393961,-0.0646582543849945,0.004180689807981253,computed (both variants usable)
3:169529562:G:C,3:169950482:C:T,420920,0.01557521615177393,0.00024258735356852412,computed (both variants usable)
3:169553070:C:A,3:169614795:C:T,61725,0.005862214136868715,3.4365555620752275e-05,computed (both variants usable)
3:169553070:C:A,3:169923523:G:A,370453,-0.0122770881280303,0.00015072688984218985,computed (both variants usable)
3:169553070:C:A,3:169950482:C:T,397412,-0.020100928843021393,0.0004040473431814462,computed (both variants usable)
3:169614795:C:T,3:169923523:G:A,308728,-0.015603155829012394,0.00024345847486983985,computed (both variants usable)
3:169614795:C:T,3:169950482:C:T,335687,-0.020827874541282654,0.0004338003636803478,computed (both variants usable)
3:169923523:G:A,3:169950482:C:T,26959,-0.03791540861129761,0.0014375782338902354,computed (both variants usable)
4:2255063:A:G,4:7041377:A:G,4786314,0.022175418213009834,0.0004917491460219026,computed (both variants usable)
4:2255063:A:G,4:9946095:G:A,7691032,0.03828515484929085,0.0014657530700787902,computed (both variants usable)
4:7041377:A:G,4:9946095:G:A,2904718,0.02313408814370632,0.0005351860309019685,computed (both variants usable)
4:164034530:A:T,4:164044410:A:G,9880,0.11346115171909332,0.012873432599008083,computed (both variants usable)
4:164034530:A:T,4:164081668:A:C,47138,0.09813560545444489,0.009630597196519375,computed (both variants usable)
4:164044410:A:G,4:164081668:A:C,37258,-0.05953194573521614,0.0035440525971353054,computed (both variants usable)
5:1203499:T:C,5:1215883:G:A,12384,0.01852232776582241,0.0003430766228120774,computed (both variants usable)
5:1203499:T:C,5:1219258:G:C,15759,-0.04441172257065773,0.001972401048988104,computed (both variants usable)
5:1203499:T:C,5:1268066:C:T,64567,-0.0071812039241194725,5.156968836672604e-05,computed (both variants usable)
5:1203499:T:C,5:1270883:C:T,67384,-0.06731836497783661,0.004531762097030878,computed (both variants usable)
5:1203499:T:C,5:1282319:C:A,78820,-0.07117565721273422,0.005065974313765764,computed (both variants usable)
5:1203499:T:C,5:1286516:C:A,83017,0.13391001522541046,0.017931891605257988,computed (both variants usable)
5:1203499:T:C,5:1289277:G:A,85778,0.014809961430728436,0.00021933496464043856,computed (both variants usable)
5:1203499:T:C,5:1294086:C:T,90587,-0.06755435466766357,0.004563590977340937,computed (both variants usable)
5:1203499:T:C,5:1354281:C:A,150782,-0.030055178329348564,0.000903313746675849,computed (both variants usable)
5:1203499:T:C,5:1376174:C:T,172675,-0.04003235325217247,0.001602589269168675,computed (both variants usable)
5:1203499:T:C,5:1412971:G:A,209472,-0.012382501736283302,0.0001533263421151787,computed (both variants usable)
5:1203499:T:C,5:1431392:G:C,227893,-0.05504655838012695,0.0030301236547529697,computed (both variants usable)
5:1203499:T:C,5:1639658:A:G,436159,0.04353276267647743,0.001895101391710341,computed (both variants usable)
5:1215883:G:A,5:1219258:G:C,3375,-0.031226880848407745,0.0009751180768944323,computed (both variants usable)
5:1215883:G:A,5:1268066:C:T,52183,-0.02349832095205784,0.0005521710845641792,computed (both variants usable)
5:1215883:G:A,5:1270883:C:T,55000,-0.028866667300462723,0.0008332844590768218,computed (both variants usable)
5:1215883:G:A,5:1282319:C:A,66436,-0.07537001371383667,0.0056806388311088085,computed (both variants usable)
5:1215883:G:A,5:1286516:C:A,70633,0.10650722682476044,0.011343789286911488,computed (both variants usable)
5:1215883:G:A,5:1289277:G:A,73394,0.01379372552037239,0.0001902668591355905,computed (both variants usable)
5:1215883:G:A,5:1294086:C:T,78203,-0.00369422254152596,1.3647279956785496e-05,computed (both variants usable)
5:1215883:G:A,5:1354281:C:A,138398,-0.028039276599884033,0.0007862010388635099,computed (both variants usable)
5:1215883:G:A,5:1376174:C:T,160291,-0.026311645284295082,0.000692302652169019,computed (both variants usable)
5:1215883:G:A,5:1412971:G:A,197088,-0.024470102041959763,0.0005987858748994768,computed (both variants usable)
5:1215883:G:A,5:1431392:G:C,215509,-0.02540670707821846,0.0006455007824115455,computed (both variants usable)
5:1215883:G:A,5:1639658:A:G,423775,-0.008117585442960262,6.589519034605473e-05,computed (both variants usable)
5:1219258:G:C,5:1268066:C:T,48808,-0.01604309119284153,0.00025738077238202095,computed (both variants usable)
5:1219258:G:C,5:1270883:C:T,51625,-0.01970827393233776,0.00038841605419293046,computed (both variants usable)
5:1219258:G:C,5:1282319:C:A,63061,0.053241975605487823,0.0028347079642117023,computed (both variants usable)
5:1219258:G:C,5:1286516:C:A,67258,-0.04896106198430061,0.002397185657173395,computed (both variants usable)
5:1219258:G:C,5:1289277:G:A,70019,-0.01796383038163185,0.00032269919756799936,computed (both variants usable)
5:1219258:G:C,5:1294086:C:T,74828,0.034024275839328766,0.001157651306129992,computed (both variants usable)
5:1219258:G:C,5:1354281:C:A,135023,-0.019143395125865936,0.000366469583241269,computed (both variants usable)
5:1219258:G:C,5:1376174:C:T,156916,0.03940654918551445,0.0015528760850429535,computed (both variants usable)
5:1219258:G:C,5:1412971:G:A,193713,-0.01670658029615879,0.0002791098377201706,computed (both variants usable)
5:1219258:G:C,5:1431392:G:C,212134,0.04200810194015503,0.001764680608175695,computed (both variants usable)
5:1219258:G:C,5:1639658:A:G,420400,0.007304344791918993,5.335345122148283e-05,computed (both variants usable)
5:1268066:C:T,5:1270883:C:T,2817,-0.014830523170530796,0.0002199444134021178,computed (both variants usable)
5:1268066:C:T,5:1282319:C:A,14253,-0.08060840517282486,0.006497715134173632,computed (both variants usable)
5:1268066:C:T,5:1286516:C:A,18450,0.10965633392333984,0.012024511583149433,computed (both variants usable)
5:1268066:C:T,5:1289277:G:A,21211,-0.013517810963094234,0.00018273120804224163,computed (both variants usable)
5:1268066:C:T,5:1294086:C:T,26020,-0.03922075405716896,0.0015382675919681787,computed (both variants usable)
5:1268066:C:T,5:1354281:C:A,86215,-0.014405284076929092,0.000207512202905491,computed (both variants usable)
5:1268066:C:T,5:1376174:C:T,108108,-0.013517795130610466,0.0001827307860367,computed (both variants usable)
5:1268066:C:T,5:1412971:G:A,144905,-0.01257169246673584,0.00015804744907654822,computed (both variants usable)
5:1268066:C:T,5:1431392:G:C,163326,-0.013052894733846188,0.00017037805810105056,computed (both variants usable)
5:1268066:C:T,5:1639658:A:G,371592,0.013373217545449734,0.00017884295084513724,computed (both variants usable)
5:1270883:C:T,5:1282319:C:A,11436,-0.09902378916740417,0.0098057109862566,computed (both variants usable)
5:1270883:C:T,5:1286516:C:A,15633,-0.10525015741586685,0.011077595874667168,computed (both variants usable)
5:1270883:C:T,5:1289277:G:A,18394,-0.016606010496616364,0.0002757595793809742,computed (both variants usable)
5:1270883:C:T,5:1294086:C:T,23203,-0.07472529262304306,0.0055838692933321,computed (both variants usable)
5:1270883:C:T,5:1354281:C:A,83398,-0.01769629493355751,0.00031315884552896023,computed (both variants usable)
5:1270883:C:T,5:1376174:C:T,105291,-0.01660601608455181,0.00027575978310778737,computed (both variants usable)
5:1270883:C:T,5:1412971:G:A,142088,-0.015443854033946991,0.00023851262812968343,computed (both variants usable)
5:1270883:C:T,5:1431392:G:C,160509,-0.016034923493862152,0.00025711877970024943,computed (both variants usable)
5:1270883:C:T,5:1639658:A:G,368775,-0.006149430759251118,3.781549821724184e-05,computed (both variants usable)
5:1282319:C:A,5:1286516:C:A,4197,-0.7184246778488159,0.5161340236663818,computed (both variants usable)
5:1282319:C:A,5:1289277:G:A,6958,-0.07306204736232758,0.005338062532246113,computed (both variants usable)
5:1282319:C:A,5:1294086:C:T,11767,0.10045351833105087,0.010090908966958523,computed (both variants usable)
5:1282319:C:A,5:1354281:C:A,71962,-0.09618569910526276,0.009251688607037067,computed (both variants usable)
5:1282319:C:A,5:1376174:C:T,93855,-0.0042737633921206,1.8265052858623676e-05,computed (both variants usable)
5:1282319:C:A,5:1412971:G:A,130652,0.026782244443893433,0.0007172886398620903,computed (both variants usable)
5:1282319:C:A,5:1431392:G:C,149073,-0.051571447402238846,0.002659614197909832,computed (both variants usable)
5:1282319:C:A,5:1639658:A:G,357339,0.009806047193706036,9.615856106393039e-05,computed (both variants usable)
5:1286516:C:A,5:1289277:G:A,2761,-0.12327371537685394,0.015196409076452255,computed (both variants usable)
5:1286516:C:A,5:1294086:C:T,7570,-0.3060605525970459,0.09367306530475616,computed (both variants usable)
5:1286516:C:A,5:1354281:C:A,67765,0.13084731996059418,0.017121020704507828,computed (both variants usable)
5:1286516:C:A,5:1376174:C:T,89658,-0.10686977207660675,0.011421147733926773,computed (both variants usable)
5:1286516:C:A,5:1412971:G:A,126455,-0.0794404074549675,0.006310778204351664,computed (both variants usable)
5:1286516:C:A,5:1431392:G:C,144876,0.06764831393957138,0.004576294217258692,computed (both variants usable)
5:1286516:C:A,5:1639658:A:G,353142,0.002237287349998951,5.005454568163259e-06,computed (both variants usable)
5:1289277:G:A,5:1294086:C:T,4809,-0.06811102479696274,0.004639111924916506,computed (both variants usable)
5:1289277:G:A,5:1354281:C:A,65004,-0.0161301176995039,0.000260180706391111,computed (both variants usable)
5:1289277:G:A,5:1376174:C:T,86897,-0.015136189758777618,0.00022910424740985036,computed (both variants usable)
5:1289277:G:A,5:1412971:G:A,123694,-0.014076899737119675,0.00019815910491161048,computed (both variants usable)
5:1289277:G:A,5:1431392:G:C,142115,-0.014615562744438648,0.0002136146795237437,computed (both variants usable)
5:1289277:G:A,5:1639658:A:G,350381,-0.02206917479634285,0.0004870484699495137,computed (both variants usable)
5:1294086:C:T,5:1354281:C:A,60195,-0.07258351892232895,0.0052683670073747635,computed (both variants usable)
5:1294086:C:T,5:1376174:C:T,82088,0.12544816732406616,0.015737242996692657,computed (both variants usable)
5:1294086:C:T,5:1412971:G:A,118885,0.06127956882119179,0.0037551855202764273,computed (both variants usable)
5:1294086:C:T,5:1431392:G:C,137306,0.0944327563047409,0.008917545899748802,computed (both variants usable)
5:1294086:C:T,5:1639658:A:G,345572,0.0014603668823838234,2.132671397703234e-06,computed (both variants usable)
5:1354281:C:A,5:1376174:C:T,21893,-0.016130132600665092,0.0002601811720523983,computed (both variants usable)
5:1354281:C:A,5:1412971:G:A,58690,-0.015001174993813038,0.00022503525542560965,computed (both variants usable)
5:1354281:C:A,5:1431392:G:C,77111,-0.015575205907225609,0.0002425870334263891,computed (both variants usable)
5:1354281:C:A,5:1639658:A:G,285377,-0.026614081114530563,0.0007083092932589352,computed (both variants usable)
5:1376174:C:T,5:1412971:G:A,36797,-0.014076882041990757,0.00019815861014649272,computed (both variants usable)
5:1376174:C:T,5:1431392:G:C,55218,-0.014615568332374096,0.0002136148395948112,computed (both variants usable)
5:1376174:C:T,5:1639658:A:G,263484,0.052017804235219955,0.002705852035433054,computed (both variants usable)
5:1412971:G:A,5:1431392:G:C,18421,-0.013592725619673729,0.00018476218974683434,computed (both variants usable)
5:1412971:G:A,5:1639658:A:G,226687,-0.016990752890706062,0.00028868569643236697,computed (both variants usable)
5:1431392:G:C,5:1639658:A:G,208266,-0.019606588408350945,0.00038441832293756306,computed (both variants usable)
6:25874423:G:A,6:31138910:T:C,5264487,0.30624353885650635,0.0937851071357727,computed (both variants usable)
6:25874423:G:A,6:31794592:C:T,5920169,0.18526984751224518,0.03432491794228554,computed (both variants usable)
6:25874423:G:A,6:32655615:C:A,6781192,-0.12001780420541763,0.014404273591935635,computed (both variants usable)
6:25874423:G:A,6:32800221:C:T,6925798,-0.041829753667116165,0.0017497283406555653,computed (both variants usable)
6:31138910:T:C,6:31794592:C:T,655682,0.1399322748184204,0.019581042230129242,computed (both variants usable)
6:31138910:T:C,6:32655615:C:A,1516705,-0.07553070038557053,0.005704886745661497,computed (both variants usable)
6:31138910:T:C,6:32800221:C:T,1661311,0.024087775498628616,0.0005802209489047527,computed (both variants usable)
6:31794592:C:T,6:32655615:C:A,861023,-0.13210254907608032,0.017451083287596703,computed (both variants usable)
6:31794592:C:T,6:32800221:C:T,1005629,-0.08120132982730865,0.0065936557948589325,computed (both variants usable)
6:32655615:C:A,6:32800221:C:T,144606,0.1077878475189209,0.011618220247328281,computed (both variants usable)
7:23493613:T:A,7:23821866:C:T,328253,-0.12067456543445587,0.014562350697815418,computed (both variants usable)
7:123420442:C:A,7:128576086:T:C,5155644,-0.023022998124361038,0.0005300584598444402,computed (both variants usable)
7:123420442:C:A,7:129663496:C:T,6243054,-0.018117884173989296,0.00032825773814693093,computed (both variants usable)
7:128576086:T:C,7:129663496:C:T,1087410,-0.03366054594516754,0.001133032375946641,computed (both variants usable)
7:159048318:T:G,7:159086389:A:G,38071,0.06689881533384323,0.004475451540201902,computed (both variants usable)
8:48885436:T:A,8:56687597:C:T,7802161,0.006900642067193985,4.7618861572118476e-05,computed (both variants usable)
X:55138252:G:T,X:57297165:C:T,2158913,,,unknown: chrX (haploid males; not assessed)
X:55138252:G:T,X:58314606:G:T,3176354,,,unknown: chrX (haploid males; not assessed)
X:55138252:G:T,X:58447720:C:A,3309468,,,unknown: chrX (haploid males; not assessed)
X:55138252:G:T,X:58470368:G:A,3332116,,,unknown: chrX (haploid males; not assessed)
X:57297165:C:T,X:58314606:G:T,1017441,,,unknown: chrX (haploid males; not assessed)
X:57297165:C:T,X:58447720:C:A,1150555,,,unknown: chrX (haploid males; not assessed)
X:57297165:C:T,X:58470368:G:A,1173203,,,unknown: chrX (haploid males; not assessed)
X:58314606:G:T,X:58447720:C:A,133114,,,unknown: chrX (haploid males; not assessed)
X:58314606:G:T,X:58470368:G:A,155762,,,unknown: chrX (haploid males; not assessed)
X:58447720:C:A,X:58470368:G:A,22648,,,unknown: chrX (haploid males; not assessed)
X:150739143:T:C,X:151835284:G:A,1096141,,,unknown: chrX (haploid males; not assessed)
X:150739143:T:C,X:153937409:C:T,3198266,,,unknown: chrX (haploid males; not assessed)
X:151835284:G:A,X:153937409:C:T,2102125,,,unknown: chrX (haploid males; not assessed)
