"outcome","rho","exposure","qhet_estimate"
"S_mvpEU",0,"LTL",0.1857607449079
"S_mvpEU",0,"BMI",0.1857607449079
"S_mvpEU",0,"LYM",0.1857607449079
"S_mvpEU",0.1,"LTL",0.186382881623772
"S_mvpEU",0.1,"BMI",0.186382881623772
"S_mvpEU",0.1,"LYM",0.186382881623772
"S_mvpEU",0.2,"LTL",0.186975623789051
"S_mvpEU",0.2,"BMI",0.186975623789051
"S_mvpEU",0.2,"LYM",0.186975623789051
"S_mvpEU",0.3,"LTL",0.187572133570441
"S_mvpEU",0.3,"BMI",0.187572133570441
"S_mvpEU",0.3,"LYM",0.187572133570441
"D_mvpEU",0,"LTL",0.111030891512653
"D_mvpEU",0,"BMI",0.111030891512653
"D_mvpEU",0,"LYM",0.111030891512653
"D_mvpEU",0.1,"LTL",0.111271640193376
"D_mvpEU",0.1,"BMI",0.111271640193376
"D_mvpEU",0.1,"LYM",0.111271640193376
"D_mvpEU",0.2,"LTL",0.111492504387193
"D_mvpEU",0.2,"BMI",0.111492504387193
"D_mvpEU",0.2,"LYM",0.111492504387193
"D_mvpEU",0.3,"LTL",0.111710470697251
"D_mvpEU",0.3,"BMI",0.111710470697251
"D_mvpEU",0.3,"LYM",0.111710470697251
"H_mvpEU",0,"LTL",0.149601832082687
"H_mvpEU",0,"BMI",0.149601832082687
"H_mvpEU",0,"LYM",0.149601832082687
"H_mvpEU",0.1,"LTL",0.151541579981165
"H_mvpEU",0.1,"BMI",0.151541579981165
"H_mvpEU",0.1,"LYM",0.151541579981165
"H_mvpEU",0.2,"LTL",0.153295788395736
"H_mvpEU",0.2,"BMI",0.153295788395736
"H_mvpEU",0.2,"LYM",0.153295788395736
"H_mvpEU",0.3,"LTL",0.155007991773789
"H_mvpEU",0.3,"BMI",0.155007991773789
"H_mvpEU",0.3,"LYM",0.155007991773789
