set,outcome,exposure,method,b,se,lo,hi,p,nsnp,Q,Q_p,egger_intercept,egger_intercept_p
primary (318; fallback SEs excluded),S_mvpEU,LTL,"MV-IVW (random, t)",0.192500043746383,0.031985545187878,0.129567730915281,0.255432356577486,4.893813384003941e-09,318,2380.14970172032,3.75505313276e-313,,
primary (318; fallback SEs excluded),S_mvpEU,LTL,MV-Egger (t),0.220933086013537,0.0372819269803218,0.147579116403214,0.294287055623859,8.137204079126621e-09,318,,,-0.0008186758474928,0.140730698514772
primary (318; fallback SEs excluded),S_mvpEU,BMI,"MV-IVW (random, t)",0.245867314451372,0.0375119759098749,0.172061619128483,0.319673009774261,2.28206570358516e-10,318,2380.14970172032,3.75505313276e-313,,
primary (318; fallback SEs excluded),S_mvpEU,BMI,MV-Egger (t),0.23287916607424,0.0384609159589539,0.157205479412942,0.308552852735539,3.99377013689121e-09,318,,,-0.0008186758474928,0.140730698514772
primary (318; fallback SEs excluded),S_mvpEU,LYM,"MV-IVW (random, t)",-0.0026364322508672,0.0213165277515479,-0.044577202215973,0.0393043377142386,0.901647375370567,318,2380.14970172032,3.75505313276e-313,,
primary (318; fallback SEs excluded),S_mvpEU,LYM,MV-Egger (t),-0.0037902680021653,0.0212910233925374,-0.0456813720680362,0.0381008360637055,0.858820221269016,318,,,-0.0008186758474928,0.140730698514772
primary (318; fallback SEs excluded),S_mvpEU,LTL,"IVW univariable, same variants",0.18390650508301,0.0339256103394436,0.117158692556429,0.250654317609591,1.17695984307666e-07,318,,,,
primary (318; fallback SEs excluded),D_mvpEU,LTL,"MV-IVW (random, t)",0.0985099370268021,0.0332372244596211,0.0331149157744157,0.163904958279188,0.0032698860553962,318,2701.81036316039,0.0,,
primary (318; fallback SEs excluded),D_mvpEU,LTL,MV-Egger (t),0.0911936405394808,0.0388676925843466,0.0147196014652561,0.167667679613706,0.0195824965603466,318,,,0.0002106571245243,0.715744068213976
primary (318; fallback SEs excluded),D_mvpEU,BMI,"MV-IVW (random, t)",0.0692544147087436,0.0389815326117256,-0.0074426680061903,0.145951497423677,0.0765998947095542,318,2701.81036316039,0.0,,
primary (318; fallback SEs excluded),D_mvpEU,BMI,MV-Egger (t),0.0725965366578823,0.040097822810749,-0.0062978423116458,0.15149091562741,0.0711731962246088,318,,,0.0002106571245243,0.715744068213976
primary (318; fallback SEs excluded),D_mvpEU,LYM,"MV-IVW (random, t)",0.0264654223694092,0.0221528720314356,-0.0171208746469704,0.0700517193857889,0.233113841959567,318,2701.81036316039,0.0,,
primary (318; fallback SEs excluded),D_mvpEU,LYM,MV-Egger (t),0.0267620189916636,0.022198347512067,-0.016914288557005,0.0704383265403322,0.228881943714309,318,,,0.0002106571245243,0.715744068213976
primary (318; fallback SEs excluded),D_mvpEU,LTL,"IVW univariable, same variants",0.0942273326975293,0.0333029818254062,0.0287045266163108,0.159750138778748,0.0049609079922421,318,,,,
primary (318; fallback SEs excluded),H_mvpEU,LTL,"MV-IVW (random, t)",0.184928324655761,0.0529327352161492,0.0807819225212406,0.289074726790281,0.0005446854353234,318,1306.17265568586,1.1450503078416201e-120,,
primary (318; fallback SEs excluded),H_mvpEU,LTL,MV-Egger (t),0.21401440969745,0.0615358274970828,0.0929397339557807,0.33508908543912,0.0005764732991538,318,,,-0.0008837082476482,0.354404198319605
primary (318; fallback SEs excluded),H_mvpEU,BMI,"MV-IVW (random, t)",0.717970409158718,0.0565797094328231,0.606648499433423,0.829292318884014,4.3901660599687394e-30,318,1306.17265568586,1.1450503078416201e-120,,
primary (318; fallback SEs excluded),H_mvpEU,BMI,MV-Egger (t),0.703425275653,0.0587251294248086,0.587880782433447,0.818969768872554,1.68991655690227e-27,318,,,-0.0008837082476482,0.354404198319605
primary (318; fallback SEs excluded),H_mvpEU,LYM,"MV-IVW (random, t)",0.0452780752017824,0.0372814399050006,-0.0280740351066146,0.11863018551018,0.225468896120579,318,1306.17265568586,1.1450503078416201e-120,,
primary (318; fallback SEs excluded),H_mvpEU,LYM,MV-Egger (t),0.0449292395689583,0.0372916148500441,-0.0284437913871358,0.118302270525052,0.229181784162585,318,,,-0.0008837082476482,0.354404198319605
primary (318; fallback SEs excluded),H_mvpEU,LTL,"IVW univariable, same variants",0.144618167550047,0.064771478182795,0.0171818608909392,0.272054474209154,0.0262637447770811,318,,,,
