method,b,se,p,nsnp,Q,Q_df,Q_p,I2,exposure,outcome,meanF,minF,steiger_prop_correct,intercept,intercept_se,intercept_p,global_p,n_outliers
IVW (MRE),0.024701032365407546,0.013303168576496641,0.06413516055388026,372,2729.3555581081146,371.0,0.0,86.40704766742948,SBP,"LTL (Codd 2021, UKB)",68.3304627246246,29.759910805016965,0.9865591397849462,,,,,
MR-Egger,0.046264975437126224,0.03858651690255727,0.23129785946117523,372,,,,,SBP,"LTL (Codd 2021, UKB)",68.3304627246246,29.759910805016965,0.9865591397849462,-0.0005567380049693837,0.0009350384011733282,0.5519285905355891,,
Weighted median,-0.0022669698533827535,0.008011989691471953,0.777217330711324,372,,,,,SBP,"LTL (Codd 2021, UKB)",68.3304627246246,29.759910805016965,0.9865591397849462,,,,,
Weighted mode,-0.03461860734014832,0.023571765140477006,0.1419285001395547,372,,,,,SBP,"LTL (Codd 2021, UKB)",68.3304627246246,29.759910805016965,0.9865591397849462,,,,,
MR-PRESSO (outlier-corrected),0.003425365421985735,0.0066472438383779085,0.6066571672449614,359,,,,,SBP,"LTL (Codd 2021, UKB)",68.3304627246246,29.759910805016965,0.9865591397849462,,,,9.999000099990002e-05,13.0
"IVW, Steiger-filtered",0.003562959642196208,0.007286845125207594,0.6251644531173165,367,796.6852238172601,366.0,4.9143808949741195e-34,54.05964751720419,SBP,"LTL (Codd 2021, UKB)",68.3304627246246,29.759910805016965,0.9865591397849462,,,,,
IVW (MRE),0.027428598539398254,0.03712334436695835,0.4605445294628081,318,390.9241773826834,317.0,0.0028860788920259017,18.910106271149758,SBP,LTL South Asian (Nakao 2026),69.70271713694436,29.759910805016965,0.7515723270440252,,,,,
MR-Egger,0.007548018859814631,0.10276895695868288,0.9414972944053587,318,,,,,SBP,LTL South Asian (Nakao 2026),69.70271713694436,29.759910805016965,0.7515723270440252,0.0005293118824758398,0.002550842633882886,0.8357493681532188,,
Weighted median,-0.009065013960688324,0.05592865562535316,0.8712414834401423,318,,,,,SBP,LTL South Asian (Nakao 2026),69.70271713694436,29.759910805016965,0.7515723270440252,,,,,
Weighted mode,-4.974243272792833e-05,0.0957637726886155,0.9995855560386626,318,,,,,SBP,LTL South Asian (Nakao 2026),69.70271713694436,29.759910805016965,0.7515723270440252,,,,,
MR-PRESSO (outlier-corrected),0.01104538955433271,0.035393998465658896,0.7551934712934878,317,,,,,SBP,LTL South Asian (Nakao 2026),69.70271713694436,29.759910805016965,0.7515723270440252,,,,0.0024997500249975004,1.0
"IVW, Steiger-filtered",0.008634955196757345,0.03697200428132952,0.8155320908671096,239,99.68007546692763,238.0,0.9999999999999999,0.0,SBP,LTL South Asian (Nakao 2026),69.70271713694436,29.759910805016965,0.7515723270440252,,,,,
IVW (MRE),0.009392886432181499,0.010815855462738779,0.38580611243091006,321,1284.9699708311662,320.0,1.1922859877153545e-115,75.09669429916622,DBP,"LTL (Codd 2021, UKB)",69.21617676191187,29.76745805194105,0.9875389408099688,,,,,
MR-Egger,0.004014682552960259,0.03326228776791446,0.904006444851893,321,,,,,DBP,"LTL (Codd 2021, UKB)",69.21617676191187,29.76745805194105,0.9875389408099688,0.0001361272938079906,0.0007960037589421712,0.8643216653853129,,
Weighted median,-0.0071723057886184435,0.008761322639187318,0.4129959666362032,321,,,,,DBP,"LTL (Codd 2021, UKB)",69.21617676191187,29.76745805194105,0.9875389408099688,,,,,
Weighted mode,-0.017834906313367593,0.019885471658293734,0.3697822959974548,321,,,,,DBP,"LTL (Codd 2021, UKB)",69.21617676191187,29.76745805194105,0.9875389408099688,,,,,
MR-PRESSO (outlier-corrected),0.0017342078964362622,0.007256281347195308,0.8112712522208763,305,,,,,DBP,"LTL (Codd 2021, UKB)",69.21617676191187,29.76745805194105,0.9875389408099688,,,,9.999000099990002e-05,16.0
"IVW, Steiger-filtered",0.0019548503893034104,0.009206814817449888,0.831989247251824,317,910.5525841423007,316.0,5.480439992086433e-59,65.29579889143275,DBP,"LTL (Codd 2021, UKB)",69.21617676191187,29.76745805194105,0.9875389408099688,,,,,
IVW (MRE),0.10256390967179937,0.039221440195960876,0.009445971817440486,260,244.61277333642911,259.0,0.7306575816410532,0.0,DBP,LTL South Asian (Nakao 2026),70.37504282198987,29.76745805194105,0.8,,,,,
MR-Egger,0.04837902534225481,0.12138616369753984,0.690550990602506,260,,,,,DBP,LTL South Asian (Nakao 2026),70.37504282198987,29.76745805194105,0.8,0.0013656413150760565,0.002895237845173335,0.6375500340807378,,
Weighted median,0.13254012434179943,0.05811320906043815,0.02256485159520578,260,,,,,DBP,LTL South Asian (Nakao 2026),70.37504282198987,29.76745805194105,0.8,,,,,
Weighted mode,0.20055054651030746,0.13602616413912375,0.14038664454758,260,,,,,DBP,LTL South Asian (Nakao 2026),70.37504282198987,29.76745805194105,0.8,,,,,
MR-PRESSO (outlier-corrected),0.10256390967179935,0.038116518012308205,0.007591873707493266,260,,,,,DBP,LTL South Asian (Nakao 2026),70.37504282198987,29.76745805194105,0.8,,,,0.7362263773622638,0.0
"IVW, Steiger-filtered",0.03151736358245484,0.04272008158667924,0.461493021306368,208,84.6454224406052,207.0,0.9999999999999984,0.0,DBP,LTL South Asian (Nakao 2026),70.37504282198987,29.76745805194105,0.8,,,,,
IVW (MRE),-0.011106814512632218,0.007229673634492176,0.1259890791111658,209,738.0776382978268,208.0,1.917070579530741e-60,71.81868285839212,Hypertension,"LTL (Codd 2021, UKB)",52.42901303053461,29.788667826629137,,,,,,
MR-Egger,0.008190957684141706,0.024675963478746645,0.7402698583827965,209,,,,,Hypertension,"LTL (Codd 2021, UKB)",52.42901303053461,29.788667826629137,,-0.0008440687860695993,0.001031866297028926,0.4142965926642236,,
Weighted median,-0.010241178680160752,0.006230608668767911,0.10024060031887362,209,,,,,Hypertension,"LTL (Codd 2021, UKB)",52.42901303053461,29.788667826629137,,,,,,
Weighted mode,-0.023775156367046968,0.013859766333248025,0.08627041901719668,209,,,,,Hypertension,"LTL (Codd 2021, UKB)",52.42901303053461,29.788667826629137,,,,,,
MR-PRESSO (outlier-corrected),-0.011831091877277008,0.005163390772623787,0.023017900444496798,195,,,,,Hypertension,"LTL (Codd 2021, UKB)",52.42901303053461,29.788667826629137,,,,,9.999000099990002e-05,14.0
IVW (MRE),0.003639946656689071,0.026840614192441655,0.892277622301905,182,182.70203574845743,181.0,0.45057874318933194,0.931591014563615,Hypertension,LTL South Asian (Nakao 2026),54.40536436367299,29.86751044456261,,,,,,
MR-Egger,0.04179024121950153,0.0914112459382243,0.6481020013500561,182,,,,,Hypertension,LTL South Asian (Nakao 2026),54.40536436367299,29.86751044456261,,-0.0016771919042311734,0.0038407349000953873,0.6628630725293905,,
Weighted median,0.012947843891836085,0.0421463048947668,0.7586821337136765,182,,,,,Hypertension,LTL South Asian (Nakao 2026),54.40536436367299,29.86751044456261,,,,,,
Weighted mode,0.04498687149772529,0.08987664510275996,0.6166947763892774,182,,,,,Hypertension,LTL South Asian (Nakao 2026),54.40536436367299,29.86751044456261,,,,,,
MR-PRESSO (outlier-corrected),0.0036399466566890714,0.02684061419244166,0.892277622301905,182,,,,,Hypertension,LTL South Asian (Nakao 2026),54.40536436367299,29.86751044456261,,,,,0.45195480451954806,0.0
