portal_dataset,portal_trait,portal_N,portal_N_constant,dbgap_analysis,dbgap_accession,dbgap_total_N,dbgap_cases,dbgap_controls,dbgap_N_compared,abs_diff,match
Verma2024_MVPTraits_AA,DBP,119332.0,True,Diastolic_Mean_INT.AFR.GIA,pha011361.1,119332,,,119332.0,0.0,True
Verma2024_MVPTraits_AA,DBP,119332.0,True,Diastolic_Min_INT.AFR.GIA,pha011366.1,119331,,,119331.0,1.0,False
Verma2024_MVPTraits_AA,DBP,119332.0,True,Diastolic_Max_INT.AFR.GIA,pha011356.1,119274,,,119274.0,58.0,False
Verma2024_MVPTraits_AA,EssentialHYPERTENSION,73861.43,True,Phe_401_1.AFR.GIA,pha005547.1,116845,93857.0,22988.0,73861.43,0.0,True
Verma2024_MVPTraits_AA,HYPERTENSION,73033.87,True,Phe_401.AFR.GIA,pha005542.1,116935,94292.0,22643.0,73033.87,0.0,True
Verma2024_MVPTraits_AA,SBP,119331.0,True,Systolic_Mean_INT.AFR.GIA,pha011424.1,119331,,,119331.0,0.0,True
Verma2024_MVPTraits_AA,SBP,119331.0,True,Systolic_Max_INT.AFR.GIA,pha011419.1,119334,,,119334.0,3.0,False
Verma2024_MVPTraits_AA,SBP,119331.0,True,Systolic_Min_INT.AFR.GIA,pha011429.1,119322,,,119322.0,9.0,False
Verma2024_MVPTraits_EU,DBP,425743.0,True,Diastolic_Mean_INT.EUR.GIA,pha011364.1,425743,,,425743.0,0.0,True
Verma2024_MVPTraits_EU,DBP,425743.0,True,Diastolic_Min_INT.EUR.GIA,pha011369.1,425735,,,425735.0,8.0,False
Verma2024_MVPTraits_EU,DBP,425743.0,True,Diastolic_Max_INT.EUR.GIA,pha011359.1,425680,,,425680.0,63.0,False
Verma2024_MVPTraits_EU,EssentialHYPERTENSION,321474.88,True,Phe_401_1.EUR.GIA,pha005550.1,427704,320429.0,107275.0,321474.86,0.02,True
Verma2024_MVPTraits_EU,HYPERTENSION,318397.62,True,Phe_401.EUR.GIA,pha005545.1,428138,322448.0,105690.0,318397.61,0.01,True
Verma2024_MVPTraits_EU,SBP,425740.0,True,Systolic_Mean_INT.EUR.GIA,pha011427.1,425740,,,425740.0,0.0,True
Verma2024_MVPTraits_EU,SBP,425740.0,True,Systolic_Max_INT.EUR.GIA,pha011422.1,425750,,,425750.0,10.0,False
Verma2024_MVPTraits_EU,SBP,425740.0,True,Systolic_Min_INT.EUR.GIA,pha011432.1,425711,,,425711.0,29.0,False
Verma2024_MVPTraits_HS,DBP,57990.0,True,Diastolic_Mean_INT.AMR.GIA,pha011362.1,57990,,,57990.0,0.0,True
Verma2024_MVPTraits_HS,DBP,57990.0,True,Diastolic_Min_INT.AMR.GIA,pha011367.1,57991,,,57991.0,1.0,False
Verma2024_MVPTraits_HS,DBP,57990.0,True,Diastolic_Max_INT.AMR.GIA,pha011357.1,57979,,,57979.0,11.0,False
Verma2024_MVPTraits_HS,EssentialHYPERTENSION,53018.246,True,Phe_401_1.AMR.GIA,pha005548.1,56685,35551.0,21134.0,53018.25,0.0,True
Verma2024_MVPTraits_HS,HYPERTENSION,52786.7,True,Phe_401.AMR.GIA,pha005543.1,56679,35766.0,20913.0,52786.7,0.0,True
Verma2024_MVPTraits_HS,SBP,57988.0,True,Systolic_Mean_INT.AMR.GIA,pha011425.1,57988,,,57988.0,0.0,True
Verma2024_MVPTraits_HS,SBP,57988.0,True,Systolic_Max_INT.AMR.GIA,pha011420.1,57991,,,57991.0,3.0,False
Verma2024_MVPTraits_HS,SBP,57988.0,True,Systolic_Min_INT.AMR.GIA,pha011430.1,57985,,,57985.0,3.0,False
