"outcome","model","exposure","method","b","se","lo","hi","p","nsnp","Q","Q_p","condF","egger_intercept","egger_intercept_p"
"S_mvpEU","LTL + BMI + LYM","LTL","MV-IVW (random, t)",0.19134640065005,0.0315328702332837,0.129313516009833,0.253379285290268,3.57938024828722e-09,330,2437.86511944716,9.17341565946359e-319,36.0252285340381,NA,NA
"S_mvpEU","LTL + BMI + LYM","LTL","MV-Egger (t)",0.222264299784571,0.0367341792104605,0.149998342066962,0.29453025750218,3.94807238649057e-09,330,NA,NA,NA,-0.000875765119392232,0.104206972908099
"S_mvpEU","LTL + BMI + LYM","BMI","MV-IVW (random, t)",0.24561522470907,0.0368871975570911,0.173049065845908,0.318181383572232,1.16999323374722e-10,330,2437.86511944716,9.17341565946359e-319,34.1659688880886,NA,NA
"S_mvpEU","LTL + BMI + LYM","BMI","MV-Egger (t)",0.231821267334403,0.0377556451152675,0.157545812917172,0.306096721751634,2.38992885226144e-09,330,NA,NA,NA,-0.000875765119392232,0.104206972908099
"S_mvpEU","LTL + BMI + LYM","LYM","MV-IVW (random, t)",0.0108986782309824,0.019561554189994,-0.027583693512343,0.0493810499743077,0.577807547318274,330,2437.86511944716,9.17341565946359e-319,36.2131822842082,NA,NA
"S_mvpEU","LTL + BMI + LYM","LYM","MV-Egger (t)",0.00890235986374062,0.0195506787911655,-0.0295590555602523,0.0473637752877335,0.649161188164388,330,NA,NA,NA,-0.000875765119392232,0.104206972908099
"S_mvpEU","LTL only (same variants)","LTL","IVW (random, t)",0.182348595527729,0.0334142090382025,0.116616140673948,0.24808105038151,9.53325992222812e-08,330,NA,NA,NA,NA,NA
"S_mvpEU","LTL + BMI","LTL","MV-IVW (random, t)",0.190231883222071,0.0314362572011947,0.128389760471552,0.25207400597259,3.92055670285781e-09,330,2440.17932999345,9.20192324722863e-319,35.9824815406519,NA,NA
"S_mvpEU","LTL + BMI","LTL","MV-Egger (t)",0.221899013395603,0.0366808798571574,0.149738732017888,0.294059294773318,3.9625147285781e-09,330,NA,NA,NA,-0.00089110362432735,0.0972386304066609
"S_mvpEU","LTL + BMI","BMI","MV-IVW (random, t)",0.24493624395706,0.0368282859310498,0.172486799207237,0.317385688706883,1.22089154465402e-10,330,2440.17932999345,9.20192324722863e-319,34.2986409613283,NA,NA
"S_mvpEU","LTL + BMI","BMI","MV-Egger (t)",0.231027241252766,0.0376696152597232,0.156921874993361,0.305132607512171,2.47951455307662e-09,330,NA,NA,NA,-0.00089110362432735,0.0972386304066609
"S_mvpEU","LTL + LYM","LTL","MV-IVW (random, t)",0.183009832974328,0.0335249141331413,0.117058856630251,0.248960809318406,9.46831795453978e-08,330,2768.4029440749,0,37.3152668277962,NA,NA
"S_mvpEU","LTL + LYM","LTL","MV-Egger (t)",0.240917517591118,0.0386080536336657,0.164966013033421,0.316869022148816,1.34990350716742e-09,330,NA,NA,NA,-0.00161579648565675,0.00368562678215092
"S_mvpEU","LTL + LYM","LYM","MV-IVW (random, t)",0.00659545073401346,0.0208023778662516,-0.0343274618530014,0.0475183633210283,0.751405300984287,330,2768.4029440749,0,37.5418968348655,NA,NA
"S_mvpEU","LTL + LYM","LYM","MV-Egger (t)",0.00335811007881339,0.0205966214871031,-0.0371604927389879,0.0438767128966147,0.870585935032886,330,NA,NA,NA,-0.00161579648565675,0.00368562678215092
"D_mvpEU","LTL + BMI + LYM","LTL","MV-IVW (random, t)",0.0903022974111479,0.0335474215090192,0.0243062966332311,0.156298298189065,0.00747284444104573,330,2900.77260077498,0,36.0252285340381,NA,NA
"D_mvpEU","LTL + BMI + LYM","LTL","MV-Egger (t)",0.091188310310809,0.039255116362918,0.0139629948075123,0.168413625814106,0.0207941151634558,330,NA,NA,NA,-2.50931752287905e-05,0.965213217606174
"D_mvpEU","LTL + BMI + LYM","BMI","MV-IVW (random, t)",0.0663966291929005,0.0392529163257348,-0.0108234783397226,0.143616736725524,0.0916925005098835,330,2900.77260077498,0,34.1659688880886,NA,NA
"D_mvpEU","LTL + BMI + LYM","BMI","MV-Egger (t)",0.0659992972594022,0.0403532240023741,-0.0133862897389418,0.145384884257746,0.102898128162838,330,NA,NA,NA,-2.50931752287905e-05,0.965213217606174
"D_mvpEU","LTL + BMI + LYM","LYM","MV-IVW (random, t)",0.0506655874922723,0.0210780797271625,0.00919983830803699,0.0921313366765076,0.0167858062801092,330,2900.77260077498,0,36.2131822842082,NA,NA
"D_mvpEU","LTL + BMI + LYM","LYM","MV-Egger (t)",0.0506145364395012,0.0211427005750822,0.00902118826527908,0.0922078846137233,0.0172311096746118,330,NA,NA,NA,-2.50931752287905e-05,0.965213217606174
"D_mvpEU","LTL only (same variants)","LTL","IVW (random, t)",0.0831863764454484,0.0337801454337325,0.0167340512643158,0.149638701626581,0.0143059965184377,330,NA,NA,NA,NA,NA
"D_mvpEU","LTL + BMI","LTL","MV-IVW (random, t)",0.0852312210436729,0.033723989620528,0.0188886188565824,0.151573823230763,0.0119631929241089,330,2952.02686600701,0,35.9824815406519,NA,NA
"D_mvpEU","LTL + BMI","LTL","MV-Egger (t)",0.0888263483364984,0.0395255749007816,0.0110698545565431,0.166582842116454,0.0252843580552937,330,NA,NA,NA,-0.00010123541192788,0.861114899136785
"D_mvpEU","LTL + BMI","BMI","MV-IVW (random, t)",0.0633454150179406,0.039517092898962,-0.0143935121756055,0.141084342211487,0.109899868993184,330,2952.02686600701,0,34.2986409613283,NA,NA
"D_mvpEU","LTL + BMI","BMI","MV-Egger (t)",0.0617548303023439,0.0406048382926594,-0.0181248391032194,0.141634499707907,0.129254934642808,330,NA,NA,NA,-0.00010123541192788,0.861114899136785
"D_mvpEU","LTL + LYM","LTL","MV-IVW (random, t)",0.0880457970738341,0.0336158581152054,0.021915913652294,0.154175680495374,0.00922367000186007,330,2926.15391691187,0,37.3152668277962,NA,NA
"D_mvpEU","LTL + LYM","LTL","MV-Egger (t)",0.0965495618835866,0.0392180736050325,0.01939799852274,0.173701125244433,0.0143357065801734,330,NA,NA,NA,-0.000237223564155644,0.67297021691361
"D_mvpEU","LTL + LYM","LYM","MV-IVW (random, t)",0.0495126019251033,0.0211267421931788,0.00795159243000736,0.0910736114201992,0.0196954443955411,330,2926.15391691187,0,37.5418968348655,NA,NA
"D_mvpEU","LTL + LYM","LYM","MV-Egger (t)",0.049095208071252,0.0211763113406738,0.00743621322609567,0.0907542029164084,0.0210419568739571,330,NA,NA,NA,-0.000237223564155644,0.67297021691361
"H_mvpEU","LTL + BMI + LYM","LTL","MV-IVW (random, t)",0.173904761912894,0.0546867789955913,0.0663224635784447,0.281487060247342,0.00161365596269119,330,1483.64390098423,1.46598943499692e-146,36.0252285340381,NA,NA
"H_mvpEU","LTL + BMI + LYM","LTL","MV-Egger (t)",0.209178651250514,0.0632954932962691,0.0846594829833525,0.333697819517675,0.00105590613921944,330,NA,NA,NA,-0.00103012406319749,0.269664809353547
"H_mvpEU","LTL + BMI + LYM","BMI","MV-IVW (random, t)",0.682555772586106,0.0579249571408091,0.568603184143567,0.796508361028644,5.94976862937602e-27,330,1483.64390098423,1.46598943499692e-146,34.1659688880886,NA,NA
"H_mvpEU","LTL + BMI + LYM","BMI","MV-Egger (t)",0.665886147598545,0.0598356272520172,0.54817346143161,0.78359883376548,1.30770566393608e-24,330,NA,NA,NA,-0.00103012406319749,0.269664809353547
"H_mvpEU","LTL + BMI + LYM","LYM","MV-IVW (random, t)",0.0992715276558862,0.035417963081614,0.0295957131239703,0.168947342187802,0.00536741103194328,330,1483.64390098423,1.46598943499692e-146,36.2131822842082,NA,NA
"H_mvpEU","LTL + BMI + LYM","LYM","MV-Egger (t)",0.0960413922560242,0.0355262282835931,0.026151797165325,0.165930987346723,0.00722225996170223,330,NA,NA,NA,-0.00103012406319749,0.269664809353547
"H_mvpEU","LTL only (same variants)","LTL","IVW (random, t)",0.129532863153339,0.0651763583851807,0.00131788639930033,0.257747839907378,0.0477045613496135,330,NA,NA,NA,NA,NA
"H_mvpEU","LTL + BMI","LTL","MV-IVW (random, t)",0.16301483630317,0.0551157385693744,0.0545898972820187,0.271439775324321,0.00332466106162409,330,1519.2877152044,2.71026376976594e-152,35.9824815406519,NA,NA
"H_mvpEU","LTL + BMI","LTL","MV-Egger (t)",0.20580602740298,0.0638906972976294,0.0801173658340906,0.33149468897187,0.00140440896516416,330,NA,NA,NA,-0.0012372277742331,0.187804568997913
"H_mvpEU","LTL + BMI","BMI","MV-IVW (random, t)",0.675146361340398,0.0584662338663439,0.560130251490477,0.790162471190319,4.09891656036902e-26,330,1519.2877152044,2.71026376976594e-152,34.2986409613283,NA,NA
"H_mvpEU","LTL + BMI","BMI","MV-Egger (t)",0.655414913312071,0.060283326878058,0.536822833546115,0.774006993078026,1.01883208297719e-23,330,NA,NA,NA,-0.0012372277742331,0.187804568997913
"H_mvpEU","LTL + LYM","LTL","MV-IVW (random, t)",0.138036480315062,0.065072052371296,0.0100252535135154,0.266047707116608,0.0346473662726632,330,2113.62391046592,5.18448782690972e-258,37.3152668277962,NA,NA
"H_mvpEU","LTL + LYM","LTL","MV-Egger (t)",0.265857010430938,0.0739980215809848,0.120284764632255,0.411429256229621,0.000377342183249533,330,NA,NA,NA,-0.00364236375913101,0.00064654092954967
"H_mvpEU","LTL + LYM","LYM","MV-IVW (random, t)",0.0802251295103078,0.042165458074996,-0.00272372211082787,0.163173981131444,0.0579648051644726,330,2113.62391046592,5.18448782690972e-258,37.5418968348655,NA,NA
"H_mvpEU","LTL + LYM","LYM","MV-Egger (t)",0.0704485854592505,0.041581013538764,-0.011351459921676,0.152248630840177,0.091167230509229,330,NA,NA,NA,-0.00364236375913101,0.00064654092954967
