"locus","window_kb","se_source","p12","nsnps","c_median_s","PP0","PP1","PP2","PP3","PP4"
"TERC",50,"P-derived (primary)",1e-06,107,0.00345523787332861,0,0.00276134452335039,0,0.226581421645211,0.770657233831417
"TERC",50,"P-derived (primary)",5e-06,107,0.00345523787332861,0,0.000676364315026915,0,0.0554989016230921,0.94382473406189
"TERC",50,"P-derived (primary)",1e-05,107,0.00345523787332861,0,0.000347955401109404,0,0.0285513918259066,0.971100652773003
"TERC",50,"P-derived (primary)",5e-05,107,0.00345523787332861,0,7.12380671321508e-05,0,0.0058454214566733,0.994083340476191
"TERC",50,"allele-frequency model",1e-06,107,0.00345523787332861,0,0.00399519509929298,0,0.246011814641484,0.749992990259213
"TERC",50,"allele-frequency model",5e-06,107,0.00345523787332861,0,0.000998805776192815,0,0.0615033847831547,0.937497809440674
"TERC",50,"allele-frequency model",1e-05,107,0.00345523787332861,0,0.000515513241525178,0,0.0317437183585267,0.967740768399895
"TERC",50,"allele-frequency model",5e-05,107,0.00345523787332861,0,0.0001058339457179,0,0.00651692855784101,0.99337723749647
"TERC",100,"P-derived (primary)",1e-06,256,0.00374522054980957,0,0.00276128385965267,0,0.226598412799494,0.770640303340823
"TERC",100,"P-derived (primary)",5e-06,256,0.00374522054980957,0,0.000676360675405031,0,0.055503984130792,0.94381965519377
"TERC",100,"P-derived (primary)",1e-05,256,0.00374522054980957,0,0.000347954437850148,0,0.0285540811270673,0.971097964435103
"TERC",100,"P-derived (primary)",5e-05,256,0.00374522054980957,0,7.12380267563414e-05,0,0.00584598491659069,0.994082777056644
"TERC",100,"allele-frequency model",1e-06,256,0.00374522054980957,0,0.0265546772279447,0,0.239234048855423,0.734211273916659
"TERC",100,"allele-frequency model",5e-06,256,0.00374522054980957,0,0.00674516689954999,0,0.0607679609032032,0.93248687219725
"TERC",100,"allele-frequency model",1e-05,256,0.00374522054980957,0,0.00349040761755885,0,0.0314454715203874,0.965064120862078
"TERC",100,"allele-frequency model",5e-05,256,0.00374522054980957,0,0.00071815296773855,0,0.00646992018373439,0.992811926848488
"TERC",250,"P-derived (primary)",1e-06,848,0.00440408790289287,0,0.00275613073298808,0,0.228041740086384,0.769202129180614
"TERC",250,"P-derived (primary)",5e-06,848,0.00440408790289287,0,0.000676051063395027,0,0.0559363382290324,0.94338761070752
"TERC",250,"P-derived (primary)",1e-05,848,0.00440408790289287,0,0.000347872477765181,0,0.0287829035859007,0.970869223936293
"TERC",250,"P-derived (primary)",5e-05,848,0.00440408790289287,0,7.12345906803197e-05,0,0.00589393667675185,0.994034828732563
"TERC",250,"allele-frequency model",1e-06,848,0.00440408790289287,0,0.344852637190128,0,0.179136320334323,0.47601104247553
"TERC",250,"allele-frequency model",5e-06,848,0.00440408790289287,0,0.118749101946953,0,0.0616851224891591,0.819565775563925
"TERC",250,"allele-frequency model",1e-05,848,0.00440408790289287,0,0.0652623299150243,0,0.033901012712791,0.900836657372144
"TERC",250,"allele-frequency model",5e-05,848,0.00440408790289287,0,0.0141771487502088,0,0.00736442754400209,0.978458423705827
"TERT",50,"P-derived (primary)",1e-06,155,0.00433540210009417,4.0371590836952e-275,0.464297092574485,4.5678100549726e-275,0.525220255797515,0.010482651628018
"TERT",50,"P-derived (primary)",5e-06,155,0.00433540210009417,3.87469094243228e-275,0.445612298623955,4.3839868283203e-275,0.50408371969774,0.0503039816783481
"TERT",50,"P-derived (primary)",1e-05,155,0.00433540210009417,3.68911382801817e-275,0.424269836539957,4.1740171462691e-275,0.479940787134991,0.0957893763250621
"TERT",50,"P-derived (primary)",5e-05,155,0.00433540210009417,2.66716828262983e-275,0.306740074730582,3.01774536180758e-275,0.346989251257264,0.346270674012153
"TERT",50,"allele-frequency model",1e-06,155,0.00433540210009417,8.28443244078661e-275,0.952758565155757,3.78447928787874e-276,0.0434861902113899,0.00375524463282988
"TERT",50,"allele-frequency model",5e-06,155,0.00433540210009417,8.16183371182564e-275,0.938658988639243,3.7284739605628e-276,0.0428426516605746,0.0184983597002298
"TERT",50,"allele-frequency model",1e-05,155,0.00433540210009417,8.01359534268458e-275,0.921610702363344,3.66075597967599e-276,0.0420645269111521,0.036324770725552
"TERT",50,"allele-frequency model",5e-05,155,0.00433540210009417,6.99694556846879e-275,0.804689985455936,3.19633188773651e-276,0.0367279844532458,0.158582030090774
"TERT",100,"P-derived (primary)",1e-06,485,0.00474489039685187,4.02796882940662e-275,0.463240159157261,4.57720572698477e-275,0.526301052092589,0.0104587887501668
"TERT",100,"P-derived (primary)",5e-06,485,0.00474489039685187,3.86622471901889e-275,0.444638633025342,4.39340686961331e-275,0.505167299803999,0.0501940671706365
"TERT",100,"P-derived (primary)",1e-05,485,0.00474489039685187,3.68143835494613e-275,0.423387111891856,4.18342381370493e-275,0.481022808636677,0.095590079471442
"TERT",100,"P-derived (primary)",5e-05,485,0.00474489039685187,2.66315396016045e-275,0.306278403983269,3.02629043931413e-275,0.347972089774952,0.34574950624174
"TERT",100,"allele-frequency model",1e-06,485,0.00474489039685187,8.50867860286549e-275,0.978548195664673,1.62488109996207e-276,0.0186591640699128,0.00279264026546417
"TERT",100,"allele-frequency model",5e-06,485,0.00474489039685187,8.41468188505223e-275,0.967738019031184,1.60693078154461e-276,0.0184530333342754,0.0138089476345677
"TERT",100,"allele-frequency model",1e-05,485,0.00474489039685187,8.30006669864682e-275,0.954556596969359,1.58504300568056e-276,0.0182016871890206,0.0272417158416032
"TERT",100,"allele-frequency model",5e-05,485,0.00474489039685187,7.48450379612866e-275,0.860762055659335,1.42929699528528e-276,0.0164131930270369,0.122824751313604
"TERT",250,"P-derived (primary)",1e-06,1284,0.00481734388117207,3.99392878846324e-275,0.459325353792033,4.61200662040162e-275,0.530304243841147,0.0103704023667681
"TERT",250,"P-derived (primary)",5e-06,1284,0.00481734388117207,3.834852917381e-275,0.441030690908787,4.42831306715232e-275,0.509182532865399,0.0497867762258216
"TERT",250,"P-derived (primary)",1e-05,1284,0.00481734388117207,3.65298268584412e-275,0.420114542206733,4.21829762713623e-275,0.485034241616199,0.0948512161770943
"TERT",250,"P-derived (primary)",5e-05,1284,0.00481734388117207,2.64823097214211e-275,0.304562172394224,3.05805622051953e-275,0.351625729345789,0.34381209826001
"TERT",250,"allele-frequency model",1e-06,1284,0.00481734388117207,8.45205159226056e-275,0.972035755644354,2.20375932202025e-276,0.0253180695106792,0.00264617484494563
"TERT",250,"allele-frequency model",5e-06,1284,0.00481734388117207,8.36352618187085e-275,0.961854811616434,2.18067750617324e-276,0.0250528921783779,0.0130922962052046
"TERT",250,"allele-frequency model",1e-05,1284,0.00481734388117207,8.25544347064739e-275,0.94942466270769,2.15249638590819e-276,0.0247291310695172,0.0258462062227602
"TERT",250,"allele-frequency model",5e-05,1284,0.00481734388117207,7.48192587428677e-275,0.860465579451372,1.95081202618571e-276,0.0224120637801594,0.117122356768463
