"locus","window_kb","trait","n_variants","N","s_estimate","kriging_flagged","n_credible_sets","converged"
"TERC",100,"LTL",250,558800,0.0463349684668328,0,8,TRUE
"TERC",100,"SBP",250,3044260,0.0980662297393897,0,1,TRUE
"TERC",100,"DBP",250,3065565,0.141158105672974,0,3,TRUE
"TERC",100,"HYPERTENSION",250,823639,0.192318042328495,0,2,FALSE
"TERC",250,"LTL",846,558801,0.0465082811457549,0,9,TRUE
"TERC",250,"SBP",846,3047990,0.0880321298636534,0,5,TRUE
"TERC",250,"DBP",846,3069795,0.0923675120927199,0,9,TRUE
"TERC",250,"HYPERTENSION",846,823639,0.171853119992493,0,1,TRUE
"TERT",100,"LTL",480,558806,0.125473426302611,0,10,TRUE
"TERT",100,"SBP",480,2999840,0.0750879867729165,0,1,TRUE
"TERT",100,"DBP",480,3027160,0.0718859115611186,0,2,TRUE
"TERT",100,"HYPERTENSION",480,767003,0.10201915348795,0,1,TRUE
"TERT",250,"LTL",1257,558806,0.162115492755458,0,10,TRUE
"TERT",250,"SBP",1257,3007640,0.0664420319628976,0,1,TRUE
"TERT",250,"DBP",1257,3035320,0.0574462188266113,0,1,TRUE
"TERT",250,"HYPERTENSION",1257,767003,0.111419445418286,0,1,TRUE
