outcome,source,ancestry,code,method,b,se,p,nsnp,Q,Q_df,Q_p,I2,steiger_prop_correct,intercept,intercept_se,intercept_p,global_p,n_outliers,OR_or_b,lo,hi
SBP,MVP European (Verma 2024),EUR,S_mvpEU,IVW (MRE),0.19909107279773314,0.028938720326886012,3.0635719753726406e-10,119,855.8444077095633,118.0,2.9295962548757363e-112,86.21244715312271,0.9915966386554622,,,,,,0.19909107279773314,0.14237118095703655,0.2558109646384297
SBP,MVP European (Verma 2024),EUR,S_mvpEU,MR-Egger,0.30805328087824374,0.05293176582880914,5.248707917542643e-08,119,,,,,0.9915966386554622,-0.0034862301029334815,0.0014301336390101348,0.01628570468825839,,,0.30805328087824374,0.20430701985377783,0.4117995419027096
SBP,MVP European (Verma 2024),EUR,S_mvpEU,Weighted median,0.2489056854043134,0.024488133788088652,2.8605663030229826e-24,119,,,,,0.9915966386554622,,,,,,0.2489056854043134,0.20090894317965965,0.2969024276289672
SBP,MVP European (Verma 2024),EUR,S_mvpEU,Weighted mode,0.2795893063902546,0.029843700049227737,7.360325398913201e-21,119,,,,,0.9915966386554622,,,,,,0.2795893063902546,0.22109565429376823,0.33808295848674097
SBP,MVP European (Verma 2024),EUR,S_mvpEU,MR-PRESSO (outlier-corrected),0.19833905818144013,0.022550359931745763,5.332949061731042e-14,98,,,,,0.9915966386554622,,,,9.999000099990002e-05,21.0,0.19833905818144013,0.15414035271521842,0.24253776364766183
SBP,MVP European (Verma 2024),EUR,S_mvpEU,"IVW, Steiger-filtered",0.20390935584158568,0.027879106727089608,3.5046594182249166e-11,118,785.3456948059476,117.0,1.5890736454489856e-99,85.10210207125287,0.9915966386554622,,,,,,0.20390935584158568,0.14926630665649004,0.2585524050266813
SBP,MVP European (Verma 2024),EUR,S_mvpEU,"IVW, excluding TERC & TERT loci",0.16804753088139648,0.03146835043227856,4.68191908694824e-07,117,814.6699972211442,116.0,2.096189409984256e-105,85.76110567522085,0.9915966386554622,,,,,,0.16804753088139648,0.1063695640341305,0.22972549772866246
DBP,MVP European (Verma 2024),EUR,D_mvpEU,IVW (MRE),0.09557347672737508,0.03089233483897129,0.002467815400053405,119,1025.55273111599,118.0,1.4478225267326632e-144,88.49400948193133,0.9747899159663865,,,,,,0.09557347672737508,0.03502450044299136,0.1561224530117588
DBP,MVP European (Verma 2024),EUR,D_mvpEU,MR-Egger,0.17977312284598032,0.05718308565314118,0.00211373599584033,119,,,,,0.9747899159663865,-0.0026956269721700706,0.0015459458608634295,0.08384244971706138,,,0.17977312284598032,0.0676942749658236,0.29185197072613706
DBP,MVP European (Verma 2024),EUR,D_mvpEU,Weighted median,0.10284760880715549,0.02160105397861886,1.924156061048791e-06,119,,,,,0.9747899159663865,,,,,,0.10284760880715549,0.06050954300906252,0.14518567460524845
DBP,MVP European (Verma 2024),EUR,D_mvpEU,Weighted mode,0.11967233141961753,0.01995948196473024,2.0253172285791126e-09,119,,,,,0.9747899159663865,,,,,,0.11967233141961753,0.08055174676874625,0.1587929160704888
DBP,MVP European (Verma 2024),EUR,D_mvpEU,MR-PRESSO (outlier-corrected),0.11062788949917934,0.01933205276521722,1.1679557360041937e-07,98,,,,,0.9747899159663865,,,,9.999000099990002e-05,21.0,0.11062788949917934,0.0727370660793536,0.1485187129190051
DBP,MVP European (Verma 2024),EUR,D_mvpEU,"IVW, Steiger-filtered",0.11434414288323039,0.02637115167424955,3.1279140269218126e-05,116,720.658353496804,115.0,2.039375159914113e-88,84.04236911402013,0.9747899159663865,,,,,,0.11434414288323039,0.06265668560170126,0.1660316001647595
DBP,MVP European (Verma 2024),EUR,D_mvpEU,"IVW, excluding TERC & TERT loci",0.08412134831373658,0.034267747625535985,0.015579727555106575,117,1016.0295321533589,116.0,1.123989906620689e-143,88.58300902394528,0.9747899159663865,,,,,,0.08412134831373658,0.01695656296768605,0.1512861336597871
Hypertension,MVP European (Verma 2024),EUR,H_mvpEU,IVW (MRE),0.13001393246550133,0.05740926003184002,0.025389133048844454,117,661.1759107400504,116.0,3.1692350110942647e-77,82.45550115850988,0.9572649572649573,,,,,,1.138844250122316,1.0176456599216377,1.2744772341843735
Hypertension,MVP European (Verma 2024),EUR,H_mvpEU,MR-Egger,0.36926896976029966,0.10189205426075809,0.0004331764799721992,117,,,,,0.9572649572649573,-0.00798589342976961,0.0028460690823909644,0.005893375896024507,,,1.4466766636251598,1.1847840757288761,1.7664597389107322
Hypertension,MVP European (Verma 2024),EUR,H_mvpEU,Weighted median,0.20750226140909458,0.04329024662705915,1.640765970224611e-06,117,,,,,0.9572649572649573,,,,,,1.2306004997281077,1.1304924994786374,1.339573319265251
Hypertension,MVP European (Verma 2024),EUR,H_mvpEU,Weighted mode,0.3007903792288871,0.0408365597835314,1.7620254057101117e-13,117,,,,,0.9572649572649573,,,,,,1.3509261296784887,1.2470125390910594,1.4634988427448647
Hypertension,MVP European (Verma 2024),EUR,H_mvpEU,MR-PRESSO (outlier-corrected),0.18389229799610693,0.03748894609243454,3.461000101821774e-06,105,,,,,0.9572649572649573,,,,9.999000099990002e-05,12.0,1.201886370554717,1.1167402646680442,1.2935244599195888
Hypertension,MVP European (Verma 2024),EUR,H_mvpEU,"IVW, Steiger-filtered",0.17527659802472736,0.04366643450291817,0.00010877160878935021,112,358.40093022453965,111.0,8.029387652999744e-28,69.02909824188848,0.9572649572649573,,,,,,1.1915757585360587,1.093835564903799,1.298049573343007
Hypertension,MVP European (Verma 2024),EUR,H_mvpEU,"IVW, excluding TERC & TERT loci",0.07843443184932043,0.0665955180782668,0.24133981562749135,115,645.8071834014443,114.0,3.186724215532901e-75,82.347672350195,0.9572649572649573,,,,,,1.081592434821504,0.9492407887943126,1.2323977318220765
Hypertension,FinnGen,EUR,H_fg,IVW (MRE),0.018383202709120205,0.07667620978696557,0.8109289177623997,122,228.95105979879304,121.0,1.1422202734948037e-08,47.150277397127,0.8360655737704918,,,,,,1.018553213965945,0.8764267330506733,1.1837277556210426
Hypertension,FinnGen,EUR,H_fg,MR-Egger,0.1048938228864533,0.1385280995198225,0.45041279140225526,122,,,,,0.8360655737704918,-0.0027683394476266374,0.0036889611770536067,0.454459427680858,,,1.1105926845697325,0.8465201683029945,1.4570427937853097
Hypertension,FinnGen,EUR,H_fg,Weighted median,0.06355388776645125,0.09056263867195241,0.48282436806666673,122,,,,,0.8360655737704918,,,,,,1.0656169079693398,0.8923035656784846,1.272593137837236
Hypertension,FinnGen,EUR,H_fg,Weighted mode,0.04601676162731749,0.100279359006969,0.6463162642010458,122,,,,,0.8360655737704918,,,,,,1.0470919617750771,0.8602512493232335,1.2745132044580316
Hypertension,FinnGen,EUR,H_fg,MR-PRESSO (outlier-corrected),0.050810644645566436,0.06875962968051279,0.46138609411727804,120,,,,,0.8360655737704918,,,,9.999000099990002e-05,2.0,1.0521236491733326,0.9194696619745542,1.2039159299422806
Hypertension,FinnGen,EUR,H_fg,"IVW, Steiger-filtered",0.06435272934948241,0.05738292047925682,0.2647507692034442,102,91.86731625857352,101.0,0.7309669437535525,0.0,0.8360655737704918,,,,,,1.0664685071681457,0.9530215194957445,1.1934201416388184
Hypertension,FinnGen,EUR,H_fg,"IVW, excluding TERC & TERT loci",-0.009293115950381271,0.08437538078404307,0.9124837683971165,120,227.15915296712433,119.0,9.098237185847662e-09,47.613821214933694,0.8360655737704918,,,,,,0.9907499315998225,0.8397350426763667,1.168922787640953
SBP,Genes & Health (Huang 2021),SAS,S_gh,IVW (MRE),0.05991159518456637,0.047135780876974606,0.20641926046556583,110,104.51451611752567,109.0,0.6036232762574902,0.0,0.8545454545454545,,,,,,0.05991159518456637,-0.032474535334303854,0.15229772570343658
SBP,Genes & Health (Huang 2021),SAS,S_gh,MR-Egger,0.1172250942632924,0.09253479599400131,0.2079441891675549,110,,,,,0.8545454545454545,-0.001720638093499916,0.002390607562964468,0.4732340751808212,,,0.1172250942632924,-0.06414310588495016,0.298593294411535
SBP,Genes & Health (Huang 2021),SAS,S_gh,Weighted median,0.05793808000747414,0.0726495807709472,0.4251603884572712,110,,,,,0.8545454545454545,,,,,,0.05793808000747414,-0.08445509830358239,0.20033125831853066
SBP,Genes & Health (Huang 2021),SAS,S_gh,Weighted mode,0.05816493168429915,0.08007031102821696,0.4675793720538691,110,,,,,0.8545454545454545,,,,,,0.05816493168429915,-0.09877287793100609,0.21510274129960438
SBP,Genes & Health (Huang 2021),SAS,S_gh,MR-PRESSO (outlier-corrected),0.05991159518456637,0.046155744899664425,0.19701659533720098,110,,,,,0.8545454545454545,,,,0.6092390760923908,0.0,0.05991159518456637,-0.03055366481877591,0.15037685518790864
SBP,Genes & Health (Huang 2021),SAS,S_gh,"IVW, Steiger-filtered",0.07019163808882932,0.04870879351292607,0.15293009810533603,94,54.99245853581495,93.0,0.9994103935570599,0.0,0.8545454545454545,,,,,,0.07019163808882932,-0.02527759719650577,0.1656608733741644
SBP,Genes & Health (Huang 2021),SAS,S_gh,"IVW, excluding TERC & TERT loci",0.05519851643779672,0.049994317259850284,0.27200545553769756,109,104.43451209187516,108.0,0.5791878626003963,0.0,0.8545454545454545,,,,,,0.05519851643779672,-0.04279034539150983,0.15318737826710327
DBP,Genes & Health (Huang 2021),SAS,D_gh,IVW (MRE),0.037717054828540646,0.05136325100823218,0.4643305710843697,110,129.16505727358097,109.0,0.09108457890430464,15.61185176488554,0.8363636363636363,,,,,,0.037717054828540646,-0.06295491714759441,0.1383890268046757
DBP,Genes & Health (Huang 2021),SAS,D_gh,MR-Egger,0.07248223762607288,0.10111556283463087,0.4750289882374073,110,,,,,0.8363636363636363,-0.0010447277250926145,0.002613861331502598,0.6901760505854003,,,0.07248223762607288,-0.12570426552980363,0.27066874078194936
DBP,Genes & Health (Huang 2021),SAS,D_gh,Weighted median,0.08642431717472127,0.0752380961392978,0.25068893764256717,110,,,,,0.8363636363636363,,,,,,0.08642431717472127,-0.06104235125830243,0.23389098560774496
DBP,Genes & Health (Huang 2021),SAS,D_gh,Weighted mode,0.08592725244176647,0.0940808777931003,0.3610669727621495,110,,,,,0.8363636363636363,,,,,,0.08592725244176647,-0.09847126803271011,0.27032577291624305
DBP,Genes & Health (Huang 2021),SAS,D_gh,MR-PRESSO (outlier-corrected),0.03771705482854064,0.05136325100823218,0.46433057108436987,110,,,,,0.8363636363636363,,,,0.09519048095190481,0.0,0.03771705482854064,-0.06295491714759442,0.13838902680467569
DBP,Genes & Health (Huang 2021),SAS,D_gh,"IVW, Steiger-filtered",0.06031775333204042,0.048673111031599374,0.21844262399127587,92,53.59333624140249,91.0,0.9993824757273351,0.0,0.8363636363636363,,,,,,0.06031775333204042,-0.03508154428989436,0.1557170509539752
DBP,Genes & Health (Huang 2021),SAS,D_gh,"IVW, excluding TERC & TERT loci",0.022958599333205803,0.054562560452484275,0.6747550013223578,109,128.38189598031593,108.0,0.08806288153674215,15.875989230943413,0.8363636363636363,,,,,,0.022958599333205803,-0.08398401915366337,0.12990121782007497
SBP,Biobank Japan,EAS,S_bbj,IVW (MRE),0.06903194896364191,0.02045545341241456,0.001071128507009243,96,126.32492777431713,95.0,0.017465099633527614,24.797107210921947,1.0,,,,,,0.06903194896364191,0.028939260275309374,0.10912463765197444
SBP,Biobank Japan,EAS,S_bbj,MR-Egger,0.1542016412036837,0.039620536036212545,0.00018570904834272898,96,,,,,1.0,-0.002623142617005966,0.0010548437926762506,0.014655137845958583,,,0.1542016412036837,0.07654539057270712,0.2318578918346603
SBP,Biobank Japan,EAS,S_bbj,Weighted median,0.09622749097031787,0.03066834086074141,0.0017028970848324348,96,,,,,1.0,,,,,,0.09622749097031787,0.0361175428832647,0.15633743905737102
SBP,Biobank Japan,EAS,S_bbj,Weighted mode,0.14355734053901492,0.038216803898826805,0.00017237981705754948,96,,,,,1.0,,,,,,0.14355734053901492,0.06865240489731439,0.21846227618071545
SBP,Biobank Japan,EAS,S_bbj,MR-PRESSO (outlier-corrected),0.06903194896364191,0.02045545341241456,0.001071128507009243,96,,,,,1.0,,,,0.013298670132986702,0.0,0.06903194896364191,0.028939260275309374,0.10912463765197444
SBP,Biobank Japan,EAS,S_bbj,"IVW, Steiger-filtered",0.06903194896364191,0.02045545341241456,0.001071128507009243,96,126.32492777431713,95.0,0.017465099633527614,24.797107210921947,1.0,,,,,,0.06903194896364191,0.028939260275309374,0.10912463765197444
SBP,Biobank Japan,EAS,S_bbj,"IVW, excluding TERC & TERT loci",0.0364084751956066,0.021865089701107197,0.09924994562490318,94,112.79210135636859,93.0,0.07963608388620483,17.547417876217327,1.0,,,,,,0.0364084751956066,-0.006447100618563503,0.07926405100977671
DBP,Biobank Japan,EAS,D_bbj,IVW (MRE),0.06400095149988816,0.022861422466024833,0.006199101270061153,96,157.82464383723874,95.0,5.5001070608080564e-05,39.80661214228906,1.0,,,,,,0.06400095149988816,0.01919256346647949,0.10880933953329683
DBP,Biobank Japan,EAS,D_bbj,MR-Egger,0.19935378456249137,0.04282819151982539,1.062560473140187e-05,96,,,,,1.0,-0.004161031758402882,0.0011386040437872914,0.00042421829350062964,,,0.19935378456249137,0.11541052918363359,0.28329703994134914
DBP,Biobank Japan,EAS,D_bbj,Weighted median,0.12294874705944844,0.031305594614286746,8.58787417739627e-05,96,,,,,1.0,,,,,,0.12294874705944844,0.061589781615446426,0.18430771250345046
DBP,Biobank Japan,EAS,D_bbj,Weighted mode,0.14826024471338028,0.030237234438337313,9.427143269916069e-07,96,,,,,1.0,,,,,,0.14826024471338028,0.08899526521423914,0.20752522421252143
DBP,Biobank Japan,EAS,D_bbj,MR-PRESSO (outlier-corrected),0.06400095149988815,0.022861422466024836,0.0061991012700611785,96,,,,,1.0,,,,9.999000099990002e-05,0.0,0.06400095149988815,0.01919256346647947,0.10880933953329683
DBP,Biobank Japan,EAS,D_bbj,"IVW, Steiger-filtered",0.06400095149988816,0.022861422466024833,0.006199101270061153,96,157.82464383723874,95.0,5.5001070608080564e-05,39.80661214228906,1.0,,,,,,0.06400095149988816,0.01919256346647949,0.10880933953329683
DBP,Biobank Japan,EAS,D_bbj,"IVW, excluding TERC & TERT loci",0.03487998831706078,0.024905015647110028,0.16468511797207686,94,146.39639306564987,93.0,0.00034486065491504445,36.47384470852696,1.0,,,,,,0.03487998831706078,-0.013933842351274872,0.08369381898539643
SBP,MVP African American,AFR,S_mvpAA,IVW (MRE),0.06775973811674754,0.027284238078956583,0.014415301709576158,119,239.0271644976066,118.0,3.14159697565571e-10,50.63322604022208,0.9915966386554622,,,,,,0.06775973811674754,0.014282631481992637,0.12123684475150245
SBP,MVP African American,AFR,S_mvpAA,MR-Egger,0.1437722063682586,0.050626270352770474,0.005323887906345307,119,,,,,0.9915966386554622,-0.002535877130199148,0.0014279019604755648,0.07834133260224517,,,0.1437722063682586,0.04454471647682848,0.24299969625968873
SBP,MVP African American,AFR,S_mvpAA,Weighted median,0.03046249074579422,0.035323084253633195,0.3884695758837081,119,,,,,0.9915966386554622,,,,,,0.03046249074579422,-0.038770754391326843,0.09969573588291528
SBP,MVP African American,AFR,S_mvpAA,Weighted mode,0.0186998457147447,0.04007681838099244,0.6407860466811276,119,,,,,0.9915966386554622,,,,,,0.0186998457147447,-0.05985071831200048,0.09725040974148988
SBP,MVP African American,AFR,S_mvpAA,MR-PRESSO (outlier-corrected),0.025612086717588838,0.025397697004743564,0.31535978605478143,116,,,,,0.9915966386554622,,,,9.999000099990002e-05,3.0,0.025612086717588838,-0.024167399411708545,0.07539157284688622
SBP,MVP African American,AFR,S_mvpAA,"IVW, Steiger-filtered",0.07100413608878359,0.02644274649532103,0.008301831619465991,118,222.22898112304284,117.0,1.567995722169406e-08,47.35160130387318,0.9915966386554622,,,,,,0.07100413608878359,0.01917635295795437,0.12283191921961281
SBP,MVP African American,AFR,S_mvpAA,"IVW, excluding TERC & TERT loci",0.08225216561758263,0.030547502525409193,0.008139847338439112,117,236.21617690153022,116.0,3.1511988669083606e-10,50.89244033936079,0.9915966386554622,,,,,,0.08225216561758263,0.022379060667780608,0.14212527056738464
DBP,MVP African American,AFR,D_mvpAA,IVW (MRE),0.04755945304295945,0.028171288763418654,0.09400942637742624,119,253.44204992828966,118.0,6.6149192299045184e-12,53.441033153974416,0.9831932773109243,,,,,,0.04755945304295945,-0.007656272933341111,0.10277517901926
DBP,MVP African American,AFR,D_mvpAA,MR-Egger,0.07035578838232033,0.05292645278392956,0.18633115902602113,119,,,,,0.9831932773109243,-0.0007613800949083076,0.0014946207287560378,0.6114218269001078,,,0.07035578838232033,-0.03338005907418161,0.17409163583882226
DBP,MVP African American,AFR,D_mvpAA,Weighted median,-0.009351231410681254,0.03536049790359235,0.791429968817507,119,,,,,0.9831932773109243,,,,,,-0.009351231410681254,-0.07865780730172227,0.05995534448035976
DBP,MVP African American,AFR,D_mvpAA,Weighted mode,-0.03286618073519154,0.03887511394088672,0.3978708987212186,119,,,,,0.9831932773109243,,,,,,-0.03286618073519154,-0.10906140405932951,0.04332904258894643
DBP,MVP African American,AFR,D_mvpAA,MR-PRESSO (outlier-corrected),0.009506247704844312,0.027101094440440343,0.7263972041677531,117,,,,,0.9831932773109243,,,,9.999000099990002e-05,2.0,0.009506247704844312,-0.04361189739841876,0.06262439280810739
DBP,MVP African American,AFR,D_mvpAA,"IVW, Steiger-filtered",0.055091924844890366,0.02670772916279154,0.04136688133016886,117,222.68259272520297,116.0,1.001196739809581e-08,47.907917462076846,0.9831932773109243,,,,,,0.055091924844890366,0.002744775685818948,0.10743907400396178
DBP,MVP African American,AFR,D_mvpAA,"IVW, excluding TERC & TERT loci",0.06955896542341569,0.031234295404647013,0.02787717507615106,117,245.4968489002479,116.0,2.6480882248339227e-11,52.748884346318434,0.9831932773109243,,,,,,0.06955896542341569,0.008339746430307549,0.13077818441652383
Hypertension,MVP African American,AFR,H_mvpAA,IVW (MRE),0.0592425203754156,0.07002201667343659,0.3992341654441333,119,185.14095239438893,118.0,7.78005582207266e-05,36.26477639121391,0.8487394957983193,,,,,,1.0610325315476454,0.9249638416845364,1.2171178831727367
Hypertension,MVP African American,AFR,H_mvpAA,MR-Egger,0.1368311706771794,0.13062497852901048,0.2970228591683974,119,,,,,0.8487394957983193,-0.0026332922856739513,0.0037392815500428443,0.4826925255991053,,,1.1466345466439887,0.8876357716079388,1.4812052709139671
Hypertension,MVP African American,AFR,H_mvpAA,Weighted median,-0.016827152108828684,0.09617635602511451,0.8611099459535003,119,,,,,0.8487394957983193,,,,,,0.9833136336347572,0.8143762388159558,1.1872960629325342
Hypertension,MVP African American,AFR,H_mvpAA,Weighted mode,0.04022999996470755,0.08594578901873108,0.639723262208031,119,,,,,0.8487394957983193,,,,,,1.041050188165267,0.8796565370421722,1.232055295039522
Hypertension,MVP African American,AFR,H_mvpAA,MR-PRESSO (outlier-corrected),0.04486315998544976,0.06754878228701162,0.5078950459927698,118,,,,,0.8487394957983193,,,,0.00019998000199980003,1.0,1.0458847312342354,0.9161891378101169,1.1939400129142523
Hypertension,MVP African American,AFR,H_mvpAA,"IVW, Steiger-filtered",0.04560262915374952,0.056691805624822046,0.4230768654752053,101,100.3925174018678,100.0,0.4701604625014085,0.3909827266274962,0.8487394957983193,,,,,,1.0466584167696231,0.936586580830189,1.1696663862337744
Hypertension,MVP African American,AFR,H_mvpAA,"IVW, excluding TERC & TERT loci",0.09156519151562047,0.07863850005987998,0.2466587000908818,117,183.77028372556003,116.0,6.237892085563703e-05,36.877716218127645,0.8487394957983193,,,,,,1.0958882169776811,0.9393508112860265,1.2785116802808965
SBP,MVP Hispanic,AMR,S_mvpHS,IVW (MRE),0.11048375443402522,0.03534857110451814,0.0022343844623473603,119,250.2157981253483,118.0,1.5955265559789574e-11,52.84070754761591,0.9663865546218487,,,,,,0.11048375443402522,0.04120055506916967,0.17976695379888077
SBP,MVP Hispanic,AMR,S_mvpHS,MR-Egger,0.24676214750219008,0.0659369029702419,0.00028404061143030715,119,,,,,0.9663865546218487,-0.004376097225921307,0.0018016694792464642,0.016665627145851417,,,0.24676214750219008,0.11752581768051595,0.3759984773238642
SBP,MVP Hispanic,AMR,S_mvpHS,Weighted median,0.10282824635863647,0.04260619966906142,0.01580197654262195,119,,,,,0.9663865546218487,,,,,,0.10282824635863647,0.019320095007276078,0.18633639770999685
SBP,MVP Hispanic,AMR,S_mvpHS,Weighted mode,0.11200470551824271,0.05124713882122342,0.028846370235321835,119,,,,,0.9663865546218487,,,,,,0.11200470551824271,0.011560313428644803,0.21244909760784061
SBP,MVP Hispanic,AMR,S_mvpHS,MR-PRESSO (outlier-corrected),0.07284965510294174,0.03308472336282432,0.029667345541900463,116,,,,,0.9663865546218487,,,,9.999000099990002e-05,3.0,0.07284965510294174,0.008003597311806068,0.1376957128940774
SBP,MVP Hispanic,AMR,S_mvpHS,"IVW, Steiger-filtered",0.10649886824319903,0.033616018744456855,0.001969713031974686,115,216.5729602118061,114.0,2.3123163348273022e-08,47.36184984103778,0.9663865546218487,,,,,,0.10649886824319903,0.04061147150406359,0.17238626498233445
SBP,MVP Hispanic,AMR,S_mvpHS,"IVW, excluding TERC & TERT loci",0.10778281898784842,0.039425841325245174,0.007242415979548783,117,247.10209317454624,116.0,1.711519453253168e-11,53.05584080258651,0.9663865546218487,,,,,,0.10778281898784842,0.030508169990367873,0.18505746798532896
DBP,MVP Hispanic,AMR,D_mvpHS,IVW (MRE),0.027166179814407578,0.03759800817818223,0.47139025497169157,119,262.7746341635544,118.0,4.927524047226593e-13,55.09460021679443,0.9243697478991597,,,,,,0.027166179814407578,-0.046525916214829585,0.10085827584364475
DBP,MVP Hispanic,AMR,D_mvpHS,MR-Egger,0.15765969307517422,0.07046211896933685,0.027146549600082538,119,,,,,0.9243697478991597,-0.004192254070972133,0.0019261483312368,0.03152743426248404,,,0.15765969307517422,0.019553939895273986,0.29576544625507445
DBP,MVP Hispanic,AMR,D_mvpHS,Weighted median,0.005596841925717331,0.04224644104862352,0.894604015684071,119,,,,,0.9243697478991597,,,,,,0.005596841925717331,-0.07720618252958476,0.08839986638101942
DBP,MVP Hispanic,AMR,D_mvpHS,Weighted mode,0.0033508742239707345,0.045300482937517136,0.9410343002704932,119,,,,,0.9243697478991597,,,,,,0.0033508742239707345,-0.08543807233356285,0.09213982078150432
DBP,MVP Hispanic,AMR,D_mvpHS,MR-PRESSO (outlier-corrected),0.016635478568784015,0.031881610709225086,0.6028384161205843,114,,,,,0.9243697478991597,,,,9.999000099990002e-05,5.0,0.016635478568784015,-0.04585247842129715,0.07912343555886518
DBP,MVP Hispanic,AMR,D_mvpHS,"IVW, Steiger-filtered",0.06400088117899479,0.030808897828856038,0.04011900573332902,110,158.07813195101068,109.0,0.0014931885317015945,31.04675602202857,0.9243697478991597,,,,,,0.06400088117899479,0.0036154414344369556,0.12438632092355262
DBP,MVP Hispanic,AMR,D_mvpHS,"IVW, excluding TERC & TERT loci",0.035507244802574854,0.04218129252905502,0.40164481670082486,117,262.27626795404717,116.0,2.4753897079070297e-13,55.77182758284326,0.9243697478991597,,,,,,0.035507244802574854,-0.04716808855437298,0.11818257815952268
Hypertension,MVP Hispanic,AMR,H_mvpHS,IVW (MRE),0.03688957050771415,0.0793741652921056,0.6429703908487676,118,144.29641124812733,117.0,0.044121349631042785,18.916902376171592,0.847457627118644,,,,,,1.037578435251648,0.8880885757796494,1.212231570881477
Hypertension,MVP Hispanic,AMR,H_mvpHS,MR-Egger,0.23029185793962884,0.16112714196132955,0.15561831786271532,118,,,,,0.847457627118644,-0.005750439599895541,0.004174256679221944,0.1709800937917571,,,1.2589673959448475,0.9180372238710626,1.7265083188770156
Hypertension,MVP Hispanic,AMR,H_mvpHS,Weighted median,-0.02962757980400435,0.1163984657746964,0.7990816289577151,118,,,,,0.847457627118644,,,,,,0.9708070143715168,0.7727740524093238,1.2195883857830825
Hypertension,MVP Hispanic,AMR,H_mvpHS,Weighted mode,-0.006816943810942,0.16489184690221076,0.96702332266851,118,,,,,0.847457627118644,,,,,,0.9932062388423254,0.7189201648908115,1.3721393293024966
Hypertension,MVP Hispanic,AMR,H_mvpHS,MR-PRESSO (outlier-corrected),0.036889570507714145,0.0793741652921056,0.6429703908487676,118,,,,,0.847457627118644,,,,0.041695830416958304,0.0,1.037578435251648,0.8880885757796494,1.2122315708814768
Hypertension,MVP Hispanic,AMR,H_mvpHS,"IVW, Steiger-filtered",0.06781179968473335,0.07345206463050874,0.3581415621462286,100,77.15138413066396,99.0,0.9490826302047939,0.0,0.847457627118644,,,,,,1.0701638843449055,0.9266732589731522,1.2358733008279854
Hypertension,MVP Hispanic,AMR,H_mvpHS,"IVW, excluding TERC & TERT loci",0.045428008650135916,0.08277341048165421,0.5841812847603396,117,144.11697041648603,116.0,0.03938480319948534,19.509826174690133,0.847457627118644,,,,,,1.0464756647063684,0.8897561203425319,1.2307994199590864
