"mode","locus","window_kb","ld","se_source","hit1","hit2","hit1_rsid","hit2_rsid","nsnps","PP.H3","PP.H4","note"
"iterative","TERC",100,"haplotype","P-derived","3:169417755:A:C","3:169480204:A:G","rs12054436","rs12630450",257,0.841876933371014,0.000921358910887996,""
"iterative","TERC",100,"haplotype","P-derived","3:169482335:T:C","3:169480204:A:G","rs2293607","rs12630450",257,0.0325113081809959,0.962091274781097,""
"iterative","TERC",100,"haplotype","P-derived","3:169581674:A:T","3:169480204:A:G","rs1920117","rs12630450",257,0.846859682326847,0.00974658063837805,""
"iterative","TERC",100,"haplotype","allele-frequency model","3:169417755:A:C","3:169480204:A:G","rs12054436","rs12630450",257,0.841876933371014,0.000921358910887996,""
"iterative","TERC",100,"haplotype","allele-frequency model","3:169482335:T:C","3:169480204:A:G","rs2293607","rs12630450",257,0.0325113081809959,0.962091274781097,""
"iterative","TERC",100,"haplotype","allele-frequency model","3:169581674:A:T","3:169480204:A:G","rs1920117","rs12630450",257,0.846859682326847,0.00974658063837805,""
"iterative","TERC",100,"dosage","P-derived","3:169417755:A:C","3:169480204:A:G","rs12054436","rs12630450",257,0.855476584618793,0.00226473178416906,""
"iterative","TERC",100,"dosage","P-derived","3:169482335:T:C","3:169480204:A:G","rs2293607","rs12630450",257,0.0325113081809959,0.962091274781097,""
"iterative","TERC",100,"dosage","P-derived","3:169554781:A:G","3:169480204:A:G","rs28688695","rs12630450",257,0.670397830770797,0.0010239883316565,""
"iterative","TERC",100,"dosage","P-derived","3:169581674:A:T","3:169480204:A:G","rs1920117","rs12630450",257,0.849506082574978,0.00932360530310481,""
"iterative","TERC",100,"dosage","allele-frequency model","3:169417755:A:C","3:169480204:A:G","rs12054436","rs12630450",257,0.855476584618793,0.00226473178416906,""
"iterative","TERC",100,"dosage","allele-frequency model","3:169482335:T:C","3:169480204:A:G","rs2293607","rs12630450",257,0.0325113081809959,0.962091274781097,""
"iterative","TERC",100,"dosage","allele-frequency model","3:169554781:A:G","3:169480204:A:G","rs28688695","rs12630450",257,0.670397830770797,0.0010239883316565,""
"iterative","TERC",100,"dosage","allele-frequency model","3:169581674:A:T","3:169480204:A:G","rs1920117","rs12630450",257,0.849506082574978,0.00932360530310481,""
"iterative","TERC",250,"haplotype","P-derived","3:169358142:A:T","3:169238015:T:C","rs9835323","rs1997280",850,0.258723363306334,0.00327765933465551,""
"iterative","TERC",250,"haplotype","P-derived","3:169482335:T:C","3:169238015:T:C","rs2293607","rs1997280",850,0.259576224810182,0.000405120790227762,""
"iterative","TERC",250,"haplotype","P-derived","3:169581674:A:T","3:169238015:T:C","rs1920117","rs1997280",850,0.223691185205776,0.00108906931221676,""
"iterative","TERC",250,"haplotype","P-derived","3:169620300:G:A","3:169238015:T:C","rs16854538","rs1997280",850,0.258589869728561,0.00379769991454209,""
"iterative","TERC",250,"haplotype","P-derived","3:169655095:C:T","3:169238015:T:C","rs2111820","rs1997280",850,0.255318571167979,0.000948479701081703,""
"iterative","TERC",250,"haplotype","P-derived","3:169358142:A:T","3:169480204:A:G","rs9835323","rs12630450",850,0.862865841714874,8.42433974594558e-05,""
"iterative","TERC",250,"haplotype","P-derived","3:169482335:T:C","3:169480204:A:G","rs2293607","rs12630450",850,0.0340312964709108,0.960579766187908,""
"iterative","TERC",250,"haplotype","P-derived","3:169581674:A:T","3:169480204:A:G","rs1920117","rs12630450",850,0.738610938491726,0.00785483424364222,""
"iterative","TERC",250,"haplotype","P-derived","3:169620300:G:A","3:169480204:A:G","rs16854538","rs12630450",850,0.860281079766673,0.00308531143164897,""
"iterative","TERC",250,"haplotype","P-derived","3:169655095:C:T","3:169480204:A:G","rs2111820","rs12630450",850,0.848028161433384,0.00184647467427215,""
"iterative","TERC",250,"haplotype","allele-frequency model","3:169358142:A:T","3:169238015:T:C","rs9835323","rs1997280",850,0.258723363306334,0.00327765933465551,""
"iterative","TERC",250,"haplotype","allele-frequency model","3:169482335:T:C","3:169238015:T:C","rs2293607","rs1997280",850,0.259576224810182,0.000405120790227762,""
"iterative","TERC",250,"haplotype","allele-frequency model","3:169581674:A:T","3:169238015:T:C","rs1920117","rs1997280",850,0.223691185205776,0.00108906931221676,""
"iterative","TERC",250,"haplotype","allele-frequency model","3:169620300:G:A","3:169238015:T:C","rs16854538","rs1997280",850,0.258589869728561,0.00379769991454209,""
"iterative","TERC",250,"haplotype","allele-frequency model","3:169655095:C:T","3:169238015:T:C","rs2111820","rs1997280",850,0.255318571167979,0.000948479701081703,""
"iterative","TERC",250,"haplotype","allele-frequency model","3:169358142:A:T","3:169480204:A:G","rs9835323","rs12630450",850,0.862865841714874,8.42433974594558e-05,""
"iterative","TERC",250,"haplotype","allele-frequency model","3:169482335:T:C","3:169480204:A:G","rs2293607","rs12630450",850,0.0340312964709108,0.960579766187908,""
"iterative","TERC",250,"haplotype","allele-frequency model","3:169581674:A:T","3:169480204:A:G","rs1920117","rs12630450",850,0.738610938491726,0.00785483424364222,""
"iterative","TERC",250,"haplotype","allele-frequency model","3:169620300:G:A","3:169480204:A:G","rs16854538","rs12630450",850,0.860281079766673,0.00308531143164897,""
"iterative","TERC",250,"haplotype","allele-frequency model","3:169655095:C:T","3:169480204:A:G","rs2111820","rs12630450",850,0.848028161433384,0.00184647467427215,""
"iterative","TERC",250,"dosage","P-derived","3:169257711:G:C","3:169480204:A:G","rs75041760","rs12630450",850,0.842938320513257,0.000955803177679145,""
"iterative","TERC",250,"dosage","P-derived","3:169302171:G:A","3:169480204:A:G","rs143373116","rs12630450",850,0.862012098960581,0.000623130317871191,""
"iterative","TERC",250,"dosage","P-derived","3:169358142:A:T","3:169480204:A:G","rs9835323","rs12630450",850,0.862628474546642,0.000771930848449037,""
"iterative","TERC",250,"dosage","P-derived","3:169482335:T:C","3:169480204:A:G","rs2293607","rs12630450",850,0.0340312964709108,0.960579766187908,""
"iterative","TERC",250,"dosage","P-derived","3:169620300:G:A","3:169480204:A:G","rs16854538","rs12630450",850,0.862040544608023,0.00145326954672436,""
"iterative","TERC",250,"dosage","P-derived","3:169257711:G:C","3:169689793:A:G","rs75041760","rs79709647",850,0.266098732910555,0.0013901805508535,""
"iterative","TERC",250,"dosage","P-derived","3:169302171:G:A","3:169689793:A:G","rs143373116","rs79709647",850,0.271741219514679,0.0024479304541311,""
"iterative","TERC",250,"dosage","P-derived","3:169358142:A:T","3:169689793:A:G","rs9835323","rs79709647",850,0.27082000873931,0.00668794748057307,""
"iterative","TERC",250,"dosage","P-derived","3:169482335:T:C","3:169689793:A:G","rs2293607","rs79709647",850,0.272534997503228,0.000398030434123966,""
"iterative","TERC",250,"dosage","P-derived","3:169620300:G:A","3:169689793:A:G","rs16854538","rs79709647",850,0.271556283861709,0.00398774952189737,""
"iterative","TERC",250,"dosage","allele-frequency model","3:169257711:G:C","3:169480204:A:G","rs75041760","rs12630450",850,0.842938320513257,0.000955803177679145,""
"iterative","TERC",250,"dosage","allele-frequency model","3:169302171:G:A","3:169480204:A:G","rs143373116","rs12630450",850,0.862012098960581,0.000623130317871191,""
"iterative","TERC",250,"dosage","allele-frequency model","3:169358142:A:T","3:169480204:A:G","rs9835323","rs12630450",850,0.862628474546642,0.000771930848449037,""
"iterative","TERC",250,"dosage","allele-frequency model","3:169482335:T:C","3:169480204:A:G","rs2293607","rs12630450",850,0.0340312964709108,0.960579766187908,""
"iterative","TERC",250,"dosage","allele-frequency model","3:169620300:G:A","3:169480204:A:G","rs16854538","rs12630450",850,0.862040544608023,0.00145326954672436,""
"iterative","TERC",250,"dosage","allele-frequency model","3:169257711:G:C","3:169689793:A:G","rs75041760","rs79709647",850,0.266098732910555,0.0013901805508535,""
"iterative","TERC",250,"dosage","allele-frequency model","3:169302171:G:A","3:169689793:A:G","rs143373116","rs79709647",850,0.271741219514679,0.0024479304541311,""
"iterative","TERC",250,"dosage","allele-frequency model","3:169358142:A:T","3:169689793:A:G","rs9835323","rs79709647",850,0.27082000873931,0.00668794748057307,""
"iterative","TERC",250,"dosage","allele-frequency model","3:169482335:T:C","3:169689793:A:G","rs2293607","rs79709647",850,0.272534997503228,0.000398030434123966,""
"iterative","TERC",250,"dosage","allele-frequency model","3:169620300:G:A","3:169689793:A:G","rs16854538","rs79709647",850,0.271556283861709,0.00398774952189737,""
"iterative","TERT",100,"haplotype","P-derived","5:1277577:G:A","5:1279790:C:T","rs33961405","rs10069690",485,0.284643745909637,0.0090262467881503,""
"iterative","TERT",100,"haplotype","P-derived","5:1285974:C:A","5:1279790:C:T","rs7705526","rs10069690",485,0.283033229406792,0.0146331846916139,""
"iterative","TERT",100,"haplotype","P-derived","5:1287340:A:G","5:1279790:C:T","rs2736099","rs10069690",485,0.287102271623856,0.000467006468762678,""
"iterative","TERT",100,"haplotype","P-derived","5:1294166:C:T","5:1279790:C:T","rs61748181","rs10069690",485,0.2864699012561,0.00266857402532934,""
"iterative","TERT",100,"haplotype","P-derived","5:1363953:T:G","5:1279790:C:T","rs62329729","rs10069690",485,0.2868302367371,0.00141408307378062,""
"iterative","TERT",100,"haplotype","allele-frequency model","5:1277577:G:A","5:1279790:C:T","rs33961405","rs10069690",485,0.284643745909637,0.0090262467881503,""
"iterative","TERT",100,"haplotype","allele-frequency model","5:1285974:C:A","5:1279790:C:T","rs7705526","rs10069690",485,0.283033229406792,0.0146331846916139,""
"iterative","TERT",100,"haplotype","allele-frequency model","5:1287340:A:G","5:1279790:C:T","rs2736099","rs10069690",485,0.287102271623856,0.000467006468762678,""
"iterative","TERT",100,"haplotype","allele-frequency model","5:1294166:C:T","5:1279790:C:T","rs61748181","rs10069690",485,0.2864699012561,0.00266857402532934,""
"iterative","TERT",100,"haplotype","allele-frequency model","5:1363953:T:G","5:1279790:C:T","rs62329729","rs10069690",485,0.2868302367371,0.00141408307378062,""
"iterative","TERT",100,"dosage","P-derived","5:1285974:C:A","5:1279790:C:T","rs7705526","rs10069690",485,0.283033229406792,0.0146331846916139,""
"iterative","TERT",100,"dosage","P-derived","5:1287340:A:G","5:1279790:C:T","rs2736099","rs10069690",485,0.287102229431814,0.000467153358376469,""
"iterative","TERT",100,"dosage","P-derived","5:1287505:T:C","5:1279790:C:T","rs7710703","rs10069690",485,0.286330010312425,0.0031555977356414,""
"iterative","TERT",100,"dosage","P-derived","5:1294166:C:T","5:1279790:C:T","rs61748181","rs10069690",485,0.286454267279783,0.00272300297537904,""
"iterative","TERT",100,"dosage","P-derived","5:1325524:G:A","5:1279790:C:T","rs62329694","rs10069690",485,0.287028072100306,0.00072532860419653,""
"iterative","TERT",100,"dosage","allele-frequency model","5:1285974:C:A","5:1279790:C:T","rs7705526","rs10069690",485,0.283033229406792,0.0146331846916139,""
"iterative","TERT",100,"dosage","allele-frequency model","5:1287340:A:G","5:1279790:C:T","rs2736099","rs10069690",485,0.287102229431814,0.000467153358376469,""
"iterative","TERT",100,"dosage","allele-frequency model","5:1287505:T:C","5:1279790:C:T","rs7710703","rs10069690",485,0.286330010312425,0.0031555977356414,""
"iterative","TERT",100,"dosage","allele-frequency model","5:1294166:C:T","5:1279790:C:T","rs61748181","rs10069690",485,0.286454267279783,0.00272300297537904,""
"iterative","TERT",100,"dosage","allele-frequency model","5:1325524:G:A","5:1279790:C:T","rs62329694","rs10069690",485,0.287028072100306,0.00072532860419653,""
"iterative","TERT",250,"haplotype","P-derived","5:1277577:G:A","5:1279790:C:T","rs33961405","rs10069690",1286,0.286901645308469,0.00898990449398799,""
"iterative","TERT",250,"haplotype","P-derived","5:1285974:C:A","5:1279790:C:T","rs7705526","rs10069690",1286,0.285281174393137,0.0145873044702269,""
"iterative","TERT",250,"haplotype","P-derived","5:1287340:A:G","5:1279790:C:T","rs2736099","rs10069690",1286,0.289369490809873,0.000465521254286847,""
"iterative","TERT",250,"haplotype","P-derived","5:1294166:C:T","5:1279790:C:T","rs61748181","rs10069690",1286,0.288734149262692,0.0026601056948499,""
"iterative","TERT",250,"haplotype","P-derived","5:1363953:T:G","5:1279790:C:T","rs62329729","rs10069690",1286,0.289096178847197,0.00140959013100635,""
"iterative","TERT",250,"haplotype","allele-frequency model","5:1277577:G:A","5:1279790:C:T","rs33961405","rs10069690",1286,0.286901645308469,0.00898990449398799,""
"iterative","TERT",250,"haplotype","allele-frequency model","5:1285974:C:A","5:1279790:C:T","rs7705526","rs10069690",1286,0.285281174393137,0.0145873044702269,""
"iterative","TERT",250,"haplotype","allele-frequency model","5:1287340:A:G","5:1279790:C:T","rs2736099","rs10069690",1286,0.289369490809873,0.000465521254286847,""
"iterative","TERT",250,"haplotype","allele-frequency model","5:1294166:C:T","5:1279790:C:T","rs61748181","rs10069690",1286,0.288734149262692,0.0026601056948499,""
"iterative","TERT",250,"haplotype","allele-frequency model","5:1363953:T:G","5:1279790:C:T","rs62329729","rs10069690",1286,0.289096178847197,0.00140959013100635,""
"iterative","TERT",250,"dosage","P-derived","5:1285974:C:A","5:1279790:C:T","rs7705526","rs10069690",1286,0.285281174393137,0.0145873044702269,""
"iterative","TERT",250,"dosage","P-derived","5:1287340:A:G","5:1279790:C:T","rs2736099","rs10069690",1286,0.289369448419886,0.000465667676967186,""
"iterative","TERT",250,"dosage","P-derived","5:1287505:T:C","5:1279790:C:T","rs7710703","rs10069690",1286,0.28859359989217,0.00314558860209881,""
"iterative","TERT",250,"dosage","P-derived","5:1294166:C:T","5:1279790:C:T","rs61748181","rs10069690",1286,0.288718441683352,0.00271436251071863,""
"iterative","TERT",250,"dosage","P-derived","5:1325524:G:A","5:1279790:C:T","rs62329694","rs10069690",1286,0.289294943117751,0.000723022445529366,""
"iterative","TERT",250,"dosage","allele-frequency model","5:1285974:C:A","5:1279790:C:T","rs7705526","rs10069690",1286,0.285281174393137,0.0145873044702269,""
"iterative","TERT",250,"dosage","allele-frequency model","5:1287340:A:G","5:1279790:C:T","rs2736099","rs10069690",1286,0.289369448419886,0.000465667676967186,""
"iterative","TERT",250,"dosage","allele-frequency model","5:1287505:T:C","5:1279790:C:T","rs7710703","rs10069690",1286,0.28859359989217,0.00314558860209881,""
"iterative","TERT",250,"dosage","allele-frequency model","5:1294166:C:T","5:1279790:C:T","rs61748181","rs10069690",1286,0.288718441683352,0.00271436251071863,""
"iterative","TERT",250,"dosage","allele-frequency model","5:1325524:G:A","5:1279790:C:T","rs62329694","rs10069690",1286,0.289294943117751,0.000723022445529366,""
"allbutone","TERC",100,"haplotype","P-derived","3:169417755:A:C","3:169480204:A:G","rs12054436","rs12630450",257,0.841876933371014,0.000921358910887996,""
"allbutone","TERC",100,"haplotype","P-derived","3:169482335:T:C","3:169480204:A:G","rs2293607","rs12630450",257,0.0324995044780091,0.962105038094733,""
"allbutone","TERC",100,"haplotype","P-derived","3:169581674:A:T","3:169480204:A:G","rs1920117","rs12630450",257,0.848791230659032,0.00990796732783519,""
"allbutone","TERC",100,"haplotype","allele-frequency model","3:169417755:A:C","3:169480204:A:G","rs12054436","rs12630450",257,0.841876933371014,0.000921358910887996,""
"allbutone","TERC",100,"haplotype","allele-frequency model","3:169482335:T:C","3:169480204:A:G","rs2293607","rs12630450",257,0.0324995044780091,0.962105038094733,""
"allbutone","TERC",100,"haplotype","allele-frequency model","3:169581674:A:T","3:169480204:A:G","rs1920117","rs12630450",257,0.848791230659032,0.00990796732783519,""
"allbutone","TERC",100,"dosage","P-derived","3:169417755:A:C","3:169480204:A:G","rs12054436","rs12630450",257,0.854832425433398,0.0032511961065373,""
"allbutone","TERC",100,"dosage","P-derived","3:169482335:T:C","3:169480204:A:G","rs2293607","rs12630450",257,0.0324968065754095,0.96210818389397,""
"allbutone","TERC",100,"dosage","P-derived","3:169554781:A:G","3:169480204:A:G","rs28688695","rs12630450",257,0.670397830770797,0.0010239883316565,""
"allbutone","TERC",100,"dosage","P-derived","3:169581674:A:T","3:169480204:A:G","rs1920117","rs12630450",257,0.820170045460727,0.00976620905626443,""
"allbutone","TERC",100,"dosage","allele-frequency model","3:169417755:A:C","3:169480204:A:G","rs12054436","rs12630450",257,0.854832425433398,0.0032511961065373,""
"allbutone","TERC",100,"dosage","allele-frequency model","3:169482335:T:C","3:169480204:A:G","rs2293607","rs12630450",257,0.0324968065754095,0.96210818389397,""
"allbutone","TERC",100,"dosage","allele-frequency model","3:169554781:A:G","3:169480204:A:G","rs28688695","rs12630450",257,0.670397830770797,0.0010239883316565,""
"allbutone","TERC",100,"dosage","allele-frequency model","3:169581674:A:T","3:169480204:A:G","rs1920117","rs12630450",257,0.820170045460727,0.00976620905626443,""
"allbutone","TERC",250,"haplotype","P-derived","3:169358142:A:T","3:169238015:T:C","rs9835323","rs1997280",850,0.258561614986878,0.00414729146480776,""
"allbutone","TERC",250,"haplotype","P-derived","3:169482335:T:C","3:169238015:T:C","rs2293607","rs1997280",850,0.259576232346445,0.000405091769096236,""
"allbutone","TERC",250,"haplotype","P-derived","3:169581674:A:T","3:169238015:T:C","rs1920117","rs1997280",850,0.223691185205776,0.00108906931221676,""
"allbutone","TERC",250,"haplotype","P-derived","3:169620300:G:A","3:169238015:T:C","rs16854538","rs1997280",850,0.258777186832574,0.00348198787373497,""
"allbutone","TERC",250,"haplotype","P-derived","3:169655095:C:T","3:169238015:T:C","rs2111820","rs1997280",850,0.253304100125838,0.00145904838856281,""
"allbutone","TERC",250,"haplotype","P-derived","3:169358142:A:T","3:169480204:A:G","rs9835323","rs12630450",850,0.930577444947546,5.28459618717556e-05,""
"allbutone","TERC",250,"haplotype","P-derived","3:169482335:T:C","3:169480204:A:G","rs2293607","rs12630450",850,0.0194226094595442,0.979132993185927,""
"allbutone","TERC",250,"haplotype","P-derived","3:169581674:A:T","3:169480204:A:G","rs1920117","rs12630450",850,0.753893266581025,0.0607499458521755,""
"allbutone","TERC",250,"haplotype","P-derived","3:169620300:G:A","3:169480204:A:G","rs16854538","rs12630450",850,0.928883598775455,0.00203817216173359,""
"allbutone","TERC",250,"haplotype","P-derived","3:169655095:C:T","3:169480204:A:G","rs2111820","rs12630450",850,0.909139724061533,0.000120268755474358,""
"allbutone","TERC",250,"haplotype","allele-frequency model","3:169358142:A:T","3:169238015:T:C","rs9835323","rs1997280",850,0.258561614986878,0.00414729146480776,""
"allbutone","TERC",250,"haplotype","allele-frequency model","3:169482335:T:C","3:169238015:T:C","rs2293607","rs1997280",850,0.259576232346445,0.000405091769096236,""
"allbutone","TERC",250,"haplotype","allele-frequency model","3:169581674:A:T","3:169238015:T:C","rs1920117","rs1997280",850,0.223691185205776,0.00108906931221676,""
"allbutone","TERC",250,"haplotype","allele-frequency model","3:169620300:G:A","3:169238015:T:C","rs16854538","rs1997280",850,0.258777186832574,0.00348198787373497,""
"allbutone","TERC",250,"haplotype","allele-frequency model","3:169655095:C:T","3:169238015:T:C","rs2111820","rs1997280",850,0.253304100125838,0.00145904838856281,""
"allbutone","TERC",250,"haplotype","allele-frequency model","3:169358142:A:T","3:169480204:A:G","rs9835323","rs12630450",850,0.930577444947546,5.28459618717556e-05,""
"allbutone","TERC",250,"haplotype","allele-frequency model","3:169482335:T:C","3:169480204:A:G","rs2293607","rs12630450",850,0.0194226094595442,0.979132993185927,""
"allbutone","TERC",250,"haplotype","allele-frequency model","3:169581674:A:T","3:169480204:A:G","rs1920117","rs12630450",850,0.753893266581025,0.0607499458521755,""
"allbutone","TERC",250,"haplotype","allele-frequency model","3:169620300:G:A","3:169480204:A:G","rs16854538","rs12630450",850,0.928883598775455,0.00203817216173359,""
"allbutone","TERC",250,"haplotype","allele-frequency model","3:169655095:C:T","3:169480204:A:G","rs2111820","rs12630450",850,0.909139724061533,0.000120268755474358,""
"allbutone","TERC",250,"dosage","P-derived","3:169257711:G:C","3:169480204:A:G","rs75041760","rs12630450",850,0.972477930767995,0.000106061356654758,""
"allbutone","TERC",250,"dosage","P-derived","3:169302171:G:A","3:169480204:A:G","rs143373116","rs12630450",850,0.995035512287139,1.62240641646106e-05,""
"allbutone","TERC",250,"dosage","P-derived","3:169358142:A:T","3:169480204:A:G","rs9835323","rs12630450",850,0.995114210048927,2.5170896044181e-06,""
"allbutone","TERC",250,"dosage","P-derived","3:169482335:T:C","3:169480204:A:G","rs2293607","rs12630450",850,0.0300698037805274,0.969782636215516,""
"allbutone","TERC",250,"dosage","P-derived","3:169620300:G:A","3:169480204:A:G","rs16854538","rs12630450",850,0.995014492225873,0.000102724137391724,""
"allbutone","TERC",250,"dosage","P-derived","3:169257711:G:C","3:169689793:A:G","rs75041760","rs79709647",850,0.266098732910555,0.0013901805508535,""
"allbutone","TERC",250,"dosage","P-derived","3:169302171:G:A","3:169689793:A:G","rs143373116","rs79709647",850,0.271705660805367,0.00337470840465946,""
"allbutone","TERC",250,"dosage","P-derived","3:169358142:A:T","3:169689793:A:G","rs9835323","rs79709647",850,0.270171187933269,0.00906799474506162,""
"allbutone","TERC",250,"dosage","P-derived","3:169482335:T:C","3:169689793:A:G","rs2293607","rs79709647",850,0.272534998377369,0.000398027227958033,""
"allbutone","TERC",250,"dosage","P-derived","3:169620300:G:A","3:169689793:A:G","rs16854538","rs79709647",850,0.271564225391939,0.00395862152159585,""
"allbutone","TERC",250,"dosage","allele-frequency model","3:169257711:G:C","3:169480204:A:G","rs75041760","rs12630450",850,0.972477930767995,0.000106061356654758,""
"allbutone","TERC",250,"dosage","allele-frequency model","3:169302171:G:A","3:169480204:A:G","rs143373116","rs12630450",850,0.995035512287139,1.62240641646106e-05,""
"allbutone","TERC",250,"dosage","allele-frequency model","3:169358142:A:T","3:169480204:A:G","rs9835323","rs12630450",850,0.995114210048927,2.5170896044181e-06,""
"allbutone","TERC",250,"dosage","allele-frequency model","3:169482335:T:C","3:169480204:A:G","rs2293607","rs12630450",850,0.0300698037805274,0.969782636215516,""
"allbutone","TERC",250,"dosage","allele-frequency model","3:169620300:G:A","3:169480204:A:G","rs16854538","rs12630450",850,0.995014492225873,0.000102724137391724,""
"allbutone","TERC",250,"dosage","allele-frequency model","3:169257711:G:C","3:169689793:A:G","rs75041760","rs79709647",850,0.266098732910555,0.0013901805508535,""
"allbutone","TERC",250,"dosage","allele-frequency model","3:169302171:G:A","3:169689793:A:G","rs143373116","rs79709647",850,0.271705660805367,0.00337470840465946,""
"allbutone","TERC",250,"dosage","allele-frequency model","3:169358142:A:T","3:169689793:A:G","rs9835323","rs79709647",850,0.270171187933269,0.00906799474506162,""
"allbutone","TERC",250,"dosage","allele-frequency model","3:169482335:T:C","3:169689793:A:G","rs2293607","rs79709647",850,0.272534998377369,0.000398027227958033,""
"allbutone","TERC",250,"dosage","allele-frequency model","3:169620300:G:A","3:169689793:A:G","rs16854538","rs79709647",850,0.271564225391939,0.00395862152159585,""
"allbutone","TERT",100,"haplotype","P-derived","5:1277577:G:A","5:1279790:C:T","rs33961405","rs10069690",485,0.287028071885664,0.000725329351455792,""
"allbutone","TERT",100,"haplotype","P-derived","5:1285974:C:A","5:1279790:C:T","rs7705526","rs10069690",485,0.2830332294068,0.0146331846916135,""
"allbutone","TERT",100,"haplotype","P-derived","5:1287340:A:G","5:1279790:C:T","rs2736099","rs10069690",485,0.287028072100543,0.000725328603364552,""
"allbutone","TERT",100,"haplotype","P-derived","5:1294166:C:T","5:1279790:C:T","rs61748181","rs10069690",485,0.2864699012561,0.00266857402532934,""
"allbutone","TERT",100,"haplotype","P-derived","5:1363953:T:G","5:1279790:C:T","rs62329729","rs10069690",485,0.287028072100306,0.00072532860419653,""
"allbutone","TERT",100,"haplotype","allele-frequency model","5:1277577:G:A","5:1279790:C:T","rs33961405","rs10069690",485,0.287028071885664,0.000725329351455792,""
"allbutone","TERT",100,"haplotype","allele-frequency model","5:1285974:C:A","5:1279790:C:T","rs7705526","rs10069690",485,0.2830332294068,0.0146331846916135,""
"allbutone","TERT",100,"haplotype","allele-frequency model","5:1287340:A:G","5:1279790:C:T","rs2736099","rs10069690",485,0.287028072100543,0.000725328603364552,""
"allbutone","TERT",100,"haplotype","allele-frequency model","5:1294166:C:T","5:1279790:C:T","rs61748181","rs10069690",485,0.2864699012561,0.00266857402532934,""
"allbutone","TERT",100,"haplotype","allele-frequency model","5:1363953:T:G","5:1279790:C:T","rs62329729","rs10069690",485,0.287028072100306,0.00072532860419653,""
"allbutone","TERT",100,"dosage","P-derived","5:1285974:C:A","5:1279790:C:T","rs7705526","rs10069690",485,0.283033229406808,0.0146331846916139,""
"allbutone","TERT",100,"dosage","P-derived","5:1287340:A:G","5:1279790:C:T","rs2736099","rs10069690",485,0.287121263322011,0.00040088776896405,""
"allbutone","TERT",100,"dosage","P-derived","5:1287505:T:C","5:1279790:C:T","rs7710703","rs10069690",485,0.283024704900713,0.0146628623568229,""
"allbutone","TERT",100,"dosage","P-derived","5:1294166:C:T","5:1279790:C:T","rs61748181","rs10069690",485,0.28646991525657,0.00266852528360652,""
"allbutone","TERT",100,"dosage","P-derived","5:1325524:G:A","5:1279790:C:T","rs62329694","rs10069690",485,0.287028072100306,0.00072532860419653,""
"allbutone","TERT",100,"dosage","allele-frequency model","5:1285974:C:A","5:1279790:C:T","rs7705526","rs10069690",485,0.283033229406808,0.0146331846916139,""
"allbutone","TERT",100,"dosage","allele-frequency model","5:1287340:A:G","5:1279790:C:T","rs2736099","rs10069690",485,0.287121263322011,0.00040088776896405,""
"allbutone","TERT",100,"dosage","allele-frequency model","5:1287505:T:C","5:1279790:C:T","rs7710703","rs10069690",485,0.283024704900713,0.0146628623568229,""
"allbutone","TERT",100,"dosage","allele-frequency model","5:1294166:C:T","5:1279790:C:T","rs61748181","rs10069690",485,0.28646991525657,0.00266852528360652,""
"allbutone","TERT",100,"dosage","allele-frequency model","5:1325524:G:A","5:1279790:C:T","rs62329694","rs10069690",485,0.287028072100306,0.00072532860419653,""
"allbutone","TERT",250,"haplotype","P-derived","5:1277577:G:A","5:1279790:C:T","rs33961405","rs10069690",1286,0.289294942902095,0.000723023190414457,""
"allbutone","TERT",250,"haplotype","P-derived","5:1285974:C:A","5:1279790:C:T","rs7705526","rs10069690",1286,0.285281174393162,0.0145873044702269,""
"allbutone","TERT",250,"haplotype","P-derived","5:1287340:A:G","5:1279790:C:T","rs2736099","rs10069690",1286,0.289294943117985,0.00072302244469971,""
"allbutone","TERT",250,"haplotype","P-derived","5:1294166:C:T","5:1279790:C:T","rs61748181","rs10069690",1286,0.288734149262692,0.0026601056948499,""
"allbutone","TERT",250,"haplotype","P-derived","5:1363953:T:G","5:1279790:C:T","rs62329729","rs10069690",1286,0.289294943117747,0.000723022445529366,""
"allbutone","TERT",250,"haplotype","allele-frequency model","5:1277577:G:A","5:1279790:C:T","rs33961405","rs10069690",1286,0.289294942902095,0.000723023190414457,""
"allbutone","TERT",250,"haplotype","allele-frequency model","5:1285974:C:A","5:1279790:C:T","rs7705526","rs10069690",1286,0.285281174393162,0.0145873044702269,""
"allbutone","TERT",250,"haplotype","allele-frequency model","5:1287340:A:G","5:1279790:C:T","rs2736099","rs10069690",1286,0.289294943117985,0.00072302244469971,""
"allbutone","TERT",250,"haplotype","allele-frequency model","5:1294166:C:T","5:1279790:C:T","rs61748181","rs10069690",1286,0.288734149262692,0.0026601056948499,""
"allbutone","TERT",250,"haplotype","allele-frequency model","5:1363953:T:G","5:1279790:C:T","rs62329729","rs10069690",1286,0.289294943117747,0.000723022445529366,""
"allbutone","TERT",250,"dosage","P-derived","5:1285974:C:A","5:1279790:C:T","rs7705526","rs10069690",1286,0.28528117439317,0.0145873044702269,""
"allbutone","TERT",250,"dosage","P-derived","5:1287340:A:G","5:1279790:C:T","rs2736099","rs10069690",1286,0.28938857160363,0.00039961274684345,""
"allbutone","TERT",250,"dosage","P-derived","5:1287505:T:C","5:1279790:C:T","rs7710703","rs10069690",1286,0.285272609121391,0.0146168904657316,""
"allbutone","TERT",250,"dosage","P-derived","5:1294166:C:T","5:1279790:C:T","rs61748181","rs10069690",1286,0.288734163290354,0.00266005724104508,""
"allbutone","TERT",250,"dosage","P-derived","5:1325524:G:A","5:1279790:C:T","rs62329694","rs10069690",1286,0.289294943117751,0.000723022445529366,""
"allbutone","TERT",250,"dosage","allele-frequency model","5:1285974:C:A","5:1279790:C:T","rs7705526","rs10069690",1286,0.28528117439317,0.0145873044702269,""
"allbutone","TERT",250,"dosage","allele-frequency model","5:1287340:A:G","5:1279790:C:T","rs2736099","rs10069690",1286,0.28938857160363,0.00039961274684345,""
"allbutone","TERT",250,"dosage","allele-frequency model","5:1287505:T:C","5:1279790:C:T","rs7710703","rs10069690",1286,0.285272609121391,0.0146168904657316,""
"allbutone","TERT",250,"dosage","allele-frequency model","5:1294166:C:T","5:1279790:C:T","rs61748181","rs10069690",1286,0.288734163290354,0.00266005724104508,""
"allbutone","TERT",250,"dosage","allele-frequency model","5:1325524:G:A","5:1279790:C:T","rs62329694","rs10069690",1286,0.289294943117751,0.000723022445529366,""
