locus,trait,window_kb,haplotype_ncs,haplotype_lowz,haplotype_s,haplotype_lead,haplotype_max,dosage_ncs,dosage_lowz,dosage_s,dosage_lead,dosage_max,verdict,L20_ncs,L20_max
TERC,SBP,100,4,0,0.0228041074462493,0.899796848179187,0.899796848179187,6,0,0.0232175303185659,0.233505685487118,0.233505685487118,unstable,,
TERC,SBP,250,3,0,0.0251107353256315,0.991260378878659,0.991260378878659,9,2,0.0411986916259814,0.993208170359262,0.993208170359262,unstable,,
TERC,DBP,100,4,0,0.0228041074462493,0.973345994269319,0.973345994269319,6,0,0.0232175303185659,0.980029329853418,0.999959431391828,stable,,
TERC,DBP,250,3,0,0.0250672348045603,1.44046537319096e-07,4.7197252842512e-06,9,2,0.0411490930665964,0.984694790843179,0.984694790843179,unstable,,
TERC,HYPERTENSION,100,4,0,0.0228041074462493,0.970857619701823,0.970857619701823,6,0,0.0232175303185659,0.970954460499743,0.970954460499743,stable,,
TERC,HYPERTENSION,250,3,0,0.025307176356913,0.975689170667809,0.975689170667809,8,2,0.0413659408140649,0.988093034682394,0.988093034682394,unstable,,
TERC,FG_HYPERTENSION,100,7,0,0.0360438220892539,0.948187101063292,0.948187101063292,9,1,0.0647536531120718,0.949789101049091,0.949789101049091,unstable,,
TERC,FG_HYPERTENSION,250,7,0,0.0776077143264337,0.0025503250635,0.0025503250635,9,3,0.155092975955191,0.0051811309812168,0.998969899790818,unstable,,
TERT,SBP,100,10,0,0.106252264416169,0.0354239013485392,0.171991693205072,10,0,0.183445866175628,0.025227439186843,0.058656019270863,unstable,19.0,0.9808875019066
TERT,SBP,250,10,0,0.132410583514463,0.0392728602537046,0.16277891093976,10,1,0.243843042052196,0.0425926077161962,0.0649746916466272,unstable,19.0,0.143342204507221
TERT,DBP,100,10,0,0.106252264416169,0.006536410718375,0.644907008647621,10,0,0.183445866175628,0.0042095390747657,0.521359260055621,unstable,19.0,0.732491132559838
TERT,DBP,250,10,0,0.132167762298579,0.0038612534594515,0.380845855143809,10,1,0.243614027370621,0.0006310076642196,0.147425268130124,unstable,19.0,0.44234525506123
TERT,HYPERTENSION,100,10,0,0.107023897414764,,,10,0,0.18353042894154,,,no BP credible set,19.0,
TERT,HYPERTENSION,250,10,0,0.133051640672587,,,10,1,0.243404374683002,,,no BP credible set,19.0,
TERT,FG_HYPERTENSION,100,10,0,0.133584944074664,0.81971624438471,0.81971624438471,10,1,0.277392067454327,0.845372559598311,0.845372559598311,unstable,20.0,0.781156269220834
TERT,FG_HYPERTENSION,250,9,0,0.247496076052259,0.849190528549309,0.849190528549309,10,0,0.438303184183266,0.857246886532421,0.857246886532421,unstable,19.0,0.814563346808138
