"locus","window_kb","pair","trait","n_variants","N","s_estimate","kriging_flagged","n_credible_sets","converged"
"TERC",100,"SBP","LTL",257,464716,0.0228041074506963,0,4,TRUE
"TERC",100,"SBP","SBP",257,425740,0.00754036675831112,0,1,TRUE
"TERC",100,"DBP","LTL",257,464716,0.0228041074506963,0,4,TRUE
"TERC",100,"DBP","DBP",257,425743,0.0050176380183381,0,2,TRUE
"TERC",100,"HYPERTENSION","LTL",257,464716,0.0228041074506963,0,4,TRUE
"TERC",100,"HYPERTENSION","HYPERTENSION",257,318397.62,0.00618415985117943,0,1,TRUE
"TERC",100,"FG_HYPERTENSION","LTL",503,464716,0.0360438220821203,2,7,TRUE
"TERC",100,"FG_HYPERTENSION","FG_HYPERTENSION",503,500264,0.00352847962844517,0,1,TRUE
"TERC",250,"SBP","LTL",861,464716,0.0251107353274877,0,3,TRUE
"TERC",250,"SBP","SBP",861,425740,0.0102781160592258,0,2,TRUE
"TERC",250,"DBP","LTL",862,464716,0.0250672348119365,0,3,TRUE
"TERC",250,"DBP","DBP",862,425743,0.00912702344255502,0,1,TRUE
"TERC",250,"HYPERTENSION","LTL",850,464716,0.0253071763235115,0,3,TRUE
"TERC",250,"HYPERTENSION","HYPERTENSION",850,318397.62,0.00677922213286335,0,1,TRUE
"TERC",250,"FG_HYPERTENSION","LTL",1509,464716,0.0776077142442507,2,7,TRUE
"TERC",250,"FG_HYPERTENSION","FG_HYPERTENSION",1509,500264,0.0168595055823418,0,1,TRUE
"TERT",100,"SBP","LTL",491,464716,0.106252257845848,0,10,TRUE
"TERT",100,"SBP","SBP",491,425740,0.0127288651387535,0,2,TRUE
"TERT",100,"DBP","LTL",491,464716,0.106252257845848,0,10,TRUE
"TERT",100,"DBP","DBP",491,425743,0.0156370810724907,0,1,TRUE
"TERT",100,"HYPERTENSION","LTL",485,464716,0.107023890865033,0,10,TRUE
"TERT",100,"HYPERTENSION","HYPERTENSION",485,318397.62,0.00890515488909024,0,0,TRUE
"TERT",100,"FG_HYPERTENSION","LTL",842,464716,0.133584930157695,0,10,TRUE
"TERT",100,"FG_HYPERTENSION","FG_HYPERTENSION",842,500264,0.0312785435085043,0,1,TRUE
"TERT",250,"SBP","LTL",1306,464716,0.132410590452571,0,10,TRUE
"TERT",250,"SBP","SBP",1306,425740,0.0187096370020411,0,2,TRUE
"TERT",250,"DBP","LTL",1308,464716,0.13216776923526,0,10,TRUE
"TERT",250,"DBP","DBP",1308,425743,0.0195222623759229,0,2,TRUE
"TERT",250,"HYPERTENSION","LTL",1286,464716,0.133051640672744,0,10,TRUE
"TERT",250,"HYPERTENSION","HYPERTENSION",1286,318397.62,0.0175861005145266,0,0,TRUE
"TERT",250,"FG_HYPERTENSION","LTL",2183,464716,0.247496066962351,2,9,TRUE
"TERT",250,"FG_HYPERTENSION","FG_HYPERTENSION",2183,500264,0.0882841109649166,1,1,TRUE
