code,alpha,k,se,mde
SBP->L_codd,0.05,316,0.0146820321711931,0.04124395381713736
SBP->L_codd,0.008333333333333333,316,0.0146820321711931,0.05133786390235148
SBP->L_nkSA,0.05,270,0.0402755554974615,0.11319216138327406
SBP->L_nkSA,0.008333333333333333,270,0.0402755554974615,0.14094563012450814
DBP->L_codd,0.05,273,0.0111881858937851,0.031442663191224525
DBP->L_codd,0.008333333333333333,273,0.0111881858937851,0.03915098220273006
DBP->L_nkSA,0.05,219,0.0418020617012754,0.11756942027863239
DBP->L_nkSA,0.008333333333333333,219,0.0418020617012754,0.14648155001406404
Hypertension->L_codd,0.05,183,0.0072741335311888,0.020474542282497024
Hypertension->L_codd,0.008333333333333333,183,0.0072741335311888,0.02552511666540705
Hypertension->L_nkSA,0.05,161,0.0283054525348887,0.07972295224693286
Hypertension->L_nkSA,0.008333333333333333,161,0.0283054525348887,0.09943931180779508
