code,trait,dataset,N_used,af_source,n_variants,implied_SD_median,implied_SD_IQR_low,implied_SD_IQR_high,interpretation
L_codd,LTL,Codd 2021 UK Biobank,464716,1000G EUR,394,0.9726251985654548,0.9552689001209689,1.0319555818679818,standardised (SD) scale
S_mvpEU,SBP,MVP European,425740,1000G EUR,278,1.2142397851590707,1.166106606675125,1.3549734328959029,standardised (SD) scale
D_mvpEU,DBP,MVP European,425743,1000G EUR,266,1.1844667850509543,1.1382874491022252,1.345151751752135,standardised (SD) scale
S_mvpAA,SBP,MVP African American,119331,1000G EUR,211,1.4144719913291757,1.0812549393422808,2.4907884391634916,standardised (SD) scale
D_mvpAA,DBP,MVP African American,119332,1000G EUR,218,1.5203495805122733,1.1335652641724696,2.6670673892286576,standardised (SD) scale
S_mvpHS,SBP,MVP Hispanic,57988,1000G EUR,213,1.0615567593701543,0.9782509403792177,1.2762650052030526,standardised (SD) scale
D_mvpHS,DBP,MVP Hispanic,57990,1000G EUR,218,1.1183287719047486,1.018076157790429,1.357211004196788,standardised (SD) scale
S_bbj,SBP,Biobank Japan,136597,1000G EUR,115,1.014004238833934,0.9136754548971042,1.2444280885132253,standardised (SD) scale
D_bbj,DBP,Biobank Japan,136615,1000G EUR,118,1.0273281881115377,0.9128059898231221,1.2236550493595233,standardised (SD) scale
S_gh,SBP,Genes & Health,18536,1000G SAS,140,1.0219992915643343,0.9570584666263874,1.2055394964124568,standardised (SD) scale
D_gh,DBP,Genes & Health,18536,1000G SAS,141,1.0146614002257768,0.9594731299065505,1.220038467546504,standardised (SD) scale
