"code","weights","method","b","se","lo","hi","p","k","note"
"S_mvpEU","Codd 2021","IVW (MRE, t) [reference]",0.183020184470631,0.0283867974858285,0.126791401942912,0.23924896699835,2.77648499709393e-09,116,""
"S_mvpEU","Codd 2021","Contamination mixture",0.22,NA,0.17,0.274,5.92488697996164e-08,116,"profile-likelihood CI (grid step 0.0005); psi = 0.6084 (package default: 1.5 x SD of ratio estimates)"
"S_mvpEU","Codd 2021","cML-MA-BIC-DP",0.163547726950753,0.0532528215600084,0.0591741146179982,0.267921339283507,0.00213231651844676,116,"n = 425740; 200 data perturbations, seed 314"
"S_mvpEU","Codd 2021","MR-RAPS (Huber loss, over-dispersion)",0.184042837382493,0.0324757863533731,0.12039146525819,0.247694209506795,1.45252629923931e-08,116,"tau2 = 0.000134; normal CI"
"S_mvpEU","Nakao 2026 EU (portal)","IVW (MRE, t)",0.165442163988739,0.0256810110702425,0.11457302359763,0.216311304379849,2.84689129905214e-09,116,"I2 86%"
"S_mvpEU","Nakao 2026 EU (portal)","Weighted median",0.222253008673421,0.0212320026905201,0.180639048080344,0.263866969266497,1.21393009680308e-25,116,""
"S_mvpEU","Nakao 2026 EU (portal)","MR-Egger (t)",0.214721735761339,0.0444987049225064,0.126570144039954,0.302873327482725,4.36843222151317e-06,116,"intercept -0.0019, P 0.179"
"D_mvpEU","Codd 2021","IVW (MRE, t) [reference]",0.0908540276265124,0.030138656472214,0.0311551496076107,0.150552905645414,0.00316724768457349,116,""
"D_mvpEU","Codd 2021","Contamination mixture",0.093,NA,0.038,0.148,0.000462933255691369,116,"profile-likelihood CI (grid step 0.0005); psi = 0.6919 (package default: 1.5 x SD of ratio estimates)"
"D_mvpEU","Codd 2021","cML-MA-BIC-DP",0.0958150212937067,0.0320929023207574,0.0329140885856603,0.158715954001753,0.00283067220258259,116,"n = 425743; 200 data perturbations, seed 314"
"D_mvpEU","Codd 2021","MR-RAPS (Huber loss, over-dispersion)",0.0996470355109844,0.0319943801440158,0.0369392022263987,0.16235486879557,0.00184246443586611,116,"tau2 = 0.000132; normal CI"
"D_mvpEU","Nakao 2026 EU (portal)","IVW (MRE, t)",0.0810389121506473,0.0272908713745307,0.0269809483286801,0.135096875972614,0.00363180311885631,116,"I2 88%"
"D_mvpEU","Nakao 2026 EU (portal)","Weighted median",0.0892705472978567,0.0215957301470336,0.0469436939898249,0.131597400605889,3.56949400030421e-05,116,""
"D_mvpEU","Nakao 2026 EU (portal)","MR-Egger (t)",0.117286523921521,0.0474829342368891,0.0232231969129491,0.211349850930092,0.0149893814323383,116,"intercept -0.0014, P 0.353"
"H_mvpEU","Codd 2021","IVW (MRE, t) [reference]",0.140719450431077,0.0539167951894909,0.0339206559275782,0.247518244934575,0.0102605667310931,116,""
"H_mvpEU","Codd 2021","Contamination mixture",0.2705,NA,0.2015,0.3485,9.58783029360761e-06,116,"profile-likelihood CI (grid step 0.0005); psi = 1.1649 (package default: 1.5 x SD of ratio estimates)"
"H_mvpEU","Codd 2021","cML-MA-BIC-DP",0.178053755857499,0.0516065388116186,0.0769067984199585,0.27920071329504,0.000560136174993888,116,"n = 318398; 200 data perturbations, seed 314"
"H_mvpEU","Codd 2021","MR-RAPS (Huber loss, over-dispersion)",0.14343974675048,0.0473454712999064,0.0506443274396306,0.23623516606133,0.00244845171704711,116,"tau2 = 0.00017; normal CI"
"H_mvpEU","Nakao 2026 EU (portal)","IVW (MRE, t)",0.128104294803995,0.0484385849579003,0.032156780438984,0.224051809169007,0.00931953264394676,116,"I2 80%"
"H_mvpEU","Nakao 2026 EU (portal)","Weighted median",0.174350011833964,0.041155663994249,0.093686392645404,0.255013631022524,2.27177289983426e-05,116,""
"H_mvpEU","Nakao 2026 EU (portal)","MR-Egger (t)",0.277148223993488,0.0811436966103214,0.116403185979151,0.437893262007824,0.000882799923924704,116,"intercept -0.0059, P 0.025"
"H_fg12","Codd 2021","IVW (MRE, t) [reference]",0.139419818286641,0.0444889929736128,0.0512956855083895,0.227543951064892,0.00218978615866438,116,""
"H_fg12","Codd 2021","Contamination mixture",0.227,NA,0.1415,0.2855,0.000237212005535208,116,"profile-likelihood CI (grid step 0.0005); psi = 1.0529 (package default: 1.5 x SD of ratio estimates)"
"H_fg12","Codd 2021","cML-MA-BIC-DP",0.179212351476914,0.0340006978492611,0.112572208243134,0.245852494710694,1.35798349612801e-07,116,"n = 464716; 200 data perturbations, seed 314"
"H_fg12","Codd 2021","MR-RAPS (Huber loss, over-dispersion)",0.141750244569831,0.0508610174597927,0.0420644813452653,0.241436007794396,0.00531965782080523,116,"tau2 = 0.000315; normal CI"
"H_fg12","Nakao 2026 EU (portal)","IVW (MRE, t)",0.126981674791161,0.0408391115919197,0.0460872545779021,0.20787609500442,0.00236411311262754,116,"I2 80%"
"H_fg12","Nakao 2026 EU (portal)","Weighted median",0.170592981549484,0.0342266633693055,0.103509954034668,0.237676009064299,6.2214505426616e-07,116,""
"H_fg12","Nakao 2026 EU (portal)","MR-Egger (t)",0.221497592000915,0.0701730393899177,0.0824853414439317,0.360509842557899,0.00204344008868129,116,"intercept -0.0036, P 0.102"
