code,trait,source,family,selection,varId,rsid,gene,bx,sx,sx_nAF,by,sy,p_exposure,p_outcome,steiger_z,terc_tert_region,palindromic,palindromic_ambiguous,panel_status,file,reason,direction,exposure,outcome,outcome_p_floor,outcome_p_one,formula_used,fallback_used
D_mvpEU,DBP,MVP European,sensitivity,Codd 2021 published MR instrument,3:169482335:T:C,rs2293607,TERC,0.0944803,0.00233425,0.00233425,0.009243,0.0028416085928489,0.0,0.001143,,True,False,False,not clumped (published set),forward_codd_published_D_mvpEU.csv,exposure P at 1e-300 floor,forward,,,,,none: exposure SE taken from the source summary statistics (only P is floored in the published table); listed for completeness,False
H_mvpEU,Hypertension,MVP European,sensitivity,Codd 2021 published MR instrument,3:169482335:T:C,rs2293607,TERC,0.0944803,0.00233425,0.00233425,0.029558802,0.0056197412062777,0.0,1.442e-07,,True,False,False,not clumped (published set),forward_codd_published_H_mvpEU.csv,exposure P at 1e-300 floor,forward,,,,,none: exposure SE taken from the source summary statistics (only P is floored in the published table); listed for completeness,False
S_mvpEU,SBP,MVP European,sensitivity,Codd 2021 published MR instrument,3:169482335:T:C,rs2293607,TERC,0.0944803,0.00233425,0.00233425,0.0332,0.0029135268736262,0.0,4.422e-30,,True,False,False,not clumped (published set),forward_codd_published_S_mvpEU.csv,exposure P at 1e-300 floor,forward,,,,,none: exposure SE taken from the source summary statistics (only P is floored in the published table); listed for completeness,False
S_mvpAA,SBP,MVP African American,secondary,selected_r2_0.1,2:54475507:C:T,rs62139200,TSPYL6,0.0449072,0.00286885,0.0032725619785444,-7.356e-06,0.0058692372927022,3.0999999999999996e-55,0.999,7.073761153541619,False,False,False,matched,forward_selected_r2_0.1_S_mvpAA.csv,outcome P >= 0.999,forward,,,,,SE = 1/sqrt(2 N f (1-f)) (standardised trait; N = GWAS N; f = 1000 Genomes EUR allele frequency),True
,,,,,7:2830498:C:T,rs7790322,,0.01536,0.002589592940352,,-1.199e-05,0.0020999388049939,,,4.280946471274936,,,,matched,reverse_DBP_L_codd.csv,outcome (LTL) P >= 0.999 or beta = 0,reverse,DBP,LTL (Codd 2021),False,True,SE = 1/sqrt(2 N f (1-f)) (standardised trait; N = GWAS N; f = 1000 Genomes EUR allele frequency),True
,,,,,11:10296756:A:G,rs2920152,,0.043743,0.006279274875024,,7.679e-06,0.0025390004324405,,,,,,,matched,reverse_Hypertension_L_codd.csv,outcome (LTL) P >= 0.999 or beta = 0,reverse,Hypertension,LTL (Codd 2021),False,True,SE = 1/sqrt(2 N f (1-f)) (standardised trait; N = GWAS N; f = 1000 Genomes EUR allele frequency),True
,,,,,11:10157776:A:G,rs67257108,,0.02692,0.0032511031170642,,1.272e-05,0.0025303564161506,,,5.978157388649297,,,,matched,reverse_SBP_L_codd.csv,outcome (LTL) P >= 0.999 or beta = 0,reverse,SBP,LTL (Codd 2021),False,True,SE = 1/sqrt(2 N f (1-f)) (standardised trait; N = GWAS N; f = 1000 Genomes EUR allele frequency),True
,,,,,3:169477506:A:G,rs12638862,,-0.03307,0.0028525744979717,,-0.086123,0.0023814340332449,,,-16.61984076755266,,,,matched,reverse_SBP_L_codd.csv,outcome (LTL) P at 1e-300 floor,reverse,SBP,LTL (Codd 2021),True,False,SE = 1/sqrt(2 N f (1-f)) (standardised trait; N = GWAS N; f = 1000 Genomes EUR allele frequency),True
,,,,,11:44041968:A:G,rs11037809,,-0.01755,0.0027589521379669,,1.233e-05,0.0023093796416118,,,4.5916012334214935,,,,matched,reverse_SBP_L_codd.csv,outcome (LTL) P >= 0.999 or beta = 0,reverse,SBP,LTL (Codd 2021),False,True,SE = 1/sqrt(2 N f (1-f)) (standardised trait; N = GWAS N; f = 1000 Genomes EUR allele frequency),True
,,,,,7:1947342:G:A,rs34302027,,0.02045,0.0026539376865483,,-1.136e-05,0.0021611850332254,,,5.562832304775006,,,,matched,reverse_SBP_L_codd.csv,outcome (LTL) P >= 0.999 or beta = 0,reverse,SBP,LTL (Codd 2021),False,True,SE = 1/sqrt(2 N f (1-f)) (standardised trait; N = GWAS N; f = 1000 Genomes EUR allele frequency),True
