key,year,volume,issue,pages
popejoy,2016,538,7624,161-164
huang,2022,13,1,4664
demissie,2006,5,4,325-330
yang,2009,53,4,639-645
tellechea,2017,31,2,99-105
vasan,2008,117,9,1138-1144
martens,2022,5,8,e2225521
nakao26,2026,58,4,831-840
perez,2006,114,4,309-317
beyer,2016,118,5,856-866
semen,2026,83,2,e25510
codd10,2010,42,3,197-199
codd13,2013,45,4,"422-7, 427e1-2"
codd21,2021,53,10,1425-1433
taub,2022,2,1,S2666-979X(21)00105-1
snet,2018,5,,41
sethi,2020,10,1,6444
saxena,2014,7,3,287-295
cheng,2020,17,14,2180-2186
kuo,2019,18,6,e13017
chen23,2023,22,7,e13874
haycock,2017,3,5,636-651
kg,2015,526,7571,68-74
costanzo,2023,35,4,695-710.e6
verma,2024,385,6706,eadj1182
kurki,2023,613,7944,508-518
kanai,2018,50,3,390-400
keaton,2024,56,5,778-791
evangelou,2018,50,10,1412-1425
egger,2015,44,2,512-525
wm,2016,40,4,304-314
mode,2017,46,6,1985-1998
presso,2018,50,5,693-698
steiger,2017,13,11,e1007081
strobemr,2021,326,16,1614-1621
coloc,2014,10,5,e1004383
wakefield,2009,33,1,79-86
gtex,2020,369,6509,1318-1330
yavorska,2017,46,6,1734-1739
patel,2023,8,,449
wang,2020,82,5,1273-1300
zou,2022,18,7,e1010299
wallace,2021,17,9,e1009440
chang,2015,4,,7
bdt,2016,35,11,1880-1906
radial,2018,47,4,1264-1278
nakao22,2022,8,14,eabl6579
jaiswal,2017,377,2,111-121
mvmr,2015,181,4,251-260
condf,2021,40,25,5434-5452
pulit,2019,28,1,166-174
chen20,2020,182,5,1198-1213.e14
pierce,2013,178,7,1177-1184
