"exposure","rho","conditional_F","delta1","delta2","optim_convergence","n_variants"
"LTL",-0.3,28.6872524651833,1.26086916590311,-0.038198960231637,0,330
"BMI",-0.3,28.6872524651835,0.793103479286249,0.0302957620453142,0,330
"LYM",-0.3,28.7196986348714,-5129.43787545692,6331.89879606918,0,330
"LTL",-0.2,31.0656841776335,1.29041146049124,-0.0374299438426285,0,330
"BMI",-0.2,31.065684177634,0.774947062705474,0.0290061719596998,0,330
"LYM",-0.2,31.0982787274482,-4633.03801296529,5886.5956752982,0,330
"LTL",-0.1,33.8641436892404,1.37828798813206,-0.0350041408989015,0,330
"BMI",-0.1,33.8641436892404,0.725538008959577,0.0253968530943616,0,330
"LYM",-0.1,33.8922836393888,-4210.02390236114,5795.44294169246,0,330
"LTL",0,34.1659688880875,-1.46428634486481,-0.100125236874711,0,330
"BMI",0,34.1659688880883,-0.682927219129828,-0.0683781893127076,0,330
"LYM",0,34.1659688880876,-9.9874927327322,-14.6245404294929,0,330
"LTL",0.1,30.4634916055845,-1.28397588820571,-0.181496242140974,0,330
"BMI",0.1,30.4634916055873,-0.778831650749236,-0.141354994225437,0,330
"LYM",0.1,30.4634916055845,-5.50975615477529,-7.07439354216893,0,330
"LTL",0.2,27.2376157433962,-1.23349941835558,-0.238199467656522,0,330
"BMI",0.2,27.2376157434009,-0.810701698635328,-0.193109069163289,0,330
"LYM",0.2,27.2376157433962,-4.19816238244005,-5.17843024997866,0,330
"LTL",0.3,24.5195814807763,-1.21031940614781,-0.279317027383526,0,330
"BMI",0.3,24.5195814807807,-0.82622930426007,-0.230779719773288,0,330
"LYM",0.3,24.5195814807758,-3.58016354616383,-4.33314027605454,0,330
